魚の名前,英名,保存した画像ファイル名,分類,解説,image2,image3
バリアブルジョーフィッシュ,Variable jawfish,variablejawfish1.jpg,アゴアマダイ科,"全長：10cm
生息：ガレ場に穴を掘って生活する。
分布：インドネシア、フィリピン、ミクロネシア
レア度：★★★★☆

人気：★★★★☆

撮り易さ：★★★☆☆",欠損,欠損
イエローヘッドジョーフィッシュ,Yelloehead jawfish,yelloeheadjawfish1.jpg,アゴアマダイ科,"全長：10cm
生息：ガレ場に穴を掘って生活する。
分布：カリブ海
レア度：★★★★☆

人気：★★★★☆

撮り易さ：★★★☆☆
口内で卵を守り付加させる。",yelloeheadjawfish3.jpg,yelloeheadjawfish4.jpg
イエローバードジョーフィッシュ,Yellowbarred jawfish,yellowbarredjawfish1.jpg,アゴアマダイ科,"全長：12cm
生息：海底に垂直の穴を掘って住んでいる
分布：インドネシア、フィリピンなど
レア度：★★★★☆

人気：★★★★☆

撮り易さ：★★★☆☆",yellowbarredjawfish5.jpg,yellowbarredjawfish2.jpg
アイゴ,Dusky rabbitfish,aigo1.jpg,アイゴ科,"全長：30cm
生息：沿岸の岩礁域
分布：下北半島以南の日本近海からグレートバリアリーフ
レア度：★☆☆☆☆
人気：★☆☆☆☆
撮り易さ：★★☆☆☆",aigo5.jpg,aigo3.jpg
ヒメアイゴ,Virgate rabbitfish,himeaigo5.jpg,アイゴ科,"全長：25cm
生息：0
-
12m
のサンゴ礁域
分布：紀伊半島以南、インドから西太平洋
レア度：★★★☆☆
人気：★★☆☆☆
撮り易さ：★★☆☆☆",himeaigo3.jpg,himeaigo4.jpg
ゴマアイゴ,Golden rabbitfish,gomaaigo2.jpg,アイゴ科,"全長：40cm
生息：河口汽水域や内湾に
分布：琉球列島、インドから西太平洋
レア度：★★★☆☆
人気：★★★☆☆
撮り易さ：★★☆☆☆",gomaaigo1.jpg,欠損
ハナアイゴ,Forktail rabbitfish,hanaaigo1.jpg,アイゴ科,"全長：25cm
生息：サンゴ礁域
分布：南日本からグレートバリアリーフ
レア度：★★☆☆☆
人気：★☆☆☆☆
撮り易さ：★★☆☆☆",欠損,欠損
ブチアイゴ,Gold-spotted rabbitfish,buchiaigo1.jpg,アイゴ科,"全長：25cm
生息：サンゴ礁域
分布：高知県以南、インドから西部太平洋
レア度：★★★☆☆
人気：★★★☆☆
撮り易さ：★★☆☆☆",欠損,欠損
サンゴアイゴ,Coral rabbitfish,sangoaigo2.jpg,アイゴ科,"全長：25cm
生息：0
-
18m
のサンゴ礁域
分布：琉球列島からグレートバリアリーフ
レア度：★★☆☆☆
人気：★★☆☆☆
撮り易さ：★★☆☆☆",sangoaigo4.jpg,sangoaigo3.jpg
ヒフキアイゴ,Onespot rabbitfish,hifukiaigo3.jpg,アイゴ科,"全長：25cm
生息：0
-
30m
のサンゴ礁域
分布：琉球列島、フィリピン、北西オーストラリア
レア度：★★★☆☆
人気：★★★☆☆
撮り易さ：★★☆☆☆",hifukiaigo6.jpg,hifukiaigo4.jpg
マジリアイゴ,Masked rabbitfish,majiriaigo3.jpg,アイゴ科,"全長：25cm
生息：3
-
12m
のサンゴ礁域
分布：琉球列島、南シナ海からバヌアツまで西太平洋
レア度：★★☆☆☆
人気：★★☆☆☆
撮り易さ：★★☆☆☆",majiriaigo4.jpg,majiriaigo1.jpg
シモフリアイゴ,Masked rabbitfish,shimofuriaigo1.jpg,アイゴ科,"全長：30cm
生息：サンゴ礁域、藻場
分布：高知県以南、インドから西部太平洋
レア度：★★★☆☆
人気：★★★☆☆
撮り易さ：★★☆☆☆",欠損,欠損
セダカハナアイゴ,-,sedakahanaaigo2.jpg,アイゴ科,"全長：35cm
生息：サンゴ礁域
分布：南日本、ニューカレドニアなど
レア度：★★★☆☆
人気：★☆☆☆☆
撮り易さ：★★☆☆☆",sedakahanaaigo3.jpg,sedakahanaaigo1.jpg
ジャワラビットフィッシュ,Java rabbitfish,javarabbitfish1.jpg,アイゴ科,"全長：50cm
生息：浅いサンゴ礁域大きな群れを作ることもある。
分布：インド洋から西部太平洋
レア度：★★★☆☆
人気：★★★☆☆
撮り易さ：★★☆☆☆",javarabbitfish2.jpg,欠損
ラインドラビットフィッシュ,Lined rabbitfish,linedrabbitfish1.jpg,アイゴ科,"全長：35cm
生息：浅いサンゴ礁域
分布：インド洋から西部太平洋
レア度：0
人気：★★★☆☆
撮り易さ：★★☆☆☆",欠損,欠損
フォックスフェイスラビットフィッシュ,Fox-face rabbitfish,foxfacerabbitfish1.jpg,アイゴ科,"全長：25cm
生息：浅いサンゴ礁域
分布：台湾からグレートバリアリーフ、ニューカレドニア
レア度：★★★★☆

人気：0
撮り易さ：★★☆☆☆",欠損,欠損
ブリ,Japanese amberjack,buri1.jpg,アジ科,"全長：120cm
生息：沖合中層域
分布：東シナ海からカムチャッカ半島
レア度：★★★☆☆
人気：★★★☆☆
撮り易さ：★★★★☆
",buri2.jpg,buri3.jpg
マアジ,Japanese jack mackerel,maaji3.jpg,アジ科,"全長：40cm
生息：沿岸、沖合の中底層
分布：北西太平洋の温帯域
レア度：★★★☆☆
人気：★★★☆☆
撮り易さ：★★★★☆
",maaji1.jpg,maaji2.jpg
メアジ,Big- eye scad,meaji1.jpg,アジ科,"全長：20cm
生息：沿岸から沖合にかけて群れで生息する
分布：津軽海峡以南、全世界の熱帯、亜熱帯海域
レア度：★★★☆☆
人気：★★☆☆☆
撮り易さ：★★☆☆☆
体側に黄色の縦帯があるものとないものがいる",meaji2.jpg,欠損
パーミット,Permit,permit1.jpg,アジ科,"全長：120cm
生息：岩礁域や砂底域を遊泳する。
分布：カリブ海、大西洋
レア度：★★★☆☆
人気：★★★★☆

撮り易さ：★★★☆☆",欠損,欠損
ムロアジ,Amberstripe scad,muroaji1.jpg,アジ科,"全長：40cm
生息：沿岸、沖合の中底層
分布：インド洋、太平洋
レア度：★★★☆☆
人気：★★★☆☆
撮り易さ：★★★★☆
",欠損,欠損
カッポレ,Black jack fish,kappore2.jpg,アジ科,"全長：90cm
生息：沿岸、沖合の中層
分布：全世界の熱帯、亜熱帯域
レア度：★★★☆☆
人気：★★★☆☆
撮り易さ：★★★★☆
",kappore1.jpg,欠損
マテアジ,Yellowtail scad,mateaji1.jpg,アジ科,"全長：35cm
生息：沿岸を群れで遊泳する。大型生物に付随することもある。
分布：インド洋から太平洋の熱帯域
レア度：★★★★☆

人気：★★★☆☆
撮り易さ：★★★☆☆",欠損,欠損
,,欠損,アジ科,,欠損,欠損
シマアジ,White trevally,shimaaji1.jpg,アジ科,"全長：120cm
生息：群れで海中を遊泳する
分布：全世界の温帯、亜熱帯海域
レア度：★★★☆☆
人気：★★★★☆

撮り易さ：★★★☆☆
食用として最高級の扱いを受けている。",shimaaji2.jpg,欠損
ヒラマサ,Yellowtail amberjack,hiramasa1.jpg,アジ科,"全長：190cm
生息：沿岸の中底層
分布：全世界の熱帯、亜熱帯域
レア度：★★★☆☆
人気：★★★☆☆
撮り易さ：★★★★☆
",欠損,欠損
バージャック,Bar Jack,barjasck4.jpg,アジ科,"全長：60cm
生息：中層域を遊泳する。群れを形成することも多い。
分布：カリブ海、大西洋
レア度：★★★☆☆
人気：★★☆☆☆
撮り易さ：★★★★☆
",barjasck1.jpg,barjasck2.jpg
カンパチ,Greater amberjack,kanpachi1.jpg,アジ科,"全長：190cm
生息：20～70ｍの中層域
分布：東部太平洋を除く全世界の熱帯、温帯域
レア度：★★★☆☆
人気：★★★☆☆
撮り易さ：★★★★☆
",kanpachi2.jpg,kanpachi3.jpg
グリーンジャック,Green jack,greenjack1.jpg,アジ科,"全長：55cm
生息：沿岸域から内湾、外洋域などの広範囲に生息する。大きな群れを形成する。
分布：東部太平洋
レア度：★★★☆☆
人気：★★★☆☆
撮り易さ：★★★☆☆",greenjack2.jpg,欠損
カスミアジ,Bluefin trevally,kasumiaji5.jpg,アジ科,"全長：80cm
生息：沿岸、沖合の中層
分布：インド洋、太平洋の熱帯、亜熱帯域
レア度：★★★☆☆
人気：★★★☆☆
撮り易さ：★★★★☆
",kasumiaji6.jpg,kasumiaji4.jpg
コガネアジ,Orangespotted trevally,koganeaji1.jpg,アジ科,"全長：45cm
生息：沿岸の中底層
分布：インド洋、西太平洋の熱帯、亜熱帯域
レア度：★★★☆☆
人気：★★★★☆

撮り易さ：★★★★☆
",koganeaji4.jpg,koganeaji2.jpg
ツムブリ,Rainbow runner,tsumuburi2.jpg,アジ科,"全長：180cm
生息：沿岸から沖合いに生息
分布：千葉県以南、全世界の温帯、亜熱帯海域
レア度：★★★☆☆
人気：★★★★☆

撮り易さ：★★☆☆☆",tsumuburi1.jpg,欠損
ロウニンアジ,Giant trevally,rouninaji2.jpg,アジ科,"全長：160cm
生息：サンゴ礁域や岩礁域を遊泳する。
分布：琉球列島、紅海、インド洋から太平洋の熱帯域
レア度：★★★☆☆
人気：★★★★☆

撮り易さ：★★☆☆☆",rouninaji1.jpg,欠損
テルメアジ,Oxeye scad,terumeaji1.jpg,アジ科,"全長：20cm
生息：岩礁域を大きな群れで遊泳する。
分布：南日本、インド洋から太平洋の熱帯域
レア度：★★★★☆

人気：★★★☆☆
撮り易さ：★★★★★",terumeaji2.jpg,terumeaji3.jpg
オニヒラアジ,Brassy trevally,onihiraaji2.jpg,アジ科,"全長：90cm
生息：沿岸の内湾から沖合の深海まで広く遊泳する
分布：和歌山県以南、インドから西部太平洋
レア度：★★★☆☆
人気：★★★☆☆
撮り易さ：★★★☆☆",onihiraaji3.jpg,onihiraaji1.jpg
クサヤモロ,Mackerel scad,kusayamoro1.jpg,アジ科,"全長：30cm
生息：沿岸域から水深４００ｍ程までの深海を遊泳する。大きな群れを形成する。
分布：全世界の温帯から熱帯の海
レア度：★★★☆☆
人気：★★☆☆☆
撮り易さ：★★★☆☆",kusayamoro3.jpg,kusayamoro2.jpg
ギンガメアジ,Bigeye trevally,gingameaji11.jpg,アジ科,"全長：90cm
生息：沿岸の中層
分布：インド洋、太平洋の熱帯、亜熱帯域
レア度：★★★☆☆
人気：★★★★☆

撮り易さ：★★★★☆
",gingameaji10.jpg,gingameaji7.jpg
ブルーランナー,Blue Runner,bluerunner3.jpg,アジ科,"全長：70cm
生息：群れで海中を遊泳する。
分布：カリブ海、大西洋
レア度：★★★☆☆
人気：★★☆☆☆
撮り易さ：★★★★☆
",bluerunner1.jpg,bluerunner2.jpg
インドオキアジ,Whitemouth jack,indookiaji3.jpg,アジ科,"全長：40cm
生息：沿岸から沖合にかけての中層域を遊泳する
分布：高知県以南、インドから西部太平洋
レア度：★★★☆☆
人気：★★★☆☆
撮り易さ：★★★☆☆",indookiaji2.jpg,indookiaji4.jpg
クロヒラアジ,Blue trevally,kurohiraaji1.jpg,アジ科,"全長：45cm
生息：沿岸の中底層
分布：インド洋、太平洋の熱帯、亜熱帯域
レア度：★★★☆☆
人気：★★★☆☆
撮り易さ：★★★★☆
",欠損,欠損
インドカイワリ,Barcheek trevally,indokaiwari1.jpg,アジ科,"全長：50cm
生息：サンゴ礁域を遊泳する。
分布：和歌山県以南、インドから西部太平洋
レア度：★★★☆☆
人気：★★★☆☆
撮り易さ：★★★☆☆",indokaiwari2.jpg,欠損
学名：Selaroides leptolepis,Yellowstripe scad,欠損,アジ科,,欠損,欠損
ホースアイジャック,Horse-eye Jack,horseeyejack3.jpg,アジ科,"全長：70cm
生息：中層域を遊泳する。群れを形成することも多い。
分布：カリブ海、大西洋
レア度：★★★☆☆
人気：★★☆☆☆
撮り易さ：★★★★☆
",horseeyejack2.jpg,horseeyejack1.jpg
ヒシヨロイアジ,Longnose trevally,hishiyoroiaji1.jpg,アジ科,"全長：50cm
生息：沿岸、沖合の中層
分布：愛知県以南、インドから西部太平洋
レア度：★★★☆☆
人気：★★★☆☆
撮り易さ：★★★☆☆",hishiyoroiaji2.jpg,欠損
ナンヨウカイワリ,Island trevally,nanyoukaiwari3.jpg,アジ科,"全長：80cm
生息：沿岸、沖合の中層
分布：インド洋、太平洋の熱帯、亜熱帯域
レア度：★★★☆☆
人気：★★★☆☆
撮り易さ：★★★★☆
",nanyoukaiwari2.jpg,nanyoukaiwari1.jpg
マブタシマアジ,Herring scad,mabutashimaaji5.jpg,アジ科,"全長：50cm
生息：沿岸域を遊泳する。
分布：琉球列島、インド洋から太平洋の熱帯域
レア度：★★★★☆

人気：★★★☆☆
撮り易さ：★★☆☆☆",mabutashimaaji4.jpg,mabutashimaaji1.jpg
コガネシマアジ,Golden trevally,koganeshimaaji4.jpg,アジ科,"全長：120cm
生息：内湾の下層域、サンゴ礁域、幼魚は大型生物について泳ぐ
分布：南日本、インド洋から太平洋の温帯、熱帯域
レア度：★★★☆☆
人気：★★★★☆

撮り易さ：★★☆☆☆",koganeshimaaji3.jpg,koganeshimaaji1.jpg
ヒレナガカンパチ,Almaco jack,hirenagakanpachi2.jpg,アジ科,"全長：110cm
生息：沖合の深み
分布：全世界の熱帯、亜熱帯域
レア度：★★★☆☆
人気：★★★☆☆
撮り易さ：★★★★☆
",hirenagakanpachi1.jpg,欠損
オオクチイケカツオ,Talang queenfish,ookuchiikekatsuo4.jpg,アジ科,"全長：100cm
生息：外洋に面した岩礁域を遊泳する。
分布：インド洋から中西部太平洋、日本で見られることは極めてまれ。
レア度：★★★★☆

人気：★★★☆☆
撮り易さ：★★☆☆☆",ookuchiikekatsuo3.jpg,ookuchiikekatsuo2.jpg
ガフトップスルポンパーノ,Gafftopsail pompano,gafftopsailpompano2.jpg,アジ科,"全長：60cm
生息：沿岸の表層域を小さな群れで遊泳する。
分布：東部太平洋
レア度：★★★☆☆
人気：★★★★☆

撮り易さ：★★★☆☆",gafftopsailpompano3.jpg,gafftopsailpompano1.jpg
アキアナゴ,Sharp nose garden eel,akianago1.jpg,アナゴ科,"全長：74cm
生息：砂中に生息する。
分布：駿河湾以南、八重山諸島、台湾など。
レア度：★★★★☆

人気：★★★☆☆
撮り易さ：★★★☆☆",akianago2.jpg,欠損
チンアナゴ,Spotted garden eel,chinanago9.jpg,アナゴ科,"全長：40cm
生息：サンゴ礁域の砂中に生息する。
分布：伊豆大島以南、インド洋から太平洋に分布する。
レア度：★★☆☆☆
人気：★★★★☆

撮り易さ：★★★☆☆
ガーデンイールの代表格。危険を感じると穴に引っ込む。",chinanago8.jpg,chinanago7.jpg
ハナアナゴ,Silver conger,hanaanago1.jpg,アナゴ科,"全長：50cm
生息：浅い砂泥底に生息する。
分布：千葉県以南、東インド洋、西太平洋に分布する。
レア度：★★☆☆☆
人気：★★☆☆☆
撮り易さ：★★★☆☆",hanaanago2.jpg,欠損
シンジュアナゴ,Pacific spaghetti eel,shinjuanago3.jpg,アナゴ科,"全長：100cm
生息：サンゴ礁域の砂中に生息する。
分布：八丈島、台湾、フィリピンなどに分布する。
レア度：★★★☆☆
人気：★★★☆☆
撮り易さ：★★★☆☆",shinjuanago1.jpg,shinjuanago2.jpg
コルテスガーデンイール,Cortez garden eel,cortezgardeneel3.jpg,アナゴ科,"全長：60cm
生息：砂底域に穴を掘って生活する。警戒心が強く、人が近づくとすぐに穴に隠れる。
分布：東部太平洋
レア度：★★★★☆

人気：★★★★☆

撮り易さ：★★☆☆☆",cortezgardeneel2.jpg,cortezgardeneel1.jpg
ジャイアントケルプフィッシュ,Giant kelpfish,giantkelpfish2.jpg,アサヒギンポ科,"全長：60cm
生息：ジャイアントケルプや海藻域に生息する。
分布：東部太平洋、北アメリカからカリフォルニア半島
レア度：★★★★☆

人気：★★★★☆

撮り易さ：★★★☆☆",giantkelpfish3.jpg,giantkelpfish1.jpg
イタチウオ,Bearded brotula,itachiuo4.jpg,アシロ科,"全長：60cm
生息：岩礁域、サンゴ礁域に生息する。
分布：福島県、富山県以南、インド洋から西太平洋に分布する。
レア度：★★★☆☆
人気：★★☆☆☆
撮り易さ：★★☆☆☆
アシロ科には深海性の種が多いが、本種は浅海で見られる。",itachiuo3.jpg,itachiuo1.jpg
ベラギンポ,Spotted sand-diver,beraginpo1.jpg,ベラギンポ科,"全長：25cm
生息：砂礫底に生息する。
分布：千葉県以南、インド洋から西太平洋に分布する。
レア度：★★★☆☆
人気：★★☆☆☆
撮り易さ：★★★☆☆",beraginpo2.jpg,欠損
リュウグウベラギンポ,Sreadfin sand-diver,ryuuguuberaginpo1.jpg,ベラギンポ科,"全長：20cm
生息：砂底域をホバリングする。
分布：琉球列島、西太平洋に分布する。
レア度：★★★★☆

人気：★★★☆☆
撮り易さ：★★★☆☆",欠損,欠損
イラ,Scarbreast tuskfish,ira3.jpg,ベラ科,"全長：50cm
生息：沿岸の岩礁域。
分布：千葉県以南の南日本、朝鮮半島、南シナ海。
レア度：★☆☆☆☆
人気：★★☆☆☆
撮り易さ：★★★☆☆",ira2.jpg,ira1.jpg
テンス,Blackspot razorfish,tensu1.jpg,ベラ科,"全長：35cm
生息：砂底。
分布：千葉県以南の南日本、東インド諸島。
レア度：★★☆☆☆
人気：★★★☆☆
撮り易さ：★★★☆☆",tensu2.jpg,欠損
コブダイ,Bulgyhead wrasse,kobudai2.jpg,ベラ科,"全長：100cm
生息：沿岸の岩礁域。
分布：下北半島以南、朝鮮半島、南シナ海。
レア度：★★☆☆☆
人気：★★★☆☆
撮り易さ：★★☆☆☆",kobudai1.jpg,欠損
ホンベラ,Motleystripe rainbowfish,honbera1.jpg,ベラ科,"全長：18cm
生息：岩礁域。
分布：下北半島以南、東シナ海。
レア度：★☆☆☆☆
人気：★☆☆☆☆
撮り易さ：★★☆☆☆",honbera3.jpg,honbera2.jpg
イトベラ,Slender wrasse,itobera1.jpg,ベラ科,"全長：17cm
生息：内湾に岩礁周辺の砂底
分布：伊豆半島以南、西太平洋。
レア度：★★☆☆☆
人気：★★☆☆☆
撮り易さ：★★☆☆☆",欠損,欠損
キュウセン,Multicolorfin rainbowfish,kyuusen4.jpg,ベラ科,"全長：30cm
生息：浅い岩礁域、砂地。
分布：日本広域、西太平洋。
レア度：★☆☆☆☆
人気：★★☆☆☆
撮り易さ：★★☆☆☆",kyuusen5.jpg,kyuusen1.jpg
クギベラ,Bird wrasse,kugibera1.jpg,ベラ科,"全長：25cm
生息：岩礁、サンゴ礁域。
分布：静岡県以南の南日本、インドから西太平洋。
レア度：★☆☆☆☆
人気：★★★☆☆
撮り易さ：★★★☆☆",kugibera2.jpg,欠損
ヒラベラ,Iniistius pentadactylus,hirabera1.jpg,ベラ科,"全長：20cm
生息：サンゴ礁の砂底域。
分布：小笠原諸島、琉球列島、インド洋から西太平洋に分布する。
レア度：★★★☆☆
人気：★★☆☆☆
撮り易さ：★★★☆☆",欠損,欠損
ハコベラ,Fivestripe wrasse,hakobera1.jpg,ベラ科,"全長：15cm
生息：浅いサンゴ礁域。
分布：沖縄県以南の南日本、インドから西太平洋。
レア度：★★★☆☆
人気：★★★☆☆
撮り易さ：★★★☆☆",欠損,欠損
タコベラ,Two-spot wrasse,takobera1.jpg,ベラ科,"全長：12cm
生息：岩礁、サンゴ礁域。
分布：静岡県以南の南日本、インドから西太平洋。
レア度：★★☆☆☆
人気：★★★☆☆
撮り易さ：★★☆☆☆",takobera4.jpg,takobera3.jpg
スジベラ,Pale-barred coris,sujibera1.jpg,ベラ科,"全長：20cm
生息：岩礁、サンゴ礁域の砂礫底。
分布：静岡県以南の南日本、インドから西太平洋。
レア度：★★☆☆☆
人気：★★☆☆☆
撮り易さ：★★☆☆☆",sujibera2.jpg,sujibera3.jpg
タキベラ,Golden-spot hogfish,takibera1.jpg,ベラ科,"全長：80cm
生息：岩礁、サンゴ礁域。
分布：小笠原諸島、静岡県以南、インドから西太平洋。
レア度：★★★☆☆
人気：★★☆☆☆
撮り易さ：★★★☆☆",takibera2.jpg,takibera3.jpg
オトメベラ,Moon wrasse,otomebera1.jpg,ベラ科,"全長：20cm
生息：沿岸の岩礁、サンゴ礁域。
分布：和歌山県以南の南日本、インドから西太平洋。
レア度：★☆☆☆☆
人気：★★☆☆☆
撮り易さ：★★★☆☆",otomebera2.jpg,欠損
オグロベラ,Smalltail wrasse,ogurobera1.jpg,ベラ科,"全長：12cm
生息：岩礁、サンゴ礁域。
分布：静岡県以南の南日本、インドから西太平洋。
レア度：★★★★★
人気：★★★☆☆
撮り易さ：★★☆☆☆",欠損,欠損
ヤシャベラ,Redbreast wrasse,yashabera5.jpg,ベラ科,"全長：35cm
生息：岩礁、サンゴ礁域。
分布：和歌山県以南の南日本、インドから西太平洋。
レア度：★★☆☆☆
人気：★★★☆☆
撮り易さ：★★★☆☆",yashabera4.jpg,yashabera1.jpg
ギチベラ,Slingjaw wrasse,gichibera3.jpg,ベラ科,"全長：35cm
生息：浅いサンゴ礁域。
分布：奄美大島以南、インドから太平洋。
レア度：★★☆☆☆
人気：★★★☆☆
撮り易さ：★★★☆☆",gichibera4.jpg,gichibera1.jpg
ツキベラ,-,tsukibera2.jpg,ベラ科,"全長：18cm
生息：浅いサンゴ礁域。
分布：小笠原諸島、高知県以南。
レア度：★★★☆☆
人気：★★☆☆☆
撮り易さ：★★☆☆☆",tsukibera1.jpg,欠損
ツユベラ,Yellowtail coris,tsuyubera1.jpg,ベラ科,"全長：40cm
生息：岩礁、サンゴ礁域。
分布：静岡県以南の南日本、インドから西太平洋。
レア度：★★☆☆☆
人気：★★★☆☆
撮り易さ：★★☆☆☆",tsuyubera3.jpg,tsuyubera2.jpg
ムシベラ,Geographic wrasse,mushibera1.jpg,ベラ科,"全長：20cm
生息：サンゴ礁域。
分布：琉球列島、インドから西太平洋。
レア度：★★★★☆

人気：★★☆☆☆
撮り易さ：★★☆☆☆",欠損,欠損
ホクトベラ,Spotted wrasse,hokutobera1.jpg,ベラ科,"全長：20cm
生息：岩礁、サンゴ礁域。
分布：和歌山県以南の南日本、インドから西太平洋。
レア度：★★☆☆☆
人気：★★☆☆☆
撮り易さ：★★☆☆☆",hokutobera2.jpg,欠損
ナメラベラ,Ring wrasse,namerabera1.jpg,ベラ科,"全長：40cm
生息：岩礁域の砂礫底。
分布：和歌山県以南の南日本、インドから西太平洋。
レア度：★★☆☆☆
人気：★★☆☆☆
撮り易さ：★★☆☆☆",namerabera2.jpg,欠損
ホシテンス,Peacock wrasse,hoshitensu3.jpg,ベラ科,"全長：35cm
生息：砂底。
分布：静岡県以南の南日本、インドから西太平洋。
レア度：★★☆☆☆
人気：★★★☆☆
撮り易さ：★★★☆☆",hoshitensu1.jpg,hoshitensu2.jpg
ムスメベラ,Comb wrasse,musumebera1.jpg,ベラ科,"全長：25cm
生息：岩礁域の砂礫底。
分布：千葉県以南の南日本、西太平洋。
レア度：★★☆☆☆
人気：★★☆☆☆
撮り易さ：★★☆☆☆",musumebera2.jpg,欠損
ミヤケベラ,Wedge-tailed wrasse,miyakebera2.jpg,ベラ科,"全長：12cm
生息：岩礁、サンゴ礁域。
分布：三宅島以南、西太平洋。
レア度：★★★★☆

人気：★★☆☆☆
撮り易さ：★★☆☆☆",miyakebera1.jpg,欠損
カマスベラ,Cigar wrasse,kamasubera1.jpg,ベラ科,"全長：40cm
生息：岩礁域、砂地。
分布：千葉県以南の南日本、インドから西太平洋。
レア度：★★★☆☆
人気：★★☆☆☆
撮り易さ：★★★☆☆",欠損,欠損
トカラベラ,Checkerboard wrasse,tokarabera1.jpg,ベラ科,"全長：25cm
生息：浅い岩礁、サンゴ礁域の砂礫底。
分布：静岡県以南の南日本、インドから西太平洋。
レア度：★☆☆☆☆
人気：★★☆☆☆
撮り易さ：★★☆☆☆",tokarabera2.jpg,tokarabera3.jpg
アカオビベラ,Red-shoulder wrasse,akaobibera1.jpg,ベラ科,"全長：15cm
生息：浅い岩礁、サンゴ礁域。
分布：千葉県以南の南日本、インドから西太平洋。
レア度：★★☆☆☆
人気：★★☆☆☆
撮り易さ：★★☆☆☆",欠損,欠損
クジャクベラ,Pink flasher,kujakubera3.jpg,ベラ科,"全長：10cm
生息：サンゴ礁域。
分布：琉球列島、フィリピン。
レア度：★★★★☆

人気：★★★★☆

撮り易さ：★★☆☆☆",kujakubera1.jpg,kujakubera4.jpg
クサビベラ,Orange-dotted tuskfish,kusabibera1.jpg,ベラ科,"全長：35cm
生息：サンゴ礁域の砂礫底に生息する。
分布：琉球列島、インドから西太平洋。インド洋から西太平洋に分布する。
レア度：★★★☆☆
人気：★★☆☆☆
撮り易さ：★★★☆☆",欠損,欠損
マナベベラ,Rust-blotch Wrasse,manabebera1.jpg,ベラ科,"全長：12cm
生息：浅いサンゴ礁域。
分布：奄美大島以南の南日本、西太平洋。
レア度：★★★☆☆
人気：★★☆☆☆
撮り易さ：★★☆☆☆",欠損,欠損
キツネベラ,Tarry hogfish,kitsunebera1.jpg,ベラ科,"全長：60cm
生息：岩礁、サンゴ礁域。
分布：小笠原諸島、和歌山県以南、インドから西太平洋。
レア度：★★★☆☆
人気：★★★☆☆
撮り易さ：★★★☆☆",kitsunebera2.jpg,kitsunebera3.jpg
ムナテンベラ,Black wrasse,munatenbera2.jpg,ベラ科,"全長：18cm
生息：浅い岩礁、サンゴ礁域。
分布：静岡県以南の南日本、インドから西太平洋。
レア度：★☆☆☆☆
人気：★★☆☆☆
撮り易さ：★★☆☆☆",munatenbera3.jpg,munatenbera1.jpg
マイヒメベラ,Polynesian wrasse,maihimebera1.jpg,ベラ科,"全長：13cm
生息：岩礁、サンゴ礁域。
分布：小笠原諸島、ポリネシア。
レア度：★★★★★
人気：★★★☆☆
撮り易さ：★★★☆☆",欠損,欠損
カンムリベラ,Clown coris,kanmuribera1.jpg,ベラ科,"全長：100cm
生息：岩礁、サンゴ礁域の砂礫底。
分布：静岡県以南の南日本、インドから西太平洋。
レア度：★☆☆☆☆
人気：★★★☆☆
撮り易さ：★★★☆☆",kanmuribera2.jpg,kanmuribera3.jpg
オトヒメベラ,Long green wrasse,otohimebera1.jpg,ベラ科,"全長：14cm
生息：岩礁域。
分布：静岡県以南の南日本、インドから西太平洋。
レア度：★★☆☆☆
人気：★★★☆☆
撮り易さ：★★☆☆☆",otohimebera2.jpg,欠損
テンスモドキ,Wood's wrasse,tensumodoki1.jpg,ベラ科,"全長：18cm
生息：砂底。
分布：静岡県以南の南日本、ハワイ諸島。
レア度：★★☆☆☆
人気：★★★☆☆
撮り易さ：★★★☆☆",欠損,欠損
ニシキベラ,Cupido wrasse,nishikibera2.jpg,ベラ科,"全長：20cm
生息：浅い岩礁域に生息する。
分布：伊豆半島以南、朝鮮半島、台湾に分布する。
レア度：★☆☆☆☆
人気：★★☆☆☆
撮り易さ：★★★☆☆",nishikibera1.jpg,欠損
オハグロベラ,Flagfin wrasse,ohagurobera3.jpg,ベラ科,"全長：20cm
生息：沿岸の岩礁域。
分布：千葉県以南の南日本、インドから西太平洋。
レア度：★☆☆☆☆
人気：★★☆☆☆
撮り易さ：★★★☆☆",ohagurobera1.jpg,ohagurobera6.jpg
イトヒキベラ,Threadfin wrasse,itohikibera1.jpg,ベラ科,"全長：12cm
生息：岩礁域。
分布：静岡県以南の南日本、西太平洋。
レア度：★★☆☆☆
人気：★★★★☆

撮り易さ：★★☆☆☆",itohikibera5.jpg,itohikibera6.jpg
セナスジベラ,Sixbar wrasse,senasujibera1.jpg,ベラ科,"全長：20cm
生息：浅いサンゴ礁域。
分布：和歌山県以南の南日本、インドから太平洋。
レア度：★★☆☆☆
人気：★★★☆☆
撮り易さ：★★★☆☆",senasujibera2.jpg,欠損
ソメワケベラ,Bicolor cleaner wrasse,somewakebera1.jpg,ベラ科,"全長：12cm
生息：浅い岩礁、サンゴ礁域。
分布：和歌山県以南の南日本、インドから西太平洋。
レア度：★☆☆☆☆
人気：★★★☆☆
撮り易さ：★★☆☆☆",somewakebera3.jpg,欠損
ヒオドシベラ,Lyretail hogfish,hiodoshibera1.jpg,ベラ科,"全長：25cm
生息：沿岸の岩礁、サンゴ礁域。
分布：静岡県以南の南日本、インドから西太平洋。
レア度：★★★☆☆
人気：★★★☆☆
撮り易さ：★★☆☆☆",欠損,欠損
ノドグロベラ,Blackspotted wrasse,nodogurobera1.jpg,ベラ科,"全長：12cm
生息：浅い岩礁、サンゴ礁域。
分布：和歌山県以南の南日本、西太平洋。
レア度：★★☆☆☆
人気：★★★☆☆
撮り易さ：★★☆☆☆",nodogurobera2.jpg,欠損
タテヤマベラ,Finescale razorfish,tateyamabera1.jpg,ベラ科,"全長：15cm
生息：砂泥底。
分布：千葉県以南の南日本、インドから西太平洋。
レア度：★★☆☆☆
人気：★★☆☆☆
撮り易さ：★★☆☆☆",tateyamabera2.jpg,tateyamabera3.jpg
ケサガケベラ,Splitlevel hogfish,kesagakebera1.jpg,ベラ科,"全長：20cm
生息：岩礁、サンゴ礁域。
分布：三宅島以南、西太平洋。
レア度：★☆☆☆☆
人気：★★☆☆☆
撮り易さ：★★★☆☆",kesagakebera2.jpg,kesagakebera4.jpg
ハゲヒラベラ,Yellowblotch razorfish,hagehirabera1.jpg,ベラ科,"全長：25cm
生息：砂底。
分布：琉球列島、太平洋。
レア度：★★★☆☆
人気：★★★☆☆
撮り易さ：★★★☆☆",欠損,欠損
カミナリベラ,Cutribbon wrasse,kaminaribera2.jpg,ベラ科,"全長：15cm
生息：浅い岩礁域、砂地。
分布：千葉県以南の南日本、西太平洋。
レア度：★☆☆☆☆
人気：★★☆☆☆
撮り易さ：★★☆☆☆",kaminaribera6.jpg,kaminaribera1.jpg
ヤマブキベラ,Yellow-brown wrasse,yamabukibera5.jpg,ベラ科,"全長：25cm
生息：沿岸の岩礁、サンゴ礁域。
分布：小笠原諸島、和歌山県以南、インドから西太平洋。
レア度：★☆☆☆☆
人気：★★☆☆☆
撮り易さ：★★★☆☆",yamabukibera1.jpg,yamabukibera2.jpg
モンツキベラ,Redfin hogfish,montsukibera2.jpg,ベラ科,"全長：30cm
生息：沿岸の岩礁、サンゴ礁域。
分布：静岡県以南の南日本、インドから西太平洋。
レア度：★★☆☆☆
人気：★★☆☆☆
撮り易さ：★★★☆☆",montsukibera1.jpg,欠損
ヒレグロベラ,Blackfin hogfish,hiregurobera1.jpg,ベラ科,"全長：40cm
生息：岩礁、サンゴ礁域。
分布：小笠原諸島、和歌山県以南、インドから西太平洋。
レア度：★★★☆☆
人気：★★★☆☆
撮り易さ：★★★☆☆",hiregurobera2.jpg,欠損
イトヒキベラ属の1種-3,Cirrhilabrus sp.3,itohikibera3-1.jpg,ベラ科,"全長：10cm
生息：岩礁、サンゴ礁域。
分布：高知県
レア度：★★★★★
人気：★★★★☆

撮り易さ：★★★☆☆",欠損,欠損
イトヒキベラ属の1種-2,Cirrhilabrus sp.2,itohikibera2-1.jpg,ベラ科,"全長：10cm
生息：岩礁、サンゴ礁域。
分布：ニューカレドニア
レア度：★★★★★
人気：★★★★☆

撮り易さ：★★★☆☆",itohikibera2-3.jpg,itohikibera2-2.jpg
ニセモチノウオ,Sixline wrasse,nisemochinouo2.jpg,ベラ科,"全長：10cm
生息：浅いサンゴ礁域。
分布：奄美大島以南、インドから太平洋。
レア度：★★★☆☆
人気：★★☆☆☆
撮り易さ：★★★☆☆",nisemochinouo1.jpg,欠損
イトヒキベラ属の1種-1,Cirrhilabrus sp.1,itohikibera1-5.jpg,ベラ科,"全長：10cm
生息：岩礁、サンゴ礁域。
分布：八重山諸島
レア度：★★★★★
人気：★★★★☆

撮り易さ：★★★☆☆
未記載種と思われる。",itohikibera1-4.jpg,itohikibera1-1.jpg
スミツキベラ,Axilspot hogfish,sumitsukibera1.jpg,ベラ科,"全長：25cm
生息：沿岸の岩礁、サンゴ礁域。
分布：静岡県以南の南日本、インドから西太平洋。
レア度：★★☆☆☆
人気：★★☆☆☆
撮り易さ：★★★☆☆",sumitsukibera4.jpg,sumitsukibera3.jpg
ヤマシロベラ,Redspot wrasse,yamashirobera1.jpg,ベラ科,"全長：15cm
生息：岩礁域の砂礫底。
分布：静岡県以南の南日本、インドから西太平洋。
レア度：★★★☆☆
人気：★★☆☆☆
撮り易さ：★★☆☆☆",yamashirobera2.jpg,欠損
タレクチベラ,Blackeye thicklip,tarekuchibera2.jpg,ベラ科,"全長：40cm
生息：浅いサンゴ礁域。
分布：和歌山県以南の南日本、インドから西太平洋。
レア度：★★★☆☆
人気：★★★☆☆
撮り易さ：★★★☆☆",tarekuchibera1.jpg,欠損
カザリキュウセン,Tail-spot wrasse,kazarikyuusen1.jpg,ベラ科,"全長：14cm
生息：浅いサンゴ礁域。
分布：琉球列島、西太平洋に分布する。
レア度：★★☆☆☆
人気：★★★☆☆
撮り易さ：★★☆☆☆",kazarikyuusen2.jpg,欠損
キスジキュウセン,Hartzfeld's wrasse,kisujikyuusen2.jpg,ベラ科,"全長：22cm
生息：浅い岩礁域、砂地。
分布：静岡県以南の南日本、西太平洋。
レア度：★★★☆☆
人気：★★☆☆☆
撮り易さ：★★☆☆☆",kisujikyuusen1.jpg,欠損
ホクロキュウセン,Earmuff wrasse,hokurokyuusen1.jpg,ベラ科,"全長：10cm
生息：岩礁、サンゴ礁域の砂礫底。
分布：琉球列島、西太平洋に分布する。
レア度：★★★★☆

人気：★★★☆☆
撮り易さ：★★☆☆☆",欠損,欠損
コガネキュウセン,Canary wrasse,koganekyuusen5.jpg,ベラ科,"全長：10cm
生息：浅い岩礁、サンゴ礁域の砂礫底。
分布：静岡県以南の南日本、西太平洋。
レア度：★☆☆☆☆
人気：★★☆☆☆
撮り易さ：★★☆☆☆",koganekyuusen4.jpg,koganekyuusen3.jpg
コガシラベラ,Bluntheaded wrasse,kogashirabera1.jpg,ベラ科,"全長：15cm
生息：沿岸の岩礁、サンゴ礁域。
分布：静岡県以南の南日本、インドから西太平洋。
レア度：★☆☆☆☆
人気：★★☆☆☆
撮り易さ：★★★☆☆",kogashirabera4.jpg,kogashirabera2.jpg
ニシキキュウセン,Twospot wrasse,nishikikyuusen1.jpg,ベラ科,"全長：12cm
生息：浅い岩礁、サンゴ礁域。
分布：静岡県以南の南日本、西太平洋。
レア度：★★★☆☆
人気：★★☆☆☆
撮り易さ：★★☆☆☆",欠損,欠損
サザンラス,Southern wrasse,southernwrasse1.jpg,ベラ科,"全長：10cm
生息：浅い岩礁域、砂地。
分布：フィジー、ニューカレドニア
レア度：★★★★★
人気：★★★☆☆
撮り易さ：★★☆☆☆",欠損,欠損
オビテンスモドキ,Rockmover wrasse,obitensumodoki1.jpg,ベラ科,"全長：25cm
生息：サンゴ礁の砂底域。
分布：静岡県以南の南日本、インドから西太平洋。
レア度：★★★☆☆
人気：★★★☆☆
撮り易さ：★★★☆☆",obitensumodoki2.jpg,欠損
ホンソメワケベラ,Bluestreak cleaner wrasse,honsomewakebera2.jpg,ベラ科,"全長：12cm
生息：浅い岩礁、サンゴ礁域。
分布：千葉県以南の南日本、インドから西太平洋。
レア度：★☆☆☆☆
人気：★★★★☆

撮り易さ：★★☆☆☆",honsomewakebera1.jpg,honsomewakebera7.jpg
メガネモチノウオ,Humphead wrasse,meganemochinouo4.jpg,ベラ科,"全長：200cm
生息：潮通しの良いサンゴ礁
分布：和歌山県以南の南日本、インドから太平洋。
レア度：★★★☆☆
人気：★★★★★
撮り易さ：★★★☆☆",meganemochinouo3.jpg,meganemochinouo5.jpg
ホシススキベラ,Yellowbreasted wrasse,hoshisusukibera2.jpg,ベラ科,"全長：20cm
生息：岩礁、サンゴ礁域。
分布：鹿児島県以南の南日本、インドから西太平洋。
レア度：★★☆☆☆
人気：★★☆☆☆
撮り易さ：★★☆☆☆",hoshisusukibera1.jpg,欠損
シロタスキベラ,Pastel ringwrasse,shirotasukibera1.jpg,ベラ科,"全長：40cm
生息：岩礁域の砂礫底。
分布：静岡県以南の南日本、インドから西太平洋。
レア度：★★☆☆☆
人気：★★☆☆☆
撮り易さ：★★☆☆☆",shirotasukibera3.jpg,shirotasukibera2.jpg
グラフィックタスクフィッシュ,Graphic tuskfish,graphictuskfish1.jpg,ベラ科,"全長：50cm
生息：サンゴ礁域の砂礫底に生息する。
分布：オーストラリアからニューカレドニア
レア度：★★★★★
人気：★★★★☆

撮り易さ：★★★☆☆",graphictuskfish2.jpg,欠損
アカテンモチノウオ,Floral wrasse,akatenmochinouo2.jpg,ベラ科,"全長：40cm
生息：サンゴ礁域。
分布：琉球列島、インドから太平洋。
レア度：★★☆☆☆
人気：★★☆☆☆
撮り易さ：★★★☆☆",akatenmochinouo1.jpg,akatenmochinouo3.jpg
アカササノハベラ,Red naped wrasse,akasasanohabera3.jpg,ベラ科,"全長：25cm
生息：浅い岩礁域。
分布：本州から九州の太平洋沿岸。
レア度：★★☆☆☆
人気：★★☆☆☆
撮り易さ：★★☆☆☆",akasasanohabera1.jpg,akasasanohabera2.jpg
ラインドフェアリーラス,Lined Fairy Wrasse,linedfairywrasse1.jpg,ベラ科,"全長：12cm
生息：岩礁、サンゴ礁域。
分布：オーストラリアからニューカレドニア
レア度：★★★★★
人気：★★★★☆

撮り易さ：★★☆☆☆",欠損,欠損
イエローバックラス,Yellowback wrasse,yellowbackwrasse1.jpg,ベラ科,"全長：8cm
生息：岩礁、サンゴ礁域。
分布：インドネシア、フィリピン。
レア度：★★★★☆

人気：★★★★☆

撮り易さ：★★☆☆☆",yellowbackwrasse3.jpg,yellowbackwrasse2.jpg
ミツバモチノウオ,Tripletail wrasse,mitsubamochinouo2.jpg,ベラ科,"全長：35cm
生息：サンゴ礁域。
分布：奄美大島以南、インドから太平洋。
レア度：★★☆☆☆
人気：★★☆☆☆
撮り易さ：★★★☆☆",mitsubamochinouo1.jpg,欠損
ヒトスジモチノウオ,Ringtail maori wrasse,hitosujimochinouo1.jpg,ベラ科,"全長：40cm
生息：浅いサンゴ礁域。
分布：高知県以南、太平洋。
レア度：★★★☆☆
人気：★★☆☆☆
撮り易さ：★★★☆☆",欠損,欠損
ミツボシキュウセン,Threespot wrasse,mitsuboshikyuusen3.jpg,ベラ科,"全長：25cm
生息：浅い岩礁、サンゴ礁域の砂礫底。
分布：和歌山県以南の南日本、インドから西太平洋。
レア度：★★☆☆☆
人気：★★☆☆☆
撮り易さ：★★☆☆☆",mitsuboshikyuusen4.jpg,mitsuboshikyuusen1.jpg
ホシササノハベラ,Bambooleaf wrasse,hoshisasanohabera3.jpg,ベラ科,"全長：22cm
生息：浅い岩礁、砂礫底域。
分布：伊豆半島以南。
レア度：★★☆☆☆
人気：★★☆☆☆
撮り易さ：★★☆☆☆",hoshisasanohabera1.jpg,hoshisasanohabera2.jpg
ヤンセンニシキベラ,Jansen's wrasse,yansennishikibera1.jpg,ベラ科,"全長：20cm
生息：浅いサンゴ礁域。
分布：和歌山県以南の南日本、インドから太平洋。
レア度：★★★☆☆
人気：★★★☆☆
撮り易さ：★★★☆☆",欠損,欠損
ホホスジモチノウオ,Cheeklined wrasse,hohosujimochinouo3.jpg,ベラ科,"全長：30cm
生息：浅いサンゴ礁域。
分布：琉球列島、インドから太平洋。
レア度：★★★☆☆
人気：★★☆☆☆
撮り易さ：★★★☆☆",hohosujimochinouo2.jpg,hohosujimochinouo1.jpg
学名：Cirrhilabrus exquistius,Exquisite wrasse,欠損,ベラ科,,欠損,欠損
ムナテンベラダマシ,Twotone wrasse,munatenberadamashi3.jpg,ベラ科,"全長：17cm
生息：浅い岩礁、サンゴ礁域。
分布：静岡県以南の南日本、インドから西太平洋。
レア度：★★☆☆☆
人気：★★☆☆☆
撮り易さ：★★☆☆☆",munatenberadamashi1.jpg,munatenberadamashi2.jpg
セジロノドグロベラ,Yellowspotted wrasse,sejironodogurobera3.jpg,ベラ科,"全長：12cm
生息：浅い岩礁、サンゴ礁域。
分布：千葉県以南の南日本、西太平洋。
レア度：★★★☆☆
人気：★★★☆☆
撮り易さ：★★☆☆☆",sejironodogurobera1.jpg,sejironodogurobera2.jpg
シマタレクチベラ,Barred thicklip,shimatarekuchibera2.jpg,ベラ科,"全長：30cm
生息：浅い岩礁、サンゴ礁域。
分布：静岡県以南の南日本、インドから西太平洋。
レア度：★★★☆☆
人気：★★★☆☆
撮り易さ：★★★☆☆",shimatarekuchibera1.jpg,欠損
シチセンムスメベラ,0,shichisenmusumebera1.jpg,ベラ科,"全長：18cm
生息：岩礁、サンゴ礁域の砂礫底。
分布：高知県以南の南日本、インドから西太平洋。
レア度：★★☆☆☆
人気：★★☆☆☆
撮り易さ：★★☆☆☆",shichisenmusumebera2.jpg,欠損
ベニヒレイトヒキベラ,Red-margined wrasse,benihireitohikibera1.jpg,ベラ科,"全長：12cm
生息：岩礁域。
分布：和歌山県以南の南日本、インドから西太平洋。
レア度：★★★☆☆
人気：★★★★☆

撮り易さ：★★☆☆☆",benihireitohikibera2.jpg,欠損
クロヘリイトヒキベラ,Blueside wrasse,kuroheriitohikibera1.jpg,ベラ科,"全長：12cm
生息：浅いサンゴ礁域。
分布：紀伊半島以南、西太平洋に分布する。
レア度：★★★☆☆
人気：★★★★☆

撮り易さ：★★☆☆☆",kuroheriitohikibera2.jpg,kuroheriitohikibera3.jpg
ツキノワイトヒキベラ,Crescent-tail wrasse,tsukinowaitohikibera2.jpg,ベラ科,"全長：13cm
生息：岩礁、サンゴ礁域。
分布：小笠原諸島、琉球列島。
レア度：★★★☆☆
人気：★★★☆☆
撮り易さ：★★☆☆☆",tsukinowaitohikibera1.jpg,欠損
フタホシキツネベラ,Twospot hogfish,futahoshikitsunebera1.jpg,ベラ科,"全長：12cm
生息：水深
30m付近の岩礁域
分布：伊豆半島以南、インドから西太平洋。
レア度：★★★☆☆
人気：★★☆☆☆
撮り易さ：★★★☆☆",futahoshikitsunebera2.jpg,欠損
スミツキソメワケベラ,Blackspot cleaner wrasse,sumitsukisomewakebera1.jpg,ベラ科,"全長：7cm
生息：浅い岩礁、サンゴ礁域。
分布：小笠原諸島、慶良間諸島、西太平洋。
レア度：★★★★☆

人気：★★★★☆

撮り易さ：★★☆☆☆",欠損,欠損
ボラ,Flathead mullet,bora4.jpg,ボラ科,"全長：40cm
生息：沿岸浅所や汽水域、河川に群れで生息する。
分布：北海道以南、東アフリカから太平洋に分布する。
レア度：★★☆☆☆
人気：★☆☆☆☆
撮り易さ：★★☆☆☆",bora5.jpg,bora3.jpg
フウライボラ,Fringelip mullet,fuuraibora3.jpg,ボラ科,"全長：40cm
生息：サンゴ礁域の浅所に群れで生息する。
分布：千葉県以南、紅海からインド洋、西太平洋に分布する。
レア度：★★☆☆☆
人気：★☆☆☆☆
撮り易さ：★★☆☆☆",fuuraibora1.jpg,fuuraibora2.jpg
ブダイ,Japanese parrotfish,budai2.jpg,ブダイ科,"全長：45cm
生息：浅い岩礁域
分布：房総半島以南の南日本
レア度：★☆☆☆☆
人気：★☆☆☆☆
撮り易さ：★★★☆☆",budai3.jpg,budai4.jpg
ヒブダイ,Blue-barred parrotfish,hibudai3.jpg,ブダイ科,"全長：80cm
生息：サンゴ礁原から外礁斜面に生息する。
分布：紀伊半島以南、紅海から中部太平洋に分布
レア度：★★☆☆☆
人気：★★☆☆☆
撮り易さ：★★★☆☆",hibudai1.jpg,hibudai2.jpg
アオブダイ,Knobsnout parrotfish,aobudai1.jpg,ブダイ科,"全長：80cm
生息：岩礁、サンゴ礁域
分布：東京湾以南、西太平洋に分布
レア度：★★☆☆☆
人気：★★☆☆☆
撮り易さ：★★★☆☆",欠損,欠損
オビシメ,‐,obishime1.jpg,ブダイ科,"全長：45cm
生息：深場の岩礁、サンゴ礁域
分布：小笠原諸島固有種
レア度：★★★★★
人気：★★★★☆

撮り易さ：★★★☆☆",obishime2.jpg,欠損
オビブダイ,Yellowband parrotfish,obibudai5.jpg,ブダイ科,"全長：35cm
生息：サンゴ礁池から外礁斜面に生息する。
分布：高知県以南、紅海から中部太平洋に分布
レア度：★★☆☆☆
人気：★★☆☆☆
撮り易さ：★★★☆☆",obibudai1.jpg,obibudai3.jpg
イロブダイ,Bicolour parrotfish,irobudai4.jpg,ブダイ科,"全長：80cm
生息：岩礁、サンゴ礁域
分布：琉球列島以南、紅海から中部太平洋に分布
レア度：★★☆☆☆
人気：★★★☆☆
撮り易さ：★★★☆☆
幼魚は鮮やかなオレンジ色と白色で人気がる。",irobudai1.jpg,irobudai5.jpg
ナガブダイ,Ember parrotfish,nagabudai1.jpg,ブダイ科,"全長：65cm
生息：サンゴ礁礁縁部
分布：高知県以南、インド洋から太平洋
レア度：★★★☆☆
人気：★★★☆☆
撮り易さ：★★★☆☆",nagabudai2.jpg,欠損
ハゲブダイ,Daisy parrotfish,hagebudai7.jpg,ブダイ科,"全長：30cm
生息：サンゴ礁池から外礁斜面に生息する。
分布：九州南部以南、紅海から中部太平洋に分布
レア度：★☆☆☆☆
人気：★★☆☆☆
撮り易さ：★★★☆☆",hagebudai8.jpg,hagebudai6.jpg
アオブダイ属の１種,‐,aobudai1-1.jpg,ブダイ科,"全長：50cm
生息：サンゴ礁原から外礁斜面に生息する。
分布：小笠原諸島？
レア度：★★★★★
人気：★★☆☆☆
撮り易さ：★★★☆☆
イチモンジブダイに似るが、顎部、腹部の体色が異なる。
別種か体色変化か判断できず。",欠損,欠損
スジブダイ,Surf parrotfish,sujibudai1.jpg,ブダイ科,"全長：40cm
生息：サンゴ礁原から外礁斜面に生息する。
分布：高知県以南、西太平洋
レア度：★★★☆☆
人気：★★☆☆☆
撮り易さ：★★★☆☆",欠損,欠損
ブチブダイ,Dusky parrotfish,buchibudai1.jpg,ブダイ科,"全長：40cm
生息：サンゴ礁の浅域
分布：高知県以南、インド洋から太平洋
レア度：★★★☆☆
人気：★★☆☆☆
撮り易さ：★★★☆☆",欠損,欠損
アミメブダイ,Bridled parrotfish,amimebudai1.jpg,ブダイ科,"全長：40cm
生息：珊瑚礁や岩礁域の浅所
分布：駿河湾以南、インド洋から太平洋
レア度：★★★☆☆
人気：★★★☆☆
撮り易さ：★★★☆☆",欠損,欠損
シジュウカラ,Palecheek Parrotfish,shijuukara1.jpg,ブダイ科,"全長：30cm
生息：サンゴ礁の浅域
分布：静岡県以南、西部太平洋
レア度：★★★★☆

人気：★★☆☆☆
撮り易さ：★★★☆☆",shijuukara2.jpg,欠損
ダイダイブダイ,Globehead parrotfish,daidaibudai1.jpg,ブダイ科,"全長：30cm
生息：サンゴ礁の浅域
分布：琉球列島以南、インド洋から太平洋
レア度：★★★☆☆
人気：★★☆☆☆
撮り易さ：★★★☆☆",欠損,欠損
ナンヨウブダイ,Steephead parrotfish,nanyoubudai3.jpg,ブダイ科,"全長：70cm
生息：潮通しの良いサンゴ礁の外礁域
分布：琉球列島以南、紅海から中部太平洋に分布
レア度：★★☆☆☆
人気：★★☆☆☆
撮り易さ：★★★☆☆",nanyoubudai2.jpg,nanyoubudai1.jpg
カワリブダイ,Yellowbarred Parrotfish,kawaribudai2.jpg,ブダイ科,"全長：30cm
生息：サンゴ礁の浅域
分布：琉球列島以南、西太平洋
レア度：★★★☆☆
人気：★★☆☆☆
撮り易さ：★★★☆☆",kawaribudai1.jpg,kawaribudai3.jpg
キビレブダイ,Yellow-tail parrotfish,kibirebudai3.jpg,ブダイ科,"全長：30cm
生息：潮通しの良いサンゴ礁
分布：琉球列島以南、ジャワ島からパラオに分布
レア度：★★☆☆☆
人気：★★☆☆☆
撮り易さ：★★★☆☆",kibirebudai2.jpg,kibirebudai1.jpg
ニシキブダイ,Singapore parrotfish,nishikibudai1.jpg,ブダイ科,"全長：70cm
生息：サンゴ礁礁縁部
分布：琉球列島以南、インドから西太平洋
レア度：★★★☆☆
人気：★★★☆☆
撮り易さ：★★★☆☆",欠損,欠損
イトヒキブダイ,Filament-finned parrotfish,itohikibudai1.jpg,ブダイ科,"全長：70cm
生息：サンゴ礁原から外礁斜面に生息する。
分布：小笠原諸島、太平洋中西部
レア度：★★★★☆

人気：★★★☆☆
撮り易さ：★★★☆☆",itohikibudai3.jpg,itohikibudai2.jpg
カンムリブダイ,Bumphead parrotfish,kanmuribudai4.jpg,ブダイ科,"全長：120cm
生息：サンゴ礁礁縁域を群れで遊泳する。
分布：八重山諸島以南、インド洋から太平洋
レア度：★★★☆☆
人気：★★★★☆

撮り易さ：★★☆☆☆
生きたサンゴを主食とする。大きな群れでの産卵行動が知られている。",kanmuribudai1.jpg,kanmuribudai2.jpg
オオモンハゲブダイ,Bower's parrotfish,oomonhagebudai1.jpg,ブダイ科,"全長：30cm
生息：潮通しの良いサンゴ礁
分布：琉球列島以南、西太平洋
レア度：★★☆☆☆
人気：★★☆☆☆
撮り易さ：★★★☆☆",欠損,欠損
イチモンジブダイ,Forsten's parrotfish,ichimonjibudai1.jpg,ブダイ科,"全長：50cm
生息：サンゴ礁原から外礁斜面に生息する。
分布：高知県以南、西太平洋
レア度：★★☆☆☆
人気：★★☆☆☆
撮り易さ：★★★☆☆",ichimonjibudai4.jpg,ichimonjibudai5.jpg
トリカラーパロットフィッシュ,Tricolour parrotfish,tricolourparrotfish1.jpg,ブダイ科,"全長：55cm
生息：サンゴ礁原から外礁斜面に生息する。
分布：東アフリカから太平洋中部
レア度：★★☆☆☆
人気：★★☆☆☆
撮り易さ：★★★☆☆",欠損,欠損
ユウゼン,Wrought iron butterflyfish,yuuzen5.jpg,チョウチョウウオ科,"全長：15cm
生息：サンゴ礁域に生息。
分布：日本にしかいない固有種。
八丈島や小笠原諸島など限られた場所でしか見ることができない。
レア度：★★★★★
人気：★★★★★
撮り易さ：★★★☆☆",yuuzen3.jpg,yuuzen4.jpg
チョウハン,Raccoon butterflyfish,chouhan1.jpg,チョウチョウウオ科,"全長：20cm
生息：岩礁、サンゴ礁域に生息。
分布：東アフリカからインドネシア、太平洋にかけて広く分布する。
日本では千葉県以南に確認される。
レア度：★★☆☆☆
人気：★★★☆☆
撮り易さ：★★★☆☆
顔の黒い線が特徴である。タヌキの様にも見えることから、英名ではRaccoon（タヌキ）が名前に入っている。",chouhan2.jpg,chouhan3.jpg
シラコダイ,Japanese butterflyfish,shirakodai1.jpg,チョウチョウウオ科,"全長：15cm
生息：岩礁域に生息する。
分布：日本本州南部から台湾、フィリピンに分布する。
レア度：★★☆☆☆
人気：★★☆☆☆
撮り易さ：★★★☆☆
チョウチョウウオの中では低温に強い種類であり、館山や伊豆でも大きな群れが見られる。",shirakodai2.jpg,shirakodai3.jpg
バーバーフィッシュ,Barberfish,barberfish1.jpg,チョウチョウウオ科,"全長：20cm
分布：東部太平洋の熱帯、亜熱帯域。
レア度：★★★★☆

人気：★★★☆☆
写真映え：★★★☆☆
Johnrandallia属に属する唯一の種。コルテス海ではよく見かける。",barberfish2.jpg,barberfish4.jpg
チョウチョウウオ,Oriental butterflyfish,chouchouuo8.jpg,チョウチョウウオ科,"全長：20cm
生息：岩礁、サンゴ礁域に生息。
分布：南シナ海から太平洋に生息。
日本では中部以南に分布する。
レア度：★★☆☆☆
人気：★★☆☆☆
撮り易さ：★★★☆☆
チョウチョウウオ科の中では日本国内に最も多く生息している種であり、時には数百匹の群れを形成する事もある。チョウチョウウオの中では比較的低温に強い種である。",chouchouuo7.jpg,chouchouuo6.jpg
ヤリカタギ,Chevroned butterflyfish,yarikatagi5.jpg,チョウチョウウオ科,"全長：18cm
生息：サンゴ礁域に生息。
分布：紅海、東アフリカからインド、太平洋に分布。
日本では駿河湾以南で見られる。
レア度：★★★☆☆
人気：★★★☆☆
撮り易さ：★★☆☆☆",yarikatagi6.jpg,yarikatagi1.jpg
ハタタテダイ,Longfin bannerfish,hatatatedai3.jpg,チョウチョウウオ科,"全長：25cm
生息：岩礁や礁付近の砂地に生息する。
分布：紅海、東アフリカからインド洋、太平洋に分布。
日本でも本州以南の広い範囲で見られる。
レア度：★★☆☆☆
人気：★★★☆☆
撮り易さ：★★☆☆☆",hatatatedai2.jpg,欠損
トノサマダイ,Oval-spot butterflyfish,tonosamadai4.jpg,チョウチョウウオ科,"全長：18cm
生息：サンゴ礁域に生息。
分布：スリランカから西部太平洋に分布する。
日本では沖縄以南で見られる。
レア度：★★★☆☆
人気：★★★☆☆
撮り易さ：★★☆☆☆",tonosamadai5.jpg,tonosamadai6.jpg
フエヤッコダイ,Longnose butterflyfish,fueyakkodai5.jpg,チョウチョウウオ科,"全長：20cm
生息：サンゴ礁域に生息。
分布：東アフリカから太平洋、紅海など
レア度：★★★☆☆
人気：★★★★☆

撮り易さ：★★★☆☆
長く伸びる口と、知りびれの黒点が特徴。オオフエヤッコダイと比べて口の長さは短い。",fueyakkodai5.jpg,fueyakkodai2.jpg
オオフエヤッコダイ,Big longnose butterflyfish,oofueyakkodai3.jpg,チョウチョウウオ科,"全長：22cm
生息：サンゴ礁域に生息。
分布：東アフリカからインドネシア、西太平洋に分布。
日本では沖縄以南で見られる
レア度：★★★★☆

人気：★★★★☆

撮り易さ：★★★☆☆
吻の長さがフエヤッコダイより長くなる。",oofueyakkodai2.jpg,oofueyakkodai1.jpg
アミチョウチョウウオ,Latticed butterflyfish,amichouchouuo4.jpg,チョウチョウウオ科,"全長：15cm
生息：サンゴ礁域に生息。
分布：スリランカからインドネシア、西太平洋に生息。
日本では沖縄本島以南に多く見られる。
レア度：★★★★☆

人気：★★★☆☆
撮り易さ：★★☆☆☆",amichouchouuo1.jpg,amichouchouuo3.jpg
ハクテンカタギ,Reticulated butterflyfish,hakutenkatagi3.jpg,チョウチョウウオ科,"全長：16cm
生息：浅いサンゴ礁域に生息する。
分布：インドネシアから西太平洋に分布。
日本では沖縄以南、小笠原諸島で見られる。
レア度：★★★★☆

人気：★★★☆☆
撮り易さ：★★☆☆☆",hakutenkatagi4.jpg,hakutenkatagi2.jpg
コクテンカタギ,Crochet butterflyfish,kokutenkatagi1.jpg,チョウチョウウオ科,"全長：15cm
生息：サンゴ礁域に生息。
分布：フィリピンからニューギニア、オーストラリアまでの西部太平洋。
日本では伊豆半島、小笠原諸島などに分布。
レア度：★★★★☆

人気：★★★☆☆
撮り易さ：★★☆☆☆",kokutenkatagi4.jpg,kokutenkatagi2.jpg
オウギチョウチョウウオ,Meyer's butterflyfish,ougichouchouuo2.jpg,チョウチョウウオ科,"全長：18cm
生息：サンゴ礁域に生息。
分布：東アフリカからインドネシア、西太平洋に分布。
レア度：★★★★☆

人気：★★★★☆

撮り易さ：★★☆☆☆",ougichouchouuo1.jpg,欠損
オニハタタテダイ,Masked bannerfish,onihatatatedai3.jpg,チョウチョウウオ科,"全長：23cm
生息：岩礁、サンゴ礁域に生息。
分布：インドネシアからオーストラリアまでの西太平洋に分布。
日本では伊豆七島、田辺湾以南で見られる。
レア度：★★★☆☆
人気：★★★☆☆
撮り易さ：★★☆☆☆",onihatatatedai2.jpg,onihatatatedai1.jpg
タキゲンロクダイ,Highfin coralfish,takigenrokudai2.jpg,チョウチョウウオ科,"全長：20cm
生息：岩礁、サンゴ礁域に生息。
分布：静岡県以南、アンダマン海から東オーストラリア
レア度：★★★★☆

人気：★★★☆☆
撮り易さ：★★★☆☆",takigenrokudai1.jpg,欠損
トゲチョウチョウウオ,Threadfin butterflyfish,togechouchouuo7.jpg,チョウチョウウオ科,"全長：23cm
生息：岩礁、サンゴ礁域や礁付近の砂地に生息する。
分布：紅海や東アフリカからインド洋、太平洋に分布。
夏から秋にかけて伊豆や館山でも幼魚が見られるが、その多くは
死滅型の分布である。
レア度：★★☆☆☆
人気：★★★★☆

撮り易さ：★★★☆☆",togechouchouuo3.jpg,togechouchouuo8.jpg
ゴマチョウチョウウオ,Speckled butterflyfish,gomachouchouuo4.jpg,チョウチョウウオ科,"全長：13cm
生息：サンゴ礁域に生息。
分布：東アフリカからフィリピン、オーストラリアに分布。日本では千葉県以南で見られる。
レア度：★★★☆☆
人気：★★★☆☆
撮り易さ：★★☆☆☆",gomachouchouuo5.jpg,gomachouchouuo6.jpg
ツキチョウチョウウオ,Blackcap butterflyfish,tsukichouchouuo4.jpg,チョウチョウウオ科,"全長：20cm
生息：サンゴ礁域に生息。
分布：伊豆半島以南の南日本、タイ、フィリピンに分布する。
レア度：★★★★★
人気：★★★★☆

撮り易さ：★★★☆☆
日本からの報告例は少ない。",tsukichouchouuo3.jpg,tsukichouchouuo5.jpg
イッテンチョウチョウウオ,Teardrop butterflyfish,ittenchouchouuo4.jpg,チョウチョウウオ科,"全長：20cm
生息：サンゴ礁域に生息。
分布：インドネシアからオーストラリアまでの西太平洋に分布。
日本では和歌山以南に生息する。
レア度：★★★☆☆
人気：★★★☆☆
撮り易さ：★★☆☆☆",ittenchouchouuo5.jpg,ittenchouchouuo3.jpg
ムレハタタテダイ,Schooling bannerfish,murehatatatedai3.jpg,チョウチョウウオ科,"全長：21cm
生息：岩礁、サンゴ礁域付近で大きな群れを作って行動する。
分布：紅海、東アフリカからインド洋、太平洋に分布。
日本では伊豆半島以南で見られる。
レア度：★★★☆☆
人気：★★★☆☆
撮り易さ：★★☆☆☆",murehatatatedai4.jpg,murehatatatedai5.jpg
アミメチョウチョウウオ,Crosshatch butterflyfish,amimechouchouuo4.jpg,チョウチョウウオ科,"全長：15cm
生息：サンゴ礁域に生息。
分布：東南アジアや南日本に生息。
レア度：★★★☆☆
人気：★★★☆☆
撮り易さ：★★☆☆☆",amimechouchouuo2.jpg,amimechouchouuo3.jpg
ベニオチョウチョウウオ,Atoll butterflyfish,beniochouchouuo1.jpg,チョウチョウウオ科,"全長：12cm
生息：サンゴ礁域に生息。
分布：小笠原諸島、奄美大島以南の日本、西部太平洋。
レア度：★★★★☆

人気：★★★☆☆
撮り易さ：★★☆☆☆",beniochouchouuo2.jpg,欠損
テングチョウチョウウオ,Yellow-dotted butterflyfish,tenguchouchouuo1.jpg,チョウチョウウオ科,"全長：15cm
生息：サンゴ礁域に生息。
分布：インドネシアからニューギニアにかけて、南日本にも生息。
レア度：★★★☆☆
人気：★★★☆☆
撮り易さ：★★☆☆☆",tenguchouchouuo2.jpg,tenguchouchouuo3.jpg
レモンチョウチョウウオ,Dotted butterflyfish,lemonchouchouuo1.jpg,チョウチョウウオ科,"全長：25cm
生息：サンゴ礁域に生息。
分布：東アフリカからインド洋、西太平洋に分布。
レア度：★★★★☆

人気：★★★☆☆
撮り易さ：★★☆☆☆",欠損,欠損
カスミチョウチョウウオ,Pyramid butterflyfish,kasumichouchouuo8.jpg,チョウチョウウオ科,"全長：18cm
生息：潮あたりの良いサンゴ礁外縁に大きな群れを形成する。
分布：インドネシアから西オーストラリアにかけて分布。
日本では和歌山以南に生息している。
レア度：★★★☆☆
人気：★★★★☆

撮り易さ：★★☆☆☆",kasumichouchouuo7.jpg,kasumichouchouuo6.jpg
セグロチョウチョウウオ,Saddled butterflyfish,segurochouchouuo5.jpg,チョウチョウウオ科,"全長：23cm
生息：内湾の岩礁、サンゴ礁域に生息。
分布：スリランカから東南アジア、西オーストラリアに分布。
日本では千葉県以南で見られる。
レア度：★★★☆☆
人気：★★★☆☆
撮り易さ：★★☆☆☆",segurochouchouuo6.jpg,segurochouchouuo3.jpg
シテンチョウチョウウオ,Fourspot butterflyfish,shitenchouchouuo2.jpg,チョウチョウウオ科,"全長：15cm
生息：サンゴ礁域に生息。
分布：小笠原諸島、奄美大島以南の日本、西部太平洋。
レア度：★★★★★
人気：★★★★☆

撮り易さ：★★★☆☆",shitenchouchouuo3.jpg,shitenchouchouuo1.jpg
レッドシーバナーフィッシュ,Red Sea bannerfish,redseabannerfish3.jpg,チョウチョウウオ科,"全長：15cm
分布：紅海固有種
レア度：★★★★☆

人気：★★★★☆

写真映え：★★★☆☆
ハタタテダイと似ているが、体側がより黄色い。",redseabannerfish1.jpg,redseabannerfish2.jpg
ツノハタタテダイ,Humphead bannerfish,tsunohatatatedai2.jpg,チョウチョウウオ科,"全長：22cm
生息：岩礁、サンゴ礁域に生息。
分布：インドネシアから西太平洋に分布。
日本では和歌山以南に生息している。
レア度：★★★☆☆
人気：★★★☆☆
撮り易さ：★★☆☆☆",tsunohatatatedai1.jpg,欠損
キスジゲンロクダイ,Orange-banded coralfish,kisujigenrokudai1.jpg,チョウチョウウオ科,"全長：15cm
生息：岩礁帯や泥底に生息する。
分布：小笠原、台湾、南シナ海、西オーストラリアに分布する。
レア度：★★★★☆

人気：★★★☆☆
撮り易さ：★★☆☆☆",欠損,欠損
シマハタタテダイ,singular bannerfish,shimahatatatedai1.jpg,チョウチョウウオ科,"全長：24cm
生息：岩礁、サンゴ礁域に生息。
分布：伊豆半島以南の日本、西部太平洋。
レア度：★★★★☆

人気：★★★☆☆
撮り易さ：★★☆☆☆",欠損,欠損
ヤスジチョウチョウウオ,Eight-banded butterflyfish,yasujichouchouuo5.jpg,チョウチョウウオ科,"全長：12cm
生息：サンゴ礁域に生息。
分布：スリランカからニューギニアまでの西太平洋に生息。
日本では沖縄本島以南に見られる。
レア度：★★★☆☆
人気：★★★☆☆
撮り易さ：★★☆☆☆",yasujichouchouuo6.jpg,yasujichouchouuo4.jpg
カガミチョウチョウウオ,Asian butterflyfish,kagamichouchouuo6.jpg,チョウチョウウオ科,"全長：15cm
生息：岩礁、サンゴ礁域に生息。
分布：西太平洋に分布。日本では千葉県以南で見られる。
レア度：★★☆☆☆
人気：★★☆☆☆
撮り易さ：★★☆☆☆",kagamichouchouuo1.jpg,kagamichouchouuo2.jpg
スダレチョウチョウウオ,Pacific double-saddle butterflyfish,sudarechouchouuo3.jpg,チョウチョウウオ科,"全長：15cm
生息：サンゴ礁域に生息。
分布：インドネシアからオーストラリアまでの西太平洋に分布。
日本では沖縄以南に生息する。
レア度：★★★☆☆
人気：★★★☆☆
撮り易さ：★★☆☆☆",sudarechouchouuo4.jpg,sudarechouchouuo2.jpg
フウライチョウチョウウオ,Vagabond butterflyfish,fuuraichouchouuo5.jpg,チョウチョウウオ科,"全長：23cm
生息：岩礁、サンゴ礁域に生息。
分布：千葉県以南、紅海から東アフリカ、インド、太平洋に分布する。
レア度：★★☆☆☆
人気：★★★☆☆
撮り易さ：★★☆☆☆",fuuraichouchouuo7.jpg,fuuraichouchouuo4.jpg
ミゾレチョウチョウウオ,Blacklip butterflyfish,mizorechouchouuo4.jpg,チョウチョウウオ科,"全長：18cm
生息：サンゴ礁域に生息。
分布：東アフリカから西太平洋にかけて分布。
日本では千葉県以南で見られる。
レア度：★★☆☆☆
人気：★★★☆☆
撮り易さ：★★☆☆☆",mizorechouchouuo5.jpg,mizorechouchouuo3.jpg
ツーアイドコーラルフィッシュ,Two-eyed coralfish,twoeyedcoralfish4.jpg,チョウチョウウオ科,"全長：15cm
生息：岩礁帯や泥底に生息する。
分布：インドネシアやフィリピンなどの西太平洋。日本にはいないかも。
レア度：★★★★☆

人気：★★★☆☆
撮り易さ：★★☆☆☆",twoeyedcoralfish1.jpg,twoeyedcoralfish3.jpg
ミカドチョウチョウウオ,Eastan triangular butterflyfish,mikadochouchouuo1.jpg,チョウチョウウオ科,"全長：15cm
生息：サンゴ礁域に生息。
分布：フィリピンからミクロネシア、グレードバリリーフに生息。
日本では沖縄本島以南に多く見られる。
レア度：★★★☆☆
人気：★★★☆☆
撮り易さ：★★☆☆☆",mikadochouchouuo2.jpg,mikadochouchouuo3.jpg
ミスジチョウチョウウオ,Redfin butterflyfish,misujichouchouuo1.jpg,チョウチョウウオ科,"全長：15cm
生息：サンゴ礁域に生息。
分布：紅海、東アフリカからインド、太平洋に分布。
日本では駿河湾以南で見られる。
レア度：★★★☆☆
人気：★★★☆☆
撮り易さ：★★☆☆☆",misujichouchouuo2.jpg,misujichouchouuo3.jpg
ウミヅキチョウチョウウオ,Eclipse butterflyfish,umizukichouchouuo6.jpg,チョウチョウウオ科,"全長：18cm
生息：サンゴ礁域に生息。
分布：東アフリカから西太平洋に分布。
日本では千葉県以南で見られる。
レア度：★★★☆☆
人気：★★★☆☆
撮り易さ：★★☆☆☆",umizukichouchouuo3.jpg,umizukichouchouuo4.jpg
アケボノチョウチョウウオ,Black-backed butterflyfish,akebonochouchouuo6.jpg,チョウチョウウオ科,"全長：15cm
生息：浅いサンゴ礁域に生息する。
分布：東アフリカからインド洋、太平洋など広い範囲に生息。
日本では沖縄本島以南に多く見られる。
レア度：★★★☆☆
人気：★★★★☆

撮り易さ：★★☆☆☆",akebonochouchouuo1.jpg,akebonochouchouuo2.jpg
ミナミハタタテダイ,Pennant bannerfish,minamihatatatedai5.jpg,チョウチョウウオ科,"全長：18cm
生息：岩礁、サンゴ礁や礁付近の砂地に生息する。
分布：インドネシアからオーストラリアまでの西太平洋に分布。
日本では千葉県以南で見られる。
レア度：★★★☆☆
人気：★★★☆☆
撮り易さ：★★☆☆☆",minamihatatatedai4.jpg,minamihatatatedai1.jpg
ブラックバタフライフィッシュ,Black butterflyfish,blackbutterflyfish3.jpg,チョウチョウウオ科,"全長：22cm
生息：岩礁、サンゴ礁域に生息。
分布：東オーストラリアからポリネシアまでの南太平洋に分布。
レア度：★★★★★
人気：★★★★☆

撮り易さ：★★★☆☆
ニューカレドニアでは普通種",blackbutterflyfish1.jpg,blackbutterflyfish2.jpg
ハナグロチョウチョウウオ,Ornate butterflyfish,hanagurochouchouuo3.jpg,チョウチョウウオ科,"全長：18cm
生息：ミドリイシ類の周辺に多く生息する。
分布：モルディブ、インドネシアから西太平洋に分布。
日本では和歌山以南に生息している。
レア度：★★★☆☆
人気：★★★☆☆
撮り易さ：★★☆☆☆",hanagurochouchouuo2.jpg,hanagurochouchouuo1.jpg
クラカケチョウチョウウオ,Panda butterflyfish,kurakakechouchouuo3.jpg,チョウチョウウオ科,"全長：16cm
生息：内湾のサンゴ礁域に生息する。
分布：インドネシアから西オーストラリアにかけて分布。
日本では沖縄以南に生息している。
レア度：★★★★☆

人気：★★★☆☆
撮り易さ：★★☆☆☆",kurakakechouchouuo4.jpg,kurakakechouchouuo6.jpg
ハシナガチョウチョウウオ,Long-beaked coralfish,hashinagachouchouuo1.jpg,チョウチョウウオ科,"全長：20cm
生息：岩礁帯や泥底に生息する。
分布：八重山諸島、東アフリカからインド洋、太平洋域に分布する。
レア度：★★★☆☆
人気：★★★☆☆
撮り易さ：★★☆☆☆",hashinagachouchouuo2.jpg,欠損
ゴールデンバタフライフィッシュ,"Golden butterflyfish,",goldenbutterflyfish2.jpg,チョウチョウウオ科,"全長：30cm
分布：紅海固有種
レア度：★★★★★
人気：★★★★★
写真映え：★★★★★
鮮やかな金色の体色を持つ大型のチョウチョウウオ。その色合いと紅海固有の希少さから人気が高い。",goldenbutterflyfish3.jpg,goldenbutterflyfish1.jpg
シチセンチョウチョウウオ,Spot-banded butterflyfish,shichisenchouchouuo1.jpg,チョウチョウウオ科,"全長：12cm
生息：サンゴ礁域に生息。
分布：スリランカから西太平洋に分布。
日本では沖縄以南に生息しているが、生息数はあまり多くはない。
レア度：★★★★☆

人気：★★★★☆

撮り易さ：★★☆☆☆",shichisenchouchouuo5.jpg,shichisenchouchouuo4.jpg
バンデッドバタフライフィッシュ,Banded butterflyfish,bandedbutterflyfish1.jpg,チョウチョウウオ科,"全長：12cm
生息：サンゴ礁域に生息。
分布：大西洋、カリブ海
レア度：★★★☆☆
人気：★★★★☆

撮り易さ：★★★☆☆",bandedbutterflyfish2.jpg,bandedbutterflyfish3.jpg
スミツキトノサマダイ,Blue-spot butterflyfish,sumitsukitonosamadai3.jpg,チョウチョウウオ科,"全長：15cm
生息：岩礁、サンゴ礁域に生息。
分布：スリランカから西太平洋、ソロモン諸島に分布。
日本では神奈川県以南で見られる。
レア度：★★★★☆

人気：★★★☆☆
撮り易さ：★★☆☆☆",sumitsukitonosamadai4.jpg,sumitsukitonosamadai2.jpg
スポットフィンバタフライフィッシュ,Spotfin butterflyfish,spotfinbutterflyfish1.jpg,チョウチョウウオ科,"全長：15cm
生息：サンゴ礁域に生息。
分布：大西洋、カリブ海
レア度：★★★☆☆
人気：★★★★☆

撮り易さ：★★★☆☆",spotfinbutterflyfish2.jpg,spotfinbutterflyfish3.jpg
スポッテッドバタフライフィッシュ,Spotted butterflyfish,spottedbutterflyfish2.jpg,チョウチョウウオ科,"全長：12cm
生息：サンゴ礁域に生息。
分布：東アフリカからインド洋、西太平洋
レア度：★★★★☆

人気：★★★★☆

撮り易さ：★★★☆☆",spottedbutterflyfish1.jpg,欠損
レッドバックバタフライフィッシュ,Redback butterflyfish,redbackbutterflyfish3.jpg,チョウチョウウオ科,"全長：12cm
分布：紅海固有種
レア度：★★★★★
人気：★★★★★
写真映え：★★★★★
ベニチョウチョウウオと似ているが、本種は体側後部のが鮮やかなオレンジ色をしている。",redbackbutterflyfish2.jpg,redbackbutterflyfish1.jpg
ニセフウライチョウチョウウオ,Lined butterflyfish,nisefuuraichouchouuo5.jpg,チョウチョウウオ科,"全長：30cm
生息：サンゴ礁域に生息。
分布：紅海、東アフリカから太平洋まで広く分布。
日本では相模湾以南で見られる。
レア度：★★★☆☆
人気：★★★☆☆
撮り易さ：★★☆☆☆
チョウチョウウオ科の中で最も大きくなる種類である。",nisefuuraichouchouuo4.jpg,nisefuuraichouchouuo1.jpg
フォーアイバタフライフィッシュ,Foureye butterflyfish,foureyebutterflyfish3.jpg,チョウチョウウオ科,"全長：10cm
生息：岩礁、サンゴ礁域に生息。
分布：大西洋、カリブ海
レア度：★★★★☆

人気：★★★★☆

撮り易さ：★★★☆☆",foureyebutterflyfish1.jpg,foureyebutterflyfish2.jpg
スポットテイルバタフライフィッシュ,Spot-tail butterflyfish,spottailbutterflyfish1.jpg,チョウチョウウオ科,"全長：15cm
生息：浅いサンゴ礁域に生息する。
分布：インドネシアやフィリピン、オーストラリアなどに分布。
レア度：★★★★☆

人気：★★★★☆

撮り易さ：★★☆☆☆
体色はアケボノチョウチョウウオに似るが、尾びれの黒点で区別できる。",spottailbutterflyfish3.jpg,spottailbutterflyfish4.jpg
マルチバンドバタフライフィッシュ,Multiband Butterflyfish,multibandbutterflyfish1.jpg,チョウチョウウオ科,"全長：12cm
分布：ハワイ固有種
レア度：★★★★★
人気：★★★★☆

写真映え：★★★★☆

コガネチョウチョウウオと呼ばれることもある。",multibandbutterflyfish3.jpg,multibandbutterflyfish2.jpg
エクスクイジットバタフライフィッシュ,Exquisite butterflyfish,exquisitebutterflyfish1.jpg,チョウチョウウオ科,"全長：15cm
分布：紅海固有種
レア度：★★★★★
人気：★★★☆☆
写真映え：★★★★☆

サンゴ礁域に生息。ミスジチョウチョウチョウウオの近縁種。",exquisitebutterflyfish3.jpg,exquisitebutterflyfish2.jpg
ロングスナウトバタフライフィッシュ,Longsnout butterflyfish,longsnoutbutterflyfish3.jpg,チョウチョウウオ科,"全長：10cm
生息：岩礁、サンゴ礁域に生息。
分布：カリブ海
レア度：★★★★☆

人気：★★★★☆

撮り易さ：★★☆☆☆",longsnoutbutterflyfish2.jpg,longsnoutbutterflyfish1.jpg
ドットアンドダッシュバタフライフィッシュ,Dot and dash butterflyfish,dotanddashbutterflyfish2.jpg,チョウチョウウオ科,"全長：12cm
生息：岩礁、サンゴ礁域に生息。
分布：インドネシア、フィリピンから東オーストラリア
レア度：★★★★★
人気：★★★☆☆
撮り易さ：★★☆☆☆
個体によって模様は異なる",dotanddashbutterflyfish3.jpg,dotanddashbutterflyfish1.jpg
ミレットシードバタフライフィッシュ,Milletseed butterflyfish,milletseedbutterflyfish4.jpg,チョウチョウウオ科,"全長：14cm
分布：ハワイ固有種
レア度：★★★★★
人気：★★★☆☆
写真映え：★★★☆☆
ハワイではシュノーケリングでもよく見られる。",milletseedbutterflyfish1.jpg,milletseedbutterflyfish2.jpg
スリーバンデッドバタフライフィッシュ,Threebanded butterflyfish,threebandedbutterflyfish1.jpg,チョウチョウウオ科,"全長：20cm
分布：東部太平洋の熱帯、亜熱帯域。
レア度：★★★★☆

人気：★★★☆☆
写真映え：★★★☆☆
明確な白黒帯模様で水中でも見つけやすい。",threebandedbutterflyfish2.jpg,threebandedbutterflyfish4.jpg
ブルーストライプバタフライフィッシュ,Blue-striped butterflyfish,bluestripedbutterflyfish2.jpg,チョウチョウウオ科,"全長：15cm
分布：ハワイ固有種
レア度：★★★★★
人気：★★★★★
写真映え：★★★★★
金と青色の模様が非常に美しく、アクアリウムでも人気がある。",bluestripedbutterflyfish3.jpg,bluestripedbutterflyfish1.jpg
ブラックピラミッドバタフライフィッシュ,Blackpyramid butterflyfish,blackpyramidbutterflyfish1.jpg,チョウチョウウオ科,"全長：15cm
生息：潮あたりの良いサンゴ礁外縁に大きな群れを形成する。
分布：インド洋から西太平洋
レア度：★★★★☆

人気：★★★☆☆
撮り易さ：★★☆☆☆",欠損,欠損
レッドシーラクーンバタフライフィッシュ,Red Sea racoon butterflyfish,redsearacoonbutterflyfish3.jpg,チョウチョウウオ科,"全長：20cm
分布：紅海固有種
レア度：★★★★★
人気：★★★☆☆
写真映え：★★★☆☆
チョウハンの紅海版。オレンジ色がチョウハンより強く、尾鰭付け根に黒点を持たない。",redsearacoonbutterflyfish1.jpg,redsearacoonbutterflyfish2.jpg
ダンゴウオ,Japanese lumpsucker,dangouo7.jpg,ダンゴウオ科,"全長：4cm
生息：沿岸の岩礁域やタイドプールに生息する。
分布：青森県から三重県にかけて分布する。
レア度：★★★☆☆
人気：★★★★★
撮り易さ：★★★☆☆
体色は赤色や緑色、黄色など様々である。幼魚は頭部に白い筋があり、「天使の輪」と呼ばれ、人気がある。",dangouo8.jpg,dangouo6.jpg
ダルマガレイ,Largescale flounder,darumagarei2.jpg,ダルマガレイ科,"全長：12cm
生息：砂泥底域に生息する。
分布：伊豆半島以南、東アフリカからインド、西太平洋に分布する。
レア度：★★☆☆☆
人気：★★☆☆☆
撮り易さ：★★☆☆☆",darumagarei1.jpg,欠損
セイテンビラメ,Intermediate flounder,seitenbirame2.jpg,ダルマガレイ科,"全長：20cm
生息：砂底に生息する。
分布：伊豆半島以南、西太平洋に分布する。
レア度：★★★☆☆
人気：★★☆☆☆
撮り易さ：★★☆☆☆",seitenbirame1.jpg,欠損
ダルマガレイ科の1種,-,darumagarei1-1.jpg,ダルマガレイ科,"全長：-
cm
生息：サンゴ礁域の砂底、礫底に生息する。
分布：西表島にて確認
レア度：★★★★☆

人気：★★☆☆☆
撮り易さ：★★☆☆☆
カレイ目は判別が難しい．．．",欠損,欠損
モンダルマガレイ,Flowery flounder,mondarumagarei1.jpg,ダルマガレイ科,"全長：40cm
生息：サンゴ礁域の砂底、礫底に生息する。
分布：和歌山県以南、インド洋から西太平洋に分布する。
レア度：★★☆☆☆
人気：★★☆☆☆
撮り易さ：★★☆☆☆",mondarumagarei3.jpg,mondarumagarei2.jpg
トゲダルマガレイ,Leopard flounder,togedarumagarei2.jpg,ダルマガレイ科,"全長：30cm
生息：サンゴ礁域の砂底、礫底に生息する。
分布：和歌山県以南、紅海、インド洋から西太平洋に分布する。
レア度：★★☆☆☆
人気：★★☆☆☆
撮り易さ：★★☆☆☆",togedarumagarei1.jpg,欠損
ピーコックフラウンダー,Peacock flounder,peacockflounder2.jpg,ダルマガレイ科,"全長：40cm
生息：サンゴ礁域の砂底、礫底に生息する。
分布：カリブ海、西大西洋
レア度：★★★☆☆
人気：★★★☆☆
撮り易さ：★★★☆☆",peacockflounder1.jpg,欠損
コウベダルマガレイ,Kobe flounder,koubedarumagarei3.jpg,ダルマガレイ科,"全長：15cm
生息：砂底に生息する。
分布：伊豆半島以南、西太平洋に分布する。
レア度：★★★☆☆
人気：★★☆☆☆
撮り易さ：★★☆☆☆",koubedarumagarei1.jpg,koubedarumagarei2.jpg
ハマダツ,Flat needlefish,hamadatsu2.jpg,ダツ科,"全長：120cm
生息：沿岸の表層を遊泳する。
分布：下北半島以南の日本広域、西太平洋の温帯、熱帯域に分布する。
レア度：★★★☆☆
人気：★★★☆☆
撮り易さ：★★☆☆☆",hamadatsu1.jpg,欠損
オキザヨリ,Hound needlefish,okizayori1.jpg,ダツ科,"全長：130cm
生息：沿岸の表層を遊泳する。
分布：下北半島以南の日本広域、西太平洋の温帯、熱帯域に分布する。
レア度：★★★☆☆
人気：★★★☆☆
撮り易さ：★★☆☆☆",欠損,欠損
アカエイ,Japanese stingray,akaei4.jpg,エイ科,"全長：50cm
分布：南日本沿岸、中国沿岸に分布。
レア度：★★☆☆☆
人気：★★☆☆☆
写真映え：★★☆☆☆
砂泥地に生息する。砂に潜りじっとしていることが多い",akaei1.jpg,akaei2.jpg
ヤッコエイ,Blue-spotted sting ray,yakkoei5.jpg,エイ科,"全長：45cm
分布：日本沿岸に広く分布。東アフリカからミクロネシア。
レア度：★★☆☆☆
人気：★★☆☆☆
写真映え：★★☆☆☆
砂泥地に生息する。砂に潜りじっとしていることが多い",yakkoei6.jpg,yakkoei1.jpg
マダラエイ,Blotched fantail ray,madaraei1.jpg,エイ科,"全長：200cm
分布：東アフリカから紅海、太平洋に分布。
レア度：★★★☆☆
人気：★★★☆☆
写真映え：★★☆☆☆
砂泥地に生息する。",madaraei3.jpg,madaraei4.jpg
ヒラタエイ,Sepia stingray,hirataei1.jpg,エイ科,"全長：30cm
分布：本州南部以南、西部太平洋
レア度：★★☆☆☆
人気：★★☆☆☆
写真映え：★★☆☆☆
砂底、泥底域に生息する。砂に潜って身を隠す。",hirataei2.jpg,欠損
モブラ属の１種,Mobula sp,mobula1-1.jpg,エイ科,"全長：300cm
分布：-
レア度：★★★★☆

人気：★★★★☆

写真映え：★★★★☆

群れや単独で表中層を遊泳する。",欠損,欠損
ナンヨウマンタ,Alfred manta,nanyoumanta7.jpg,エイ科,"全長：500cm
分布：全世界の熱帯、亜熱帯海域に広く分布。
レア度：★★★☆☆
人気：★★★★★
写真映え：★★★★☆

表中層を遊泳する。",nanyoumanta9.jpg,nanyoumanta11.jpg
ルリホシエイ,Bluespotted ribbontail ray,rurihoshiei3.jpg,エイ科,"全長：90cm
分布：東アフリカから紅海、西太平洋に分布。
レア度：★★★☆☆
人気：★★★☆☆
写真映え：★★★☆☆
砂泥地や礁域に生息する。",rurihoshiei5.jpg,rurihoshiei4.jpg
マダラトビエイ,Spotted eagle ray,madaratobiei5.jpg,エイ科,"全長：200cm
分布：全世界の温帯～熱帯海域に広く分布。
レア度：★★☆☆☆
人気：★★★☆☆
写真映え：★★★☆☆
群れや単独で遊泳する。",madaratobiei7.jpg,madaratobiei6.jpg
ウシバナトビエイ,Flapnose ray,ushibanatobiei3.jpg,エイ科,"全長：150cm
分布：東アフリカ～インド洋、西部太平洋に分布
レア度：★★★☆☆
人気：★★★☆☆
写真映え：★★★☆☆
群れや単独で遊泳する。",ushibanatobiei2.jpg,ushibanatobiei1.jpg
イエロースティングレイ,Yellow stingray,yellowstingray5.jpg,エイ科,"全長：40cm
分布：大西洋、カリブ海
レア度：★★★☆☆
人気：★★★☆☆
写真映え：★★★☆☆
サンゴ礁域の砂地に生息する。砂の中に潜り身を隠す。",yellowstingray4.jpg,yellowstingray3.jpg
サザンスティングレイ,Southern stingray,southernstingray1.jpg,エイ科,"全長：120cm
分布：大西洋、カリブ海
レア度：★★★☆☆
人気：★★☆☆☆
写真映え：★★☆☆☆
砂泥地に生息する。砂に潜り身を隠す。アメリカアカエイとも呼ばれる。",欠損,欠損
ブルースアイスティングレイ,Bull's-eye stingray,bullseyestingray3.jpg,エイ科,"全長：30cm
分布：東部太平洋
レア度：★★★☆☆
人気：★★★☆☆
写真映え：★★★☆☆
砂底域や礫底域に潜む。Spot-on-spot
round
rayやleaf
stingrayとも呼ばれる。",bullseyestingray2.jpg,bullseyestingray1.jpg
カリビアンエレクトリックレイ,Caribbean electricray,caribbeanelectricray3.jpg,エイ科,"全長：40cm
分布：大西洋、カリブ海
レア度：★★★★☆

人気：★★★★☆

写真映え：★★☆☆☆
砂底やがれ場に生息する。砂に潜ることもある。体内に発電器官を持ち、襲われた際に相手を痺れさせる事が知られている。",caribbeanelectricray1.jpg,caribbeanelectricray2.jpg
カリフォルニアバタフライレイ,California butterfly ray,californiabutterflyray1.jpg,エイ科,"全長：130cm
分布：東部太平洋
レア度：★★★★★
人気：★★★☆☆
写真映え：★★★☆☆
沿岸の砂底域に潜る。",californiabutterflyray4.jpg,californiabutterflyray3.jpg
カリビアンウィップテイルスティングレイ,Caribbean whiptail stingray,caribbeanwhiptailstingray2.jpg,エイ科,"全長：120cm
分布：大西洋、カリブ海
レア度：★★★☆☆
人気：★★★☆☆
写真映え：★★★☆☆
砂泥地に生息する。砂に潜り身を隠す。",caribbeanwhiptailstingray1.jpg,caribbeanwhiptailstingray3.jpg
アカエソ,Red lizardfish,akaeso2.jpg,エソ科,"全長：33cm
生息：岩礁、サンゴ礁域
分布：千葉県以南、インド洋から太平洋
レア度：★★☆☆☆
人気：★★☆☆☆
撮り易さ：★★★☆☆
アカエソ属は区別が難しい．．．",akaeso6.jpg,akaeso3.jpg
オグロエソ,Blackblotch lizardfish,oguroeso1.jpg,エソ科,"全長：18cm
生息：サンゴ礁域、砂底域
分布：三宅島、琉球列島、インド洋から太平洋
レア度：★★★☆☆
人気：★★☆☆☆
撮り易さ：★★★☆☆",欠損,欠損
ニテンエソ,Two-spot lizard fish,niteneso3.jpg,エソ科,"全長：25cm
生息：岩礁、サンゴ礁域
分布：高知県以南、インド洋から太平洋
レア度：★★☆☆☆
人気：★★☆☆☆
撮り易さ：★★★☆☆
アカエソ属は区別が難しい．．．",niteneso1.jpg,niteneso2.jpg
マダラエソ,Slender lizardfish,madaraeso1.jpg,エソ科,"全長：25cm
生息：礁池に生息する。
分布：高知県以南、インド洋から太平洋
レア度：★★☆☆☆
人気：★★☆☆☆
撮り易さ：★★★☆☆",madaraeso3.jpg,madaraeso2.jpg
ホシノエソ,Blackear lizardfish,hoshinoeso2.jpg,エソ科,"全長：25cm
生息：砂底域
分布：伊豆半島以南、西太平洋
レア度：★★★☆☆
人気：★★☆☆☆
撮り易さ：★★★☆☆",hoshinoeso1.jpg,欠損
ニシアカエソ,Sand diver,nishiakaeso1.jpg,エソ科,"全長：42cm
生息：サンゴ礁域、砂底域
分布：大西洋、カリブ海
レア度：★★★☆☆
人気：★★☆☆☆
撮り易さ：★★★☆☆",nishiakaeso3.jpg,nishiakaeso2.jpg
ヒトスジエソ,Leef lizardfish,hitosujieso2.jpg,エソ科,"全長：25cm
生息：サンゴ礁域、砂底域
分布：琉球列島、西太平洋
レア度：★★☆☆☆
人気：★★☆☆☆
撮り易さ：★★★☆☆
アカエソ属は区別が難しい．．．",hitosujieso1.jpg,hitosujieso3.jpg
ミナミアカエソ,Clearfin Lizardfish,minamiakaeso1.jpg,エソ科,"全長：33cm
生息：サンゴ礁域、砂底域
分布：紀伊半島以南、琉球列島、インド洋から太平洋
レア度：★★☆☆☆
人気：★★☆☆☆
撮り易さ：★★★☆☆",minamiakaeso2.jpg,minamiakaeso3.jpg
ウチウミマダラエソ,Clouded lizardfish,uchiumimadaraeso1.jpg,エソ科,"全長：25cm
生息：内湾や河口域の砂泥底に生息する。
分布：高知県以南、インド洋から太平洋
レア度：★★★☆☆
人気：★★☆☆☆
撮り易さ：★★★☆☆",uchiumimadaraeso2.jpg,欠損
ウメイロ,Yellowtail false Fusilier,umeiro2.jpg,フエダイ科,"全長：50cm
生息：沿岸部から水深２００ｍ以深まで広い範囲に群れで生息する。
分布：伊豆半島以南、インド洋から西太平洋域
レア度：★★☆☆☆
人気：★★★☆☆
撮り易さ：★★☆☆☆
タカサゴ科に似る。",umeiro1.jpg,欠損
オキフエダイ,Blacktail snapper,okifuedai1.jpg,フエダイ科,"全長：45cm
生息：沿岸の岩礁域、砂底域
分布：南日本、インド洋から太平洋域
レア度：★★☆☆☆
人気：★★☆☆☆
撮り易さ：★★☆☆☆",okifuedai2.jpg,okifuedai4.jpg
ゴマフエダイ,Mangrove red snapper,gomafuedai1.jpg,フエダイ科,"全長：70cm
生息：河口から沿岸域
分布：南日本、インド洋から西太平洋域
レア度：★★☆☆☆
人気：★★☆☆☆
撮り易さ：★★☆☆☆",欠損,欠損
バラフエダイ,Red snapper,barafuedai2.jpg,フエダイ科,"全長：100cm
生息：岩礁域、サンゴ礁域
分布：琉球列島以南、西太平洋域
レア度：★★☆☆☆
人気：★★☆☆☆
撮り易さ：★★☆☆☆",barafuedai3.jpg,barafuedai1.jpg
タテフエダイ,Brownstripe snapper,tatefuedai1.jpg,フエダイ科,"全長：45cm
生息：岩礁域、サンゴ礁域
分布：琉球列島以南、西太平洋域
レア度：★★★☆☆
人気：★★★☆☆
撮り易さ：★★☆☆☆",tatefuedai2.jpg,欠損
イシフエダイ,Smalltooth jobfish,ishifuedai2.jpg,フエダイ科,"全長：40cm
生息：沿岸の岩礁域、サンゴ礁域
分布：琉球列島以南、インド洋から太平洋域
レア度：★★☆☆☆
人気：★★☆☆☆
撮り易さ：★★☆☆☆",ishifuedai3.jpg,ishifuedai1.jpg
ホソフエダイ,Two-spot snapper,hosofuedai4.jpg,フエダイ科,"全長：20cm
生息：沿岸の岩礁域、サンゴ礁域
分布：南日本、インド洋から西太平洋域
レア度：★★★☆☆
人気：★★☆☆☆
撮り易さ：★★☆☆☆",hosofuedai3.jpg,hosofuedai2.jpg
ヒメフエダイ,Humpback snapper,himefuedai3.jpg,フエダイ科,"全長：50cm
生息：沿岸の岩礁域、砂底域
分布：南日本、インド洋から太平洋域
レア度：★★☆☆☆
人気：★★☆☆☆
撮り易さ：★★☆☆☆",himefuedai2.jpg,himefuedai1.jpg
アミメフエダイ,Checkered snapper,amimefuedai1.jpg,フエダイ科,"全長：30cm
生息：岩礁域、サンゴ礁域
分布：琉球列島以南、西太平洋域
レア度：★★☆☆☆
人気：★★☆☆☆
撮り易さ：★★☆☆☆",amimefuedai2.jpg,欠損
イッテンフエダイ,One-spot snapper,ittenfuedai3.jpg,フエダイ科,"全長：60cm
生息：岩礁域、サンゴ礁域
分布：琉球列島、西太平洋域
レア度：★★★☆☆
人気：★★★☆☆
撮り易さ：★★☆☆☆",ittenfuedai1.jpg,ittenfuedai2.jpg
キンセンフエダイ,Bigeye snapper,kinsenfuedai2.jpg,フエダイ科,"全長：25cm
生息：岩礁域、サンゴ礁域
分布：琉球列島、インド洋から西太平洋域
レア度：★★☆☆☆
人気：★★★☆☆
撮り易さ：★★☆☆☆",kinsenfuedai4.jpg,kinsenfuedai5.jpg
ヨスジフエダイ,Bluestripe snapper,yosujifuedai2.jpg,フエダイ科,"全長：35cm
生息：沿岸の岩礁域、サンゴ礁域に群れで生息する。
分布：南日本、インド洋から西太平洋域
レア度：★☆☆☆☆
人気：★★★☆☆
撮り易さ：★★☆☆☆",yosujifuedai3.jpg,yosujifuedai4.jpg
マダラタルミ,Black snapper,madaratarumi5.jpg,フエダイ科,"全長：50cm
生息：岩礁域、サンゴ礁域
分布：南日本、紅海、東アフリカから西太平洋
レア度：★★☆☆☆
人気：★★★☆☆
撮り易さ：★★☆☆☆
幼魚は体をくねらせて泳ぐ。",madaratarumi6.jpg,madaratarumi4.jpg
ロクセンフエダイ,Five-lined snapper,rokusenfuedai2.jpg,フエダイ科,"全長：30cm
生息：岩礁域、サンゴ礁域
分布：南日本、インド洋から西太平洋域
レア度：★★☆☆☆
人気：★★★☆☆
撮り易さ：★★☆☆☆",rokusenfuedai3.jpg,rokusenfuedai1.jpg
ホホスジタルミ,Midnight snapper,hohosujitarumi4.jpg,フエダイ科,"全長：50cm
生息：岩礁域、サンゴ礁域
分布：南日本、インド洋から西太平洋域
レア度：★★☆☆☆
人気：★★★☆☆
撮り易さ：★★☆☆☆
幼魚は体をくねらせて泳ぐ。",hohosujitarumi3.jpg,hohosujitarumi2.jpg
クロホシフエダイ,Russell's snapper,kurohoshifuedai3.jpg,フエダイ科,"全長：55cm
生息：沿岸の岩礁域や砂地
分布：伊豆半島以南、インド洋から西太平洋域
レア度：★★☆☆☆
人気：★★☆☆☆
撮り易さ：★★☆☆☆",kurohoshifuedai1.jpg,kurohoshifuedai2.jpg
イエローバンデッドスナッパー,Yellow-banded snapper,yellowbandedsnapper2.jpg,フエダイ科,"全長：30cm
生息：岩礁域、サンゴ礁域
分布：東オーストラリア、ニューカレドニア
レア度：★★★★☆

人気：★★★☆☆
撮り易さ：★★☆☆☆",yellowbandedsnapper1.jpg,欠損
ニセクロホシフエダイ,Longspot snapper,nisekurohoshifuedai3.jpg,フエダイ科,"全長：30cm
生息：沿岸の岩礁域
分布：琉球列島以南、西太平洋域
レア度：★★☆☆☆
人気：★★☆☆☆
撮り易さ：★★☆☆☆",nisekurohoshifuedai2.jpg,nisekurohoshifuedai1.jpg
メイチダイ,Grey large-eye bream,meichidai1.jpg,フエフキダイ科,"全長：45cm
生息：岩礁、砂底域に生息する。
分布：伊豆半島以南、インドから西太平洋に分布する。
レア度：★★★☆☆
人気：★★☆☆☆
撮り易さ：★★☆☆☆",欠損,欠損
学名：Lethrinus mahsena,Sky emperor,欠損,フエフキダイ科,,欠損,欠損
イトフエフキ,Threadfin emperor,itofuefuki3.jpg,フエフキダイ科,"全長：25cm
生息：岩礁、サンゴ礁域に生息する。
分布：千葉県以南、インドから西太平洋に分布する。
レア度：★★☆☆☆
人気：★★☆☆☆
撮り易さ：★★★☆☆",欠損,欠損
タマメイチ,Blacknape large-eye bream,tamameichi1.jpg,フエフキダイ科,"全長：50cm
生息：岩礁、サンゴ礁域に生息する。
分布：鹿児島県以南、インドから西太平洋に分布する。
レア度：★★★☆☆
人気：★★☆☆☆
撮り易さ：★★★☆☆",tamameichi2.jpg,欠損
イソフエフキ,Sky emperor,isofuefuki1.jpg,フエフキダイ科,"全長：50cm
生息：岩礁、サンゴ礁域に生息する。
分布：和歌山県以南、インドから西太平洋に分布する。
レア度：★★☆☆☆
人気：★★☆☆☆
撮り易さ：★★★☆☆",欠損,欠損
マトフエフキ,Thumbprint emperor,matofuefuki1.jpg,フエフキダイ科,"全長：60cm
生息：サンゴ礁域に生息する。群れで行動することが多い。
分布：鹿児島県以南、インドから西太平洋に分布する。
レア度：★★★☆☆
人気：★★☆☆☆
撮り易さ：★★★☆☆",欠損,欠損
ハマフエフキ,Spangled emperor,hamafuefuki2.jpg,フエフキダイ科,"全長：90cm
生息：岩礁、サンゴ礁域に生息する。
分布：千葉県以南、インドから西太平洋に分布する。
レア度：★★☆☆☆
人気：★★★☆☆
撮り易さ：★★★☆☆
好奇心が強く、ダイバーに寄ってくることがある。",hamafuefuki1.jpg,hamafuefuki3.jpg
ノコギリダイ,Striped large-eye bream,nokogiridai1.jpg,フエフキダイ科,"全長：30cm
生息：サンゴ礁域に生息する。群れで行動することが多い。
分布：高知県以南、インドから西太平洋に分布する。
レア度：★☆☆☆☆
人気：★★☆☆☆
撮り易さ：★★★☆☆",nokogiridai4.jpg,nokogiridai5.jpg
グラスエンペラー,Grass emperor,grassemperor1.jpg,フエフキダイ科,"全長：50cm
生息：岩礁、サンゴ礁域に生息する。
分布：インドネシアからソロモン諸島
レア度：★★★☆☆
人気：★★☆☆☆
撮り易さ：★★☆☆☆",欠損,欠損
ロングフィンエンペラー,Longfin emperor,longfinemperor1.jpg,フエフキダイ科,"全長：50cm
生息：岩礁、サンゴ礁域に生息する。
分布：東アフリカからパラオ
レア度：★★★☆☆
人気：★★☆☆☆
撮り易さ：★★☆☆☆",欠損,欠損
シモフリフエフキ,pinkear emperor,shimofurifuefuki2.jpg,フエフキダイ科,"全長：50cm
生息：岩礁、サンゴ礁域に生息する。
分布：琉球列島以南、インドから西太平洋に分布する。
レア度：★★★☆☆
人気：★★☆☆☆
撮り易さ：★★★☆☆",shimofurifuefuki1.jpg,欠損
タテシマフエフキ,Orange-striped emperor,tateshimafuefuki1.jpg,フエフキダイ科,"全長：40cm
生息：岩礁、サンゴ礁域に生息する。
分布：琉球列島以南、インドから西太平洋に分布する。
レア度：★★★☆☆
人気：★★☆☆☆
撮り易さ：★★★☆☆",欠損,欠損
ヨコシマクロダイ,Humpnose big-eye bream,yokoshimakurodai4.jpg,フエフキダイ科,"全長：60cm
生息：岩礁、サンゴ礁域に生息する。
分布：伊豆半島以南、インドから西太平洋に分布する。
レア度：★★☆☆☆
人気：★★☆☆☆
撮り易さ：★★★☆☆",yokoshimakurodai2.jpg,yokoshimakurodai3.jpg
クサフグ,Grass puffer,kusafugu1.jpg,フグ科,"全長：25cm
生息：水深50ｍ以浅の砂礫底、岩礁域
分布：青森県から琉球列島
レア度：★★☆☆☆
人気：★☆☆☆☆
撮り易さ：★★★☆☆",kusafugu2.jpg,欠損
モヨウフグ,Stellate puffer,moyoufugu2.jpg,フグ科,"全長：80cm
生息：水深50ｍ以浅の沿岸のサンゴ礁、岩礁域
分布：房総半島以南、インド洋、西太平洋の熱帯、亜熱帯域
レア度：★★☆☆☆
人気：★☆☆☆☆
撮り易さ：★★★☆☆",moyoufugu3.jpg,moyoufugu1.jpg
パプアントビー,Papuan toby,papuantoby1.jpg,フグ科,"全長：10cm
生息：水深40ｍ以浅の沿岸のサンゴ礁域
分布：八重山諸島、インド洋、太平洋の熱帯域
レア度：★★★☆☆
人気：★★★★☆

撮り易さ：★★★☆☆",papuantoby2.jpg,papuantoby3.jpg
ケショウフグ,Map puffer,keshoufugu3.jpg,フグ科,"全長：60cm
生息：沿岸のサンゴ礁、河口域
分布：紀伊半島以南、インド洋、西部太平洋の熱帯、亜熱帯域
レア度：★★☆☆☆
人気：★☆☆☆☆
撮り易さ：★★★☆☆",keshoufugu2.jpg,keshoufugu1.jpg
キタマクラ,Brown-lined puffer,kitamakura6.jpg,フグ科,"全長：15cm
生息：水深100ｍ以浅の沿岸のサンゴ礁、岩礁域
分布：房総半島以南、インド洋、西太平洋の熱帯、亜熱帯域
レア度：★★☆☆☆
人気：★☆☆☆☆
撮り易さ：★★★☆☆",kitamakura7.jpg,kitamakura5.jpg
コクテンフグ,Blackspotted puffer,kokutenfugu1.jpg,フグ科,"全長：25cm
生息：水深50ｍ以浅の沿岸のサンゴ礁
分布：琉球列島以南、インド洋、西部太平洋の熱帯
レア度：★★☆☆☆
人気：★★☆☆☆
撮り易さ：★★★☆☆",kokutenfugu5.jpg,kokutenfugu6.jpg
ショウサイフグ,Vermiculated puffer,shousaifugu1.jpg,フグ科,"全長：30cm
生息：水深100ｍ以浅の砂礫底、岩礁域
分布：岩手県以南、東シナ海
レア度：★★☆☆☆
人気：★☆☆☆☆
撮り易さ：★★★☆☆",欠損,欠損
サザナミフグ,White-spotted puffer,sazanamifugu1.jpg,フグ科,"全長：45cm
生息：水深30ｍ以浅の沿岸のサンゴ礁域
分布：房総半島以南、インド洋、太平洋の熱帯、亜熱帯域
レア度：★★☆☆☆
人気：★☆☆☆☆
撮り易さ：★★★☆☆",sazanamifugu2.jpg,sazanamifugu4.jpg
スジモヨウフグ,Narrow-lined puffer,sujimoyoufugu1.jpg,フグ科,"全長：30cm
生息：水深30ｍ以浅の砂泥底
分布：駿河湾以南、西部太平洋の熱帯、亜熱帯域
レア度：★★★☆☆
人気：★☆☆☆☆
撮り易さ：★★★☆☆",sujimoyoufugu3.jpg,sujimoyoufugu2.jpg
ハナキンチャクフグ,Crowned puffer,hanakinchakufugu2.jpg,フグ科,"全長：14cm
生息：水深80ｍ以浅の沿岸のサンゴ礁域
分布：伊豆諸島以南、インド洋、太平洋の熱帯域
レア度：★★★☆☆
人気：★★★★☆

撮り易さ：★★★☆☆",hanakinchakufugu1.jpg,欠損
アラレキンチャクフグ,Spotted sharpnose,ararekinchakufugu1.jpg,フグ科,"全長：10cm
生息：水深50ｍ以浅の沿岸のサンゴ礁域
分布：太平洋西部の熱帯域
レア度：★★★☆☆
人気：★★★★☆

撮り易さ：★★★☆☆",ararekinchakufugu3.jpg,ararekinchakufugu2.jpg
シマキンチャクフグ,Valentinni's sharpnose puffer,shimakinchakufugu1.jpg,フグ科,"全長：10cm
生息：水深60ｍ以浅の沿岸のサンゴ礁域
分布：紀伊半島以南、インド洋、太平洋の熱帯、亜熱帯域
レア度：★★☆☆☆
人気：★★★★☆

撮り易さ：★★★☆☆",shimakinchakufugu5.jpg,shimakinchakufugu4.jpg
ブルースポッテッドパファー,Blue-spotted puffer,bluespottedpuffer3.jpg,フグ科,"全長：12cm
生息：沿岸のサンゴ礁域
分布：琉球列島、西部太平洋の熱帯域
レア度：★★★★☆

人気：★★★★☆

撮り易さ：★★★☆☆",bluespottedpuffer1.jpg,bluespottedpuffer2.jpg
カザリキンチャクフグ,Bennett's sharpnose puffer,kazarikinchakufugu1.jpg,フグ科,"全長：10cm
生息：水深20ｍ以浅の沿岸のサンゴ礁域
分布：琉球列島、インド洋、太平洋の熱帯域
レア度：★★★☆☆
人気：★★★★☆

撮り易さ：★★★☆☆",欠損,欠損
シボリキンチャクフグ,Honeycomb toby,shiborikinchakufugu1.jpg,フグ科,"全長：10cm
生息：水深30ｍ以浅の沿岸のサンゴ礁域
分布：琉球列島、インド洋、太平洋の熱帯域
レア度：★★★☆☆
人気：★★★★☆

撮り易さ：★★★☆☆",欠損,欠損
カサゴ,Marbled rockfish,kasago4.jpg,フサカサゴ科,"全長：30cm
生息：沿岸の岩礁域
分布：北海道南部以南、東シナ海に分布する。
レア度：★☆☆☆☆
人気：★★☆☆☆
撮り易さ：★★★★☆
",kasago1.jpg,kasago5.jpg
アカメバル,Darkbanded rockfish,akamebaru4.jpg,フサカサゴ科,"全長：25cm
生息：沿岸の岩礁域
分布：北海道南部から九州、朝鮮半島南部に分布する。
レア度：★★☆☆☆
人気：★★☆☆☆
撮り易さ：★★★☆☆
最近になり、メバルがアカメバル、クロメバル、シロメバルに種分けされた。",akamebaru5.jpg,akamebaru2.jpg
キリンミノ,Zebra turkeyfish,kirinmino4.jpg,フサカサゴ科,"全長：20cm
生息：沿岸の岩礁、サンゴ礁域
分布：相模湾以南、インド洋から太平洋
レア度：★★☆☆☆
人気：★★★☆☆
撮り易さ：★★★★☆
",kirinmino3.jpg,kirinmino6.jpg
オニカサゴ,Weedy stingfish,onikasago9.jpg,フサカサゴ科,"全長：25cm
生息：浅海のサンゴ礁、岩礁域
分布：琉球列島を除く南日本
レア度：★☆☆☆☆
人気：★★☆☆☆
撮り易さ：★★★☆☆",onikasago8.jpg,onikasago1.jpg
イソカサゴ,Cheekspot scorpionfish,isokasago2.jpg,フサカサゴ科,"全長：10cm
生息：浅海の岩礁域
分布：千葉県以南、インドから太平洋西部
レア度：★☆☆☆☆
人気：★★☆☆☆
撮り易さ：★★★☆☆",isokasago7.jpg,isokasago4.jpg
クロメバル,-,kuromebaru3.jpg,フサカサゴ科,"全長：25cm
生息：沿岸の岩礁域
分布：北海道南部から九州、朝鮮半島南部に分布する。
レア度：★★☆☆☆
人気：★★☆☆☆
撮り易さ：★★★☆☆
最近になり、メバルがアカメバル、クロメバル、シロメバルに種分けされた。",kuromebaru1.jpg,kuromebaru2.jpg
ミノカサゴ,Luna lionfish,minokasago6.jpg,フサカサゴ科,"全長：25cm
生息：沿岸の岩礁域
分布：北海道南部以南、インドから太平洋西部
レア度：★☆☆☆☆
人気：★★★☆☆
撮り易さ：★★★★☆
",minokasago1.jpg,minokasago5.jpg
ウルマカサゴ,Tassled scorpionfish,urumakasago2.jpg,フサカサゴ科,"全長：25cm
生息：サンゴ礁、岩礁域
分布：琉球列島、インドから太平洋西部
レア度：★★★☆☆
人気：★★☆☆☆
撮り易さ：★★★☆☆",urumakasago4.jpg,urumakasago1.jpg
ヨロイメバル,Armorclad rockfish,yoroimebaru1.jpg,フサカサゴ科,"全長：20cm
生息：沿岸の岩礁域、藻場
分布：岩手県から九州、朝鮮半島南部に分布する。
レア度：★★★☆☆
人気：★★☆☆☆
撮り易さ：★★★☆☆",欠損,欠損
アヤメカサゴ,Yerrowbarred red rockfish,ayamekasago1.jpg,フサカサゴ科,"全長：25cm
生息：30m以深の岩礁域に生息する。
分布：房総半島以南の南日本、朝鮮半島南部、東シナ海に分布する。
レア度：★★★☆☆
人気：★★☆☆☆
撮り易さ：★★★☆☆",欠損,欠損
ウッカリカサゴ,-,ukkarikasago2.jpg,フサカサゴ科,"全長：30cm
生息：沿岸の岩礁域
分布：北海道南部以南、東シナ海に分布する。
レア度：★★☆☆☆
人気：★★☆☆☆
撮り易さ：★★★★☆

カサゴと混同されることが多い",ukkarikasago1.jpg,欠損
ニラミカサゴ,Darkspotted scorpionfish,niramikasago1.jpg,フサカサゴ科,"全長：7cm
生息：浅海のサンゴ礁、岩礁域
分布：琉球列島、インドから太平洋西部
レア度：★★★★☆

人気：★★★☆☆
撮り易さ：★★☆☆☆",niramikasago2.jpg,欠損
サツマカサゴ,False stonefish,satsumakasago1.jpg,フサカサゴ科,"全長：20cm
生息：浅海のサンゴ礁、岩礁域
分布：南日本、東シナ海、南シナ海
レア度：★★★☆☆
人気：★★☆☆☆
撮り易さ：★★★☆☆",欠損,欠損
トゴットメバル,-,togottomebaru1.jpg,フサカサゴ科,"全長：20cm
生息：やや深場の岩礁域
分布：岩手県から九州、朝鮮半島南部に分布する。
レア度：★★★☆☆
人気：★★☆☆☆
撮り易さ：★★★☆☆",欠損,欠損
ハダカハオコゼ,Leaf scorpionfish,hadakahaokoze4.jpg,フサカサゴ科,"全長：10cm
生息：サンゴ礁、岩礁域
分布：高知県、八重山諸島、インド洋から太平洋
レア度：★★★☆☆
人気：★★★☆☆
撮り易さ：★★★★☆
",hadakahaokoze3.jpg,hadakahaokoze5.jpg
ニセボロカサゴ,-,niseborokasago2.jpg,フサカサゴ科,"全長：18cm
生息：やや深い岩礁域
分布：伊豆半島、紀伊半島などの太平洋域
レア度：★★★★☆

人気：★★★☆☆
撮り易さ：★★★★☆
",niseborokasago1.jpg,niseborokasago3.jpg
ハナミノカサゴ,Red lionfish,hanaminokasago5.jpg,フサカサゴ科,"全長：35cm
生息：沿岸の岩礁、サンゴ礁域
分布：駿河湾以南、インド洋から太平洋
レア度：★☆☆☆☆
人気：★★★☆☆
撮り易さ：★★★★☆
",hanaminokasago4.jpg,hanaminokasago1.jpg
ヒメサンゴカサゴ,Shortfin scorpionfish,himesangokasago2.jpg,フサカサゴ科,"全長：6cm
生息：サンゴ礁、岩礁域
分布：琉球列島、インドから太平洋西部
レア度：★★★★☆

人気：★★★☆☆
撮り易さ：★★★★☆
",himesangokasago3.jpg,himesangokasago1.jpg
カスリフサカサゴ,Yellowspotted scorpionfish,kasurifusakasago1.jpg,フサカサゴ科,"全長：8cm
生息：浅海のサンゴ礁、岩礁域
分布：琉球列島、インドから太平洋西部
レア度：★★★★☆

人気：★★★☆☆
撮り易さ：★★☆☆☆",欠損,欠損
ネッタイミノカサゴ,Broadbarred firefish,nettaiminokasago5.jpg,フサカサゴ科,"全長：20cm
生息：沿岸の岩礁、サンゴ礁域
分布：伊豆半島以南、インド洋から太平洋
レア度：★★☆☆☆
人気：★★★☆☆
撮り易さ：★★★★☆
",nettaiminokasago6.jpg,nettaiminokasago2.jpg
コクチフサカサゴ,Spotbelly rockfish,kokuchifusakasago2.jpg,フサカサゴ科,"全長：15cm
生息：沿岸の岩礁域
分布：房総半島以南の南日本、朝鮮半島南部
レア度：★★☆☆☆
人気：★★☆☆☆
撮り易さ：★★★☆☆",kokuchifusakasago1.jpg,欠損
ミミトゲオニカサゴ,Poss's scorpionfish,mimitogeonikasago1.jpg,フサカサゴ科,"全長：22cm
生息：サンゴ礁、岩礁域
分布：紅海、東アフリカから西太平洋
レア度：★★★☆☆
人気：★★☆☆☆
撮り易さ：★★★☆☆",mimitogeonikasago2.jpg,欠損
シマヒメヤマノカミ,Shortfin turkeyfish,shimahimeyamanokami10.jpg,フサカサゴ科,"全長：10cm
生息：沿岸の岩礁、砂底域
分布：伊豆半島以南、インド洋から太平洋
レア度：★★☆☆☆
人気：★★★☆☆
撮り易さ：★★★★☆
",shimahimeyamanokami3.jpg,shimahimeyamanokami9.jpg
スプレンディッドトードフィッシュ,Splendid Toadfish,splendidtoadfish3.jpg,ガマアンコウ科,"全長：20cm
生息：小さな岩穴を住処とし、穴からわずかに顔を出している姿が良く目撃される。
分布：コスメル島付近のみに分布する。
レア度：★★★★★
人気：★★★★★
撮り易さ：★★☆☆☆",splendidtoadfish4.jpg,splendidtoadfish2.jpg
ウイゴンベ,Swallowtail hawkfish,uigonbe2.jpg,ゴンベ科,"全長：14cm
生息：水深130ｍ以浅のサンゴ礁、岩礁域
分布：伊豆半島以南の南日本、インド洋から太平洋西部の熱帯、亜熱帯域
レア度：★★★☆☆
人気：★★☆☆☆
撮り易さ：★★★★☆
",uigonbe1.jpg,欠損
オキゴンベ,Yellow hawkfish,okigonbe2.jpg,ゴンベ科,"全長：14cm
生息：水深40ｍ以浅のサンゴ礁、岩礁域
分布：相模湾以南の南日本、インド洋、太平洋西部の熱帯、亜熱帯域
レア度：★★☆☆☆
人気：★★☆☆☆
撮り易さ：★★★★☆
",okigonbe3.jpg,okigonbe4.jpg
ベニゴンベ,Flame hawkfish,benigonbe2.jpg,ゴンベ科,"全長：9cm
生息：水深15ｍ以浅のサンゴ礁
分布：琉球列島、小笠原諸島、太平洋西部の熱帯域
レア度：★★★☆☆
人気：★★☆☆☆
撮り易さ：★★☆☆☆",benigonbe4.jpg,benigonbe1.jpg
クダゴンベ,Longnose hawkfish,kudagonbe5.jpg,ゴンベ科,"全長：9cm
生息：水深15ｍ以浅のサンゴ礁
分布：伊豆半島以南の南日本、インド洋から太平洋西部の熱帯、亜熱帯域
レア度：★★★☆☆
人気：★★★★☆

撮り易さ：★★★★☆
",kudagonbe4.jpg,kudagonbe3.jpg
ヒメゴンベ,Coral hawkfish,himegonbe5.jpg,ゴンベ科,"全長：9cm
生息：水深40ｍ以浅のサンゴ礁
分布：琉球列島、小笠原諸島、インド洋から太平洋の熱帯域
レア度：★★★☆☆
人気：★★☆☆☆
撮り易さ：★★★★☆
",himegonbe1.jpg,himegonbe4.jpg
ホシゴンベ,Blackside hawkfish,hoshigonbe1.jpg,ゴンベ科,"全長：23cm
生息：水深30ｍ以浅のサンゴ礁
分布：紀伊半島以南の南日本、インド洋から太平洋西部の熱帯、亜熱帯域
レア度：★★☆☆☆
人気：★★☆☆☆
撮り易さ：★★★★☆
",hoshigonbe2.jpg,hoshigonbe3.jpg
サラサゴンベ,Dwarf hawkfish,sarasagonbe4.jpg,ゴンベ科,"全長：7cm
生息：水深40ｍ以浅のサンゴ礁
分布：伊豆半島以南の南日本、太平洋西部の熱帯、亜熱帯域
レア度：★★☆☆☆
人気：★★☆☆☆
撮り易さ：★★★★☆
",sarasagonbe3.jpg,sarasagonbe1.jpg
ミナミゴンベ,Spotted hawkfish,minamigonbe2.jpg,ゴンベ科,"全長：12cm
生息：水深40ｍ以浅のサンゴ礁
分布：相模湾以南の南日本、太平洋西部の熱帯、亜熱帯域
レア度：★★★☆☆
人気：★★☆☆☆
撮り易さ：★★★★☆
",minamigonbe1.jpg,欠損
メガネゴンベ,Arc-eye hawkfish,meganegonbe3.jpg,ゴンベ科,"全長：13cm
生息：水深30ｍ以浅のサンゴ礁
分布：紀伊半島以南の南日本、インド洋から太平洋西部の熱帯、亜熱帯域
レア度：★☆☆☆☆
人気：★★☆☆☆
撮り易さ：★★★★☆
",meganegonbe4.jpg,meganegonbe2.jpg
イレズミゴンベ,Whitespot hawkfish,irezumigonbe1.jpg,ゴンベ科,"全長：29cm
生息：水深20ｍ以浅のサンゴ礁
分布：小笠原諸島、インド洋から太平洋西部の熱帯域
レア度：★★★★☆

人気：★★★☆☆
撮り易さ：★★★★☆
",欠損,欠損
スミツキゴンベ,-,sumitsukigonba1.jpg,ゴンベ科,"全長：9cm
生息：水深40ｍ以浅のサンゴ礁
分布：琉球列島、小笠原諸島、太平洋西部の熱帯域
レア度：★★★★☆

人気：★★☆☆☆
撮り易さ：★★★★☆
",sumitsukigonba2.jpg,sumitsukigonba3.jpg
ゴンズイ,Japanese eel catfish,gonzui5.jpg,ゴンズイ科,"全長：30cm
生息：砂底を移動して餌をさがす。大群で行動することが多い。
分布：本州中部、富山湾～琉球列島に分布。
レア度：★☆☆☆☆
人気：★☆☆☆☆
撮り易さ：★★★☆☆
釣りの外道でおなじみ。ダイビングで見つけてもやっぱりキモい。
胸鰭、背鰭の毒棘を持つ。",gonzui7.jpg,gonzui6.jpg
ミナミゴンズイ,Stliped catfish,minamigonzui4.jpg,ゴンズイ科,"全長：32cm
生息：砂底を移動して餌をさがす。大群で行動することが多い。
分布：九州以南、紅海から西太平洋に分布。
レア度：★☆☆☆☆
人気：★☆☆☆☆
撮り易さ：★★★☆☆
本種とゴンズイは2008年に別種とされた。",minamigonzui3.jpg,minamigonzui1.jpg
フェアリーバスレット,Fairy Basslet,fairybasslet1.jpg,グランマ科,"全長：8cm
生息：岩の窪みや洞窟内に生息する。穴の天井付近を腹を上に向けて泳いでいることも多い。
分布：カリブ海
レア度：★★★★☆

人気：★★★★☆

撮り易さ：★★☆☆☆",fairybasslet3.jpg,fairybasslet2.jpg
ブラックキャップバスレット,Blackcap Basslet,blackcapbasslet1.jpg,グランマ科,"全長：10cm
生息：岩の窪みや洞窟内に生息する。腹を上に向けて泳いでいることも多い。
分布：カリブ海
レア度：★★★☆☆
人気：★★★☆☆
撮り易さ：★★☆☆☆",blackcapbasslet3.jpg,blackcapbasslet2.jpg
ハコフグ,Blackspotted boxfish,hakofugu3.jpg,ハコフグ科,"全長：30cm
生息：沿岸の岩礁域
分布：本州から九州の日本広域、台湾に分布
レア度：★★☆☆☆
人気：★★☆☆☆
撮り易さ：★★★☆☆",hakofugu4.jpg,hakofugu2.jpg
ウミスズメ,Roundbelly cowfish,umisuzume2.jpg,ハコフグ科,"全長：25cm
生息：沿岸のサンゴ礁、岩礁域
分布：伊豆半島以南、インド洋から西太平洋の熱帯域
レア度：★★☆☆☆
人気：★★☆☆☆
撮り易さ：★★★☆☆",umisuzume4.jpg,umisuzume1.jpg
クロハコフグ,Whitespotted boxfish,kurohakofugu1.jpg,ハコフグ科,"全長：20cm
生息：沿岸のサンゴ礁、岩礁域
分布：紀伊半島以南、インド洋から西太平洋の熱帯域
レア度：★★★★☆

人気：★★★★☆

撮り易さ：★★★☆☆",kurohakofugu2.jpg,欠損
ソーラーボックスフィッシュ,Solor boxfish,solorboxfish4.jpg,ハコフグ科,"全長：11cm
生息：沿岸のサンゴ礁、岩礁域
分布：インド洋から西太平洋の熱帯域
レア度：★★★★☆

人気：★★★★☆

撮り易さ：★★★☆☆
日本国内には生息していないと思われる。",solorboxfish3.jpg,solorboxfish2.jpg
ミナミハコフグ,Yellow boxfish,minamihakofugu5.jpg,ハコフグ科,"全長：40cm
生息：沿岸の岩礁域
分布：房総半島以南、インド洋から西太平洋の熱帯域
レア度：★★☆☆☆
人気：★★★★☆

撮り易さ：★★★☆☆
幼魚は鮮やかな黄色に黒点を持ち、観賞魚としても人気がある。",minamihakofugu4.jpg,minamihakofugu7.jpg
シマウミスズメ,Thornback cowfish,shimaumisuzume1.jpg,ハコフグ科,"全長：15cm
生息：沿岸の岩礁域
分布：伊豆半島以南、インド洋から西太平洋の熱帯域
レア度：★★☆☆☆
人気：★★☆☆☆
撮り易さ：★★★☆☆",shimaumisuzume2.jpg,欠損
ハオコゼ,Redfin velvetfish,haokoze3.jpg,ハオコゼ科,"全長：10cm
生息：浅海の岩礁域、藻場
分布：本州中部以南、西太平洋
レア度：★★☆☆☆
人気：★★☆☆☆
撮り易さ：★★★☆☆
潮だまりなどでも見られるが、背鰭の棘に毒があるので注意が必要である。",haokoze7.jpg,haokoze5.jpg
アゴヒゲオコゼ,Bearded roguefish,agohigeokoze1.jpg,ハオコゼ科,"全長：10cm
生息：サンゴ礁域の砂底
分布：琉球列島、インドから太平洋域
レア度：★★★★★
人気：★★★★☆

撮り易さ：★★★☆☆
ぴょこぴょこと跳ねるように動くので、通称「ピョコタン」。（アニラオだけ？）
日本では絶滅危惧種（IA類）らしい。",欠損,欠損
ツマジロオコゼ,Cockatoo waspfish,tsumajirookoze1.jpg,ハオコゼ科,"全長：10cm
生息：岩礁、サンゴ礁域
分布：紀伊半島以南、インドから太平洋域
レア度：★★★☆☆
人気：★★★☆☆
撮り易さ：★★★☆☆",tsumajirookoze2.jpg,欠損
ハリセンボン,Long-spine porcupinefish,harisenbon5.jpg,ハリセンボン科,"全長：30cm
生息：水深４０ｍ以浅のサンゴ礁、岩礁、砂地、礫地に生息する
分布：青森県以南、全世界の温帯、熱帯域
レア度：★★☆☆☆
人気：★★★★☆

撮り易さ：★★★☆☆
危険を感じると、水を吸い込み大きく膨らみ棘を立てる。",harisenbon6.jpg,harisenbon7.jpg
ネズミフグ,Spot-fin porcupinefish,nezumifugu4.jpg,ハリセンボン科,"全長：70cm
生息：水深４０ｍ以浅のサンゴ礁、岩礁、砂地、礫地に生息する
分布：青森県以南、全世界の温帯、熱帯域
レア度：★★★☆☆
人気：★★★☆☆
撮り易さ：★★★☆☆
0",nezumifugu5.jpg,nezumifugu3.jpg
イシガキフグ,Spotted burrfish,ishigakifugu2.jpg,ハリセンボン科,"全長：55cm
生息：水深４０ｍ以浅のサンゴ礁、岩礁、砂地、礫地に生息する
分布：青森県以南、全世界の温帯、熱帯域
レア度：★★★☆☆
人気：★★★☆☆
撮り易さ：★★★☆☆
0",ishigakifugu1.jpg,欠損
メイタイシガキフグ,Birdbeak burrfish,meitaishigakifugu1.jpg,ハリセンボン科,"全長：20cm
生息：水深４０ｍ以浅のサンゴ礁、岩礁、砂地、礫地に生息する
分布：伊豆半島以南、インド洋から西太平洋
レア度：★★★☆☆
人気：★★★☆☆
撮り易さ：★★★☆☆
0",欠損,欠損
ヒトヅラハリセンボン,Black-blotched porcupinefish,hitoduraharisenbon1.jpg,ハリセンボン科,"全長：50cm
生息：サンゴ礁、岩礁、砂地、礫地に生息する
分布：紀伊半島以南、インド洋から西太平洋
レア度：★★☆☆☆
人気：★★★★☆

撮り易さ：★★★☆☆
危険を感じると、水を吸い込み大きく膨らみ棘を立てる。",hitoduraharisenbon2.jpg,hitoduraharisenbon3.jpg
クエ,Longtooth grouper,kue1.jpg,ハタ科,"全長：130cm
生息：沿岸浅所に生息する。
分布：南日本、南シナ海に分布。
レア度：★★☆☆☆
人気：★★★☆☆
撮り易さ：★★★☆☆
大型になる種でであり、館山の伊戸ではアカエイやドチザメとともに「AKD」と呼ばれて人気がある。",kue4.jpg,kue3.jpg
コニー,Coney,coney2.jpg,ハタ科,"全長：30cm
生息：沿岸の岩礁域
分布：カリブ海、メキシコ湾からブラジルの西部大西洋
レア度：★★★☆☆
人気：★★★☆☆
撮り易さ：★★★☆☆",coney1.jpg,欠損
マハタ,Sevenband grouper,mahata1.jpg,ハタ科,"全長：100cm
生息：岩礁域に生息する。
分布：日本広域、東シナ海から黄海。
レア度：★★★☆☆
人気：★★☆☆☆
撮り易さ：★★★☆☆
体側は褐色と白色の縞模様であり、尾鰭は付け根が黒く、後縁が白い。",欠損,欠損
アオハタ,Yellow grouper,aohata1.jpg,ハタ科,"全長：30cm
生息：サンゴ礁域浅所に生息する。
分布：琉球列島、インド、西太平洋に分布。
レア度：★★★★☆

人気：★★☆☆☆
撮り易さ：★★★☆☆
体側に５本の褐色横帯があり、全身に黄色から橙色の斑点がある。",欠損,欠損
スジアラ,Leopaed coralgrouper,sujiara1.jpg,ハタ科,"全長：60cm
生息：サンゴ礁域で遊泳する。
分布：南日本、西部太平洋。
レア度：★★★☆☆
人気：★★☆☆☆
撮り易さ：★★☆☆☆
眼の縁が青色となり、全身に青色の小斑点がある。",sujiara2.jpg,sujiara3.jpg
レッドハインド,Red Hind,redhind1.jpg,ハタ科,"全長：60cm
生息：起伏のある岩礁域
分布：米国からブラジルまでの西大西洋
レア度：★★★★☆

人気：★★☆☆☆
撮り易さ：★★★☆☆",欠損,欠損
アカハタ,Blacktip grouper,akahata4.jpg,ハタ科,"全長：40cm
生息：サンゴ礁域、岩礁域に生息する。
分布：千葉県以南の南日本、インド、太平洋。
レア度：★★☆☆☆
人気：★★☆☆☆
撮り易さ：★★★☆☆
体色は赤色から白色であり、５本の横帯がある。眼の縁が青い。",akahata3.jpg,akahata2.jpg
ハナゴイ,Amethyst anthias,hanagoi7.jpg,ハタ科,"全長：12cm
生息：潮通しの良いサンゴ礁、岩礁に、群れで生息。水深
5～45ｍ.
分布：静岡県以南の南日本、太平洋。
レア度：★★☆☆☆
人気：★★★☆☆
撮り易さ：★★☆☆☆
成魚は口が前に突き出しており、赤紫の体色をもつ。",hanagoi5.jpg,hanagoi6.jpg
アザハタ,Tomato grouper,azahata1.jpg,ハタ科,"全長：40cm
生息：やや深場のサンゴ礁域に生息する。
分布：南日本、インドから太平洋。
レア度：★★★☆☆
人気：★★★☆☆
撮り易さ：★★★☆☆
全身に赤褐色の小斑点が無数にあり、眼部付近が少しくぼんでいる。",欠損,欠損
アカハナ,Strawberry grouper,akahana1.jpg,ハタ科,"全長：20cm
生息：サンゴ礁域に生息する。
分布：琉球列島、インドから太平洋。
レア度：★★★☆☆
人気：★★☆☆☆
撮り易さ：★★☆☆☆
体色は赤色であり、目立つ斑点は無い。",akahana2.jpg,欠損
ニジハタ,Darkfin grouper,nijihata4.jpg,ハタ科,"全長：30cm
生息：サンゴ礁域に生息する。
分布：南日本、太平洋。
レア度：★★☆☆☆
人気：★★☆☆☆
撮り易さ：★★☆☆☆
体色は赤褐色で、尾鰭に２本の白色斜線がはいる。",nijihata1.jpg,nijihata3.jpg
クロハタ,Redmouth grouper,kurohata2.jpg,ハタ科,"全長：40cm
生息：サンゴ礁、岩礁域
分布：紅海、インドから太平洋の温帯、熱帯域。
レア度：★★★☆☆
人気：★★★☆☆
撮り易さ：★★★☆☆",kurohata1.jpg,欠損
バラハタ,Yellow-edged lyretail,barahata1.jpg,ハタ科,"全長：60cm
生息：サンゴ礁域で遊泳する。
分布：南日本、インドから太平洋。
レア度：★★☆☆☆
人気：★★☆☆☆
撮り易さ：★★☆☆☆
尾鰭と背鰭、臀鰭の後端が伸長し、後縁が黄色い。全身に青色から赤色の小斑点がある。",欠損,欠損
ハムレット（ハイブリッド？）,Hamlet hybrid,hamlet1-1.jpg,ハタ科,"全長：12cm
生息：隠れる場所のある岩礁域や斜面
分布：バハマ
レア度：★★★★★
人気：★★★★☆

撮り易さ：★★★☆☆
バードハムレットと他のハムレットとのハイブリッドと思われる。",欠損,欠損
ケルプバス,Kelp bass,kelpbass4.jpg,ハタ科,"全長：60cm
生息：海藻の多い砂底、岩礁域
分布：米国西海岸、カリフォルニア半島
レア度：★★★★☆

人気：★★★☆☆
撮り易さ：★★★☆☆",kelpbass1.jpg,kelpbass2.jpg
ナミハタ,White-streaked grouper,namihata1.jpg,ハタ科,"全長：30cm
生息：サンゴ礁域浅所に生息する。
分布：琉球列島、インド、西太平洋に分布。
レア度：★★★☆☆
人気：★★☆☆☆
撮り易さ：★★★☆☆
全身に白色の小斑点を持つ。幼魚は斑点色が鮮やかであり、胸鰭が黄色い。",namihata3.jpg,namihata2.jpg
ヤミハタ,Chocolate grouper,yamihata2.jpg,ハタ科,"全長：20cm
生息：サンゴ礁の浅所に生息する。
分布：琉球列島、インドから太平洋。
レア度：★★★☆☆
人気：★★☆☆☆
撮り易さ：★★☆☆☆
体側に６から７本の茶褐色の横帯があり、鰓蓋に眼球大の斑点を持つ。",yamihata1.jpg,yamihata3.jpg
ロックハインド,Rock Hind,rockhind1.jpg,ハタ科,"全長：60cm
生息：起伏のある岩礁域
分布：フロリダ半島、メキシコ湾からブラジルまでの西大西洋
レア度：★★★★☆

人気：★★☆☆☆
撮り易さ：★★★☆☆",欠損,欠損
ルリハタ,Goldribbon soapfish,rurihata2.jpg,ハタ科,"全長：25cm
生息：岩礁域浅所に生息する。
分布：千葉県以南の南日本、インド、太平洋。
レア度：★★☆☆☆
人気：★★★☆☆
撮り易さ：★★★☆☆
体色は鮮やかな瑠璃色で、背に黄色の縦筋がある。",rurihata1.jpg,欠損
オオモンハタ,Areolate grouper,oomonhata1.jpg,ハタ科,"全長：30cm
生息：岩礁域に生息する。
分布：南日本、インドから太平洋。
レア度：★★☆☆☆
人気：★★☆☆☆
撮り易さ：★★★☆☆
体や鰭は茶褐色と網目模様であり、成魚は尾鰭後縁が白い。",oomonhata2.jpg,欠損
サクラダイ,Cherry bass,sakuradai5.jpg,ハタ科,"全長：15cm
生息：沿岸岩礁域に群れで生息する。
分布：伊豆半島、静岡県以南の南日本。
レア度：★★★☆☆
人気：★★★☆☆
撮り易さ：★★★☆☆
ハナダイ亜科の中では比較的大きくなる種。伊豆半島では群れで生息する普通種。雄は鮮やかな赤い体色に白色斑があり、雌や幼魚はオレンジ色の体色に背鰭に黒斑をもつ。",sakuradai7.jpg,sakuradai8.jpg
ホウキハタ,Comet grouper,houkihata1.jpg,ハタ科,"全長：75cm
生息：岩礁域に生息する。
分布：伊豆半島以南、太平洋域に分布する。
レア度：★★★☆☆
人気：★★★☆☆
撮り易さ：★★★☆☆
白地に特徴的な褐色の縦帯、斜帯がある。",houkihata2.jpg,欠損
ハナゴンベ,Hawkfish anthias,hanagonbe1.jpg,ハタ科,"全長：8cm
生息：サンゴ礁、岩礁域の岩棚の下や岩穴に生息。
分布：伊豆諸島、琉球列島、西太平洋。
レア度：★★★★☆

人気：★★★★☆

撮り易さ：★★☆☆☆
円盤状の体形が特徴的。",hanagonbe4.jpg,hanagonbe5.jpg
キハッソク,Barred soapfish,kihassoku2.jpg,ハタ科,"全長：20cm
生息：サンゴ礁域、岩礁域に生息する。
分布：静岡県以南の南日本、インド、太平洋。
レア度：★★★☆☆
人気：★★☆☆☆
撮り易さ：★★★☆☆
体は薄い黄色であり、２本の太い横帯がある。",kihassoku1.jpg,欠損
チョークバス,Chalk Bass,chalkbass1.jpg,ハタ科,"全長：7cm
生息：リーフ近くの砂底域、礫底域
分布：フロリダ半島、カリブ海
レア度：★★★★☆

人気：★★☆☆☆
撮り易さ：★★★☆☆",chalkbass2.jpg,欠損
アズキハタ,Slender grouper,azukihata1.jpg,ハタ科,"全長：37cm
生息：サンゴ礁域に生息する。
分布：琉球列島、インドから太平洋。
レア度：★★☆☆☆
人気：★★☆☆☆
撮り易さ：★★★☆☆
体側に白色縦帯と赤色の斑点を持つ。",欠損,欠損
シャイハムレット,Shy hamlet,shyhamlet1.jpg,ハタ科,"全長：12cm
生息：隠れる場所のある岩礁域や斜面に見られる。
分布：カリブ海、西大西洋
レア度：★★★★★
人気：★★★★☆

撮り易さ：★★★☆☆",欠損,欠損
ヤイトハタ,Malabar grouper,yaitohata2.jpg,ハタ科,"全長：80cm
生息：岩礁域浅所に生息する。
分布：高知県以南の南日本、インド、太平洋。
レア度：★★★☆☆
人気：★★☆☆☆
撮り易さ：★★★☆☆
体長は大きいが浅い内湾でも見られる。全身に褐色の斑点がある。",yaitohata3.jpg,yaitohata1.jpg
ヒトミハタ,Greasy grouper,hitomihata2.jpg,ハタ科,"全長：60cm
生息：サンゴ礁域浅所に生息する。
分布：南日本、インドから太平洋。
レア度：★★★☆☆
人気：★★☆☆☆
撮り易さ：★★★☆☆
茶褐色のまだら模様と網目模様が複雑に混じる。",hitomihata1.jpg,欠損
カンモンハタ,Honeycomb grouper,kanmonhata3.jpg,ハタ科,"全長：30cm
生息：サンゴ礁域浅所に生息する。
分布：南日本、インドから太平洋。
レア度：★★★☆☆
人気：★★☆☆☆
撮り易さ：★★★☆☆
体側や鰭に茶色の多角形模様がある。",kanmonhata1.jpg,kanmonhata2.jpg
コクハンアラ,Blacksaddled coralgrouper,kokuhanara1.jpg,ハタ科,"全長：100cm
生息：サンゴ礁域で遊泳する。
分布：小笠原諸島、琉球列島、太平洋。
レア度：★★★☆☆
人気：★★☆☆☆
撮り易さ：★★☆☆☆
体長２０ｃｍ以下の幼魚、若魚はシマキンチャクフグのような黄色と黒縞の模様をしている。成魚になると黄色は消え、斑点を全身に持つ。",kokuhanara4.jpg,kokuhanara3.jpg
アオスジハタ,Blue-lined grouper,aosujihata3.jpg,ハタ科,"全長：30cm
生息：サンゴ礁の浅所に生息する。
分布：和歌山県以南、インドから西部太平洋。
レア度：★★★☆☆
人気：★★★☆☆
撮り易さ：★★☆☆☆
体側から鰭は褐色の地色に青い筋が入っている。",aosujihata2.jpg,aosujihata1.jpg
ユカタハタ,Coral grouper,yukatahata3.jpg,ハタ科,"全長：40cm
生息：サンゴ礁域に生息する。
分布：南日本、インドから太平洋。
レア度：★★☆☆☆
人気：★★☆☆☆
撮り易さ：★★☆☆☆
体色は赤色からオレンジ色で鮮やかな青色斑点が美しい。",yukatahata2.jpg,yukatahata1.jpg
マダラハタ,Camouflage grouper,madarahata1.jpg,ハタ科,"全長：80cm
生息：岩礁域や斜面に生息する。着底して休んでいることが多い。
分布：南日本、インドから太平洋。
レア度：★★★☆☆
人気：★★☆☆☆
撮り易さ：★★★☆☆",欠損,欠損
サラサハタ,Barramudi,sarasahata1.jpg,ハタ科,"全長：50cm
生息：浅いサンゴ礁、岩礁域に生息する。
分布：伊豆半島以南、インドから太平洋。
レア度：★★★★☆

人気：★★★★☆

撮り易さ：★★★☆☆
小さな頭部と白地に黒の水玉模様が特徴。幼魚は伊豆でも見られる。",sarasahata2.jpg,欠損
アオノメハタ,Peacock grouper,aonomehata3.jpg,ハタ科,"全長：40cm
生息：サンゴ礁の浅所に生息する。
分布：琉球列島、インドから太平洋。
レア度：★★★☆☆
人気：★★★☆☆
撮り易さ：★★★☆☆
黒く縁取られた斑点を持ち、尾鰭は円形となる。",aonomehata4.jpg,aonomehata1.jpg
オオアオノメアラ,Squaretail coralgrouper,ooaonomeara1.jpg,ハタ科,"全長：60cm
生息：サンゴ礁外域の砂地などに生息する。
分布：琉球列島、インドから太平洋。
レア度：★★★☆☆
人気：★★☆☆☆
撮り易さ：★★★☆☆
全身に黒く縁取られた斑点があり、尾鰭後端や背鰭、臀鰭が黒色になる。",欠損,欠損
ヌノサラシ,Sixline soapfish,nunosarashi2.jpg,ハタ科,"全長：25cm
生息：サンゴ礁域、岩礁域に生息する。
分布：静岡県以南の南日本、インド、太平洋。
レア度：★★☆☆☆
人気：★★☆☆☆
撮り易さ：★★★☆☆
灰黒色に黄白色の縦筋がある。眼付近や口にも黄白色の模様が複雑に入る。",nunosarashi1.jpg,nunosarashi3.jpg
ブラックハムレット,Black Hamlet,blackhamlet1.jpg,ハタ科,"全長：14cm
生息：隠れる場所のある岩礁域や斜面に見られる。
分布：カリブ海、西大西洋
レア度：★★★★★
人気：★★★★☆

撮り易さ：★★★☆☆",欠損,欠損
ナガハナダイ,-,nagahanadai3.jpg,ハタ科,"全長：14cm
生息：水深３０ｍ以深の岩礁域に生息する。
分布：伊豆半島以南に分布する。琉球列島には見られない。
レア度：★★★☆☆
人気：★★★☆☆
撮り易さ：★★★☆☆
体側にさざ波状の模様がある。",nagahanadai4.jpg,nagahanadai1.jpg
スジハナダイ,One-stripe anthias,sujihanadai3.jpg,ハタ科,"全長：15cm
生息：サンゴ礁、岩礁域。水深
30～70m。
分布：伊豆大島、静岡県以南の南日本、西太平洋。
レア度：★★★☆☆
人気：★★★☆☆
撮り易さ：★★★☆☆
鰓付近から尾鰭に向かう１本の赤帯がある。伊豆大島では普通種である。",sujihanadai6.jpg,sujihanadai1.jpg
コクハンハタ,Saddle grouper,kokuhanhata1.jpg,ハタ科,"全長：40cm
生息：隠れる穴のあるサンゴ礁域に生息する。
分布：南日本、インドから太平洋。
レア度：★★★☆☆
人気：★★☆☆☆
撮り易さ：★★★☆☆
体色は赤色からオレンジ色で、５から６つの横帯を持ち、横帯は背部で黒くなる。",欠損,欠損
ランターンバス,Lantern Bass,lanternbass2.jpg,ハタ科,"全長：6cm
生息：リーフ近くの砂底域、礫底域
分布：フロリダ半島、メキシコ湾からブラジルまでの西大西洋
レア度：★★★★☆

人気：★★☆☆☆
撮り易さ：★★★☆☆",lanternbass1.jpg,欠損
ベニハナダイ,-,benihanadai1.jpg,ハタ科,"全長：8cm
生息：サンゴ礁、岩礁域。水深
30～70m。
分布：静岡県以南の南日本。
レア度：★★★★☆

人気：★★★☆☆
撮り易さ：★★☆☆☆
桃色の体色と目の周りが黄色いことで多種と区別できる。",欠損,欠損
タイガーグルーパー,Tiger grouper,tigergrouper1.jpg,ハタ科,"全長：100cm
生息：リーフ近くの砂底域、礫底域
分布：フロリダ半島、メキシコ湾からブラジルまでの西大西洋
レア度：★★★☆☆
人気：★★★☆☆
撮り易さ：★★★☆☆",tigergrouper2.jpg,欠損
パープルビューティー,Purple anthias,purplebeauty1.jpg,ハタ科,"全長：12cm
生息：潮通しの良いサンゴ礁、岩礁に、群れで生息。水深
2～40ｍ.
分布：インドネシア、フィリピンからパラオ、バヌアツに分布。
レア度：★★★☆☆
人気：★★★☆☆
撮り易さ：★★☆☆☆
成魚は口の下側が黄色であり、幼魚は背部や尾鰭上下縁が黄色い。",purplebeauty6.jpg,purplebeauty3.jpg
バードハムレット,Barred Hamlet,barredhamlet3.jpg,ハタ科,"全長：15cm
生息：隠れる場所のある岩礁域や斜面に見られる。
分布：カリブ海からバミューダ諸島
レア度：★★★★☆

人気：★★★★☆

撮り易さ：★★★☆☆
ハムレットの仲間の中では最もポピュラー。",barredhamlet1.jpg,barredhamlet2.jpg
バターハムレット,Butter Hamlet,butterhamlet1.jpg,ハタ科,"全長：12cm
生息：隠れる場所のある岩礁域や斜面に見られる。
分布：カリブ海、西大西洋
レア度：★★★★☆

人気：★★★★☆

撮り易さ：★★★☆☆",butterhamlet2.jpg,butterhamlet3.jpg
ツチホゼリ,Speckled blue grouper,tsuchihozeri2.jpg,ハタ科,"全長：100cm
生息：サンゴ礁域に生息する。
分布：琉球列島、小笠原諸島、インドから太平洋。
レア度：★★★☆☆
人気：★★☆☆☆
撮り易さ：★★☆☆☆
青色の体色に黒色の小斑点を多数持つ。鰭の縁部や口の一部が黒い。",tsuchihozeri1.jpg,欠損
オオテンハナゴイ,Princess anthias,ootenhanagoi1.jpg,ハタ科,"全長：6cm
生息：２０ｍ以深の潮通しの良い礁帯に群れで生息する。
分布：八重山諸島、インド洋から太平洋
レア度：★★★★☆

人気：★★★★☆

撮り易さ：★★★☆☆
日本ではかなり珍しい種類。体側に黄色い小斑点があり、尾鰭が伸長する。",ootenhanagoi4.jpg,ootenhanagoi2.jpg
インディゴハムレット,Indigo hamlet,indigohamlet2.jpg,ハタ科,"全長：12cm
生息：隠れる場所のある岩礁域や斜面に見られる。
分布：カリブ海、西大西洋
レア度：★★★★★
人気：★★★★☆

撮り易さ：★★★☆☆",indigohamlet1.jpg,欠損
アカネハナゴイ,Peach fairy basslet,akanehanagoi8.jpg,ハタ科,"全長：7cm
生息：潮通しの良いサンゴ礁。
分布：琉球列島、インド、太平洋。
レア度：★★★☆☆
人気：★★★☆☆
撮り易さ：★★★☆☆
雄の前に張り出した赤い背鰭が特徴的。",akanehanagoi7.jpg,akanehanagoi6.jpg
ルソンハナダイ,Luzon basslet,luzonhanadai2.jpg,ハタ科,"全長：15cm
生息：水深20～50ｍの潮通しの良いサンゴ礁、岩礁域に生息する。
分布：フィリピンから東部オーストラリア。
レア度：★★★★☆

人気：★★★★☆

撮り易さ：★★★☆☆",luzonhanadai1.jpg,欠損
フラッグカブリラ,Flag cabrilla,flagcabrilla2.jpg,ハタ科,"全長：50cm
生息：岩礁域や斜面に生息する。着底して休んでいることが多い。
分布：東部太平洋
レア度：★★★☆☆
人気：★★★☆☆
撮り易さ：★★★★☆

Starry
grouperと呼ばれることもある。",flagcabrilla1.jpg,flagcabrilla3.jpg
ブラックグルーパー,Black Grouper,blackgrouper4.jpg,ハタ科,"全長：150cm
生息：リーフ近くの砂底域、礫底域
分布：米国からブラジルまでの西大西洋
レア度：★★☆☆☆
人気：★★★☆☆
撮り易さ：★★★☆☆",blackgrouper3.jpg,blackgrouper2.jpg
アサヒハナゴイ,Yellowspoted anthias,asahihanagoi5.jpg,ハタ科,"全長：10cm
生息：サンゴ礁、岩礁域。水深
30～60m。
分布：伊豆諸島、伊豆半島以南。
レア度：★★★★☆

人気：★★★★☆

撮り易さ：★★★☆☆
伊豆大島では定常的に見られる。背部の赤斑が特徴。",asahihanagoi6.jpg,asahihanagoi3.jpg
アカホシハタ,Graysby,akahoshihata1.jpg,ハタ科,"全長：50cm
生息：サンゴ礁の浅所に生息する。
分布：カリブ海、メキシコ湾からブラジルの西部大西洋
レア度：★★★★☆

人気：★★★☆☆
撮り易さ：★★★☆☆",akahoshihata2.jpg,欠損
ミナミハナダイ,Slender anthias,minamihanadai1.jpg,ハタ科,"全長：6cm
分布：伊豆半島
レア度：★★★★☆

人気：★★★★☆

写真映え：★★★★☆

やや深い岩礁域で群れを形成する。",欠損,欠損
アカオビハナダイ,Redbar anthias,akaobihanadai4.jpg,ハタ科,"全長：12cm
生息：サンゴ礁、岩礁域に生息する。
分布：伊豆半島以南、太平洋域に分布する。
レア度：★★★☆☆
人気：★★★★☆

撮り易さ：★★★☆☆
雄は太い赤色横帯があり、白色や黄色の混じる派手な色が目立つ。雌や幼魚は尾鰭の先端部が赤い。",akaobihanadai1.jpg,akaobihanadai7.jpg
マダラハナダイ,Blotched Anthias,madarahanadai1.jpg,ハタ科,"全長：13cm
分布：伊豆諸島、インド洋から西太平洋
レア度：★★★★★
人気：★★★★★
写真映え：★★★★★
水深４０ｍ以深の岩礁域に生息する。生息地が限られ、深場でしか見られないが、美しい体色で人気がある。",madarahanadai2.jpg,欠損
ナガハナダイ属の1種-1,Anthias SP.1,nagahanadai1-2.jpg,ハタ科,"全長：6cm
生息：サンゴ礁域に群れで生息する。
分布：パラオ
レア度：★★★★★
人気：★★★☆☆
撮り易さ：★★☆☆☆
パラオにて見られる。未記載種と思われる。",nagahanadai1-1.jpg,欠損
ナガハナダイ属の1種-2,Anthias SP.2,nagahanadai2-1.jpg,ハタ科,"全長：8cm
生息：サンゴ礁域に群れで生息する。
分布：パラオ
レア度：★★★★★
人気：★★★☆☆
撮り易さ：★★☆☆☆
パラオにて見られる。未記載種と思われる。",欠損,欠損
レッドシーアンティアス,Red sea anthias,redseaanthias4.jpg,ハタ科,"全長：10cm
生息：隠れる場所のあるサンゴ礁域、岩礁域。
分布：紅海
レア度：★★★★☆

人気：★★★★☆

撮り易さ：★★★☆☆
紅海の固有種。キンギョハナダイより深い場所に群れを形成する。",redseaanthias2.jpg,redseaanthias3.jpg
ナッソーグルーパー,Nassau grouper,nassaugrouper1.jpg,ハタ科,"全長：120cm
生息：起伏のある岩礁域や斜面
分布：フロリダ半島、カリブ海
レア度：★★★★☆

人気：★★★☆☆
撮り易さ：★★★☆☆",欠損,欠損
アカマダラハタ,Brown-marbled grouper,akamadarahata2.jpg,ハタ科,"全長：80cm
生息：サンゴ礁域浅所に生息する。
分布：琉球列島、インド、西太平洋に分布。
レア度：★★★☆☆
人気：★★☆☆☆
撮り易さ：★★★☆☆
まだら模様の体色であり、眼付近の頭部が大きくへこんでいる。",akamadarahata1.jpg,欠損
ニラミハナダイ,Longfin anthias,niramihanadai1.jpg,ハタ科,"全長：6cm
生息：水深３０ｍ以深のサンゴ礁、岩礁域。
分布：小笠原諸島、八重山諸島、太平洋。
レア度：★★★★★
人気：★★★★★
撮り易さ：★★☆☆☆
雄は赤い体色に紫の斑点が並び、頭部や鰭には鮮やかな黄色や青色が混じる。非常に美しい人気種である。
小笠原諸島やパラオでは定常的に見られるが、水深は３０ｍより深いことが多い。",niramihanadai2.jpg,niramihanadai3.jpg
パナマグレイスビー,Panama graysby,panamagraysby2.jpg,ハタ科,"全長：30cm
生息：岩礁域や斜面に生息する。着底して休んでいることが多い。
分布：東部太平洋
レア度：★★★☆☆
人気：★★★☆☆
撮り易さ：★★★☆☆",panamagraysby1.jpg,欠損
オシャレハナダイ,Pelicier's Parchlet,osyarehanadai4.jpg,ハタ科,"全長：6cm
生息：岩礁域の底や穴の中。水深
30～70m。
分布：伊豆諸島、琉球列島、モーリシャス。
レア度：★★★★☆

人気：★★★★☆

撮り易さ：★★☆☆☆
30m以深の岩礁帯に単独またはペアで生息する。川奈では若魚が水深４ｍで確認できた。",osyarehanadai3.jpg,osyarehanadai2.jpg
ハーレクインバス,Harlequin Bass,harlequinbass2.jpg,ハタ科,"全長：10cm
生息：起伏のある岩礁域や斜面
分布：フロリダ半島、カリブ海
レア度：★★★★☆

人気：★★☆☆☆
撮り易さ：★★★☆☆",harlequinbass1.jpg,欠損
ケラマハナダイ,Truncate anthias,keramahanadai6.jpg,ハタ科,"全長：10cm
生息：サンゴ礁域に群れで生息する。水深
10～30m。
分布：琉球列島、インド、太平洋。
レア度：★★★☆☆
人気：★★★☆☆
撮り易さ：★★★☆☆
雄は背鰭の赤色斑が特徴であり、雌や幼魚は尾鰭の縁部が赤い。",keramahanadai7.jpg,keramahanadai4.jpg
コウリンハナダイ,Sunset anthias,kourinhanadai3.jpg,ハタ科,"全長：8cm
生息：水深４０ｍ以深の岩礁、サンゴ礁域に生息する。
分布：伊豆大島、インド洋から西太平洋に分布する。
レア度：★★★★☆

人気：★★★★☆

撮り易さ：★★★☆☆
日本では伊豆半島や伊豆大島などで見られる。雄は尾鰭上下縁と背鰭が紫色となる。",kourinhanadai2.jpg,kourinhanadai1.jpg
キンギョハナダイ,Scalefin anthias,kingyohanadai2.jpg,ハタ科,"全長：11cm
生息：岩礁や根の近くで大きな群れで生息する。
分布：関東以南、紅海からインド、太平洋。
レア度：★☆☆☆☆
人気：★★★☆☆
撮り易さ：★★★☆☆
岩礁やサンゴ礁で大きな群れを形成する。浅い水深でも見られるため、シュノーケリングでも人気があるポピュラーな種である。",kingyohanadai3.jpg,kingyohanadai4.jpg
バードセラーノ,Barred serrano,barredserrano1.jpg,ハタ科,"全長：15cm
生息：リーフ近くの砂底域、礫底域
分布：東部太平洋
レア度：★★★☆☆
人気：★★☆☆☆
撮り易さ：★★★☆☆",barredserrano2.jpg,欠損
ペインテッドアンティアス,Painted anthias,paintedanthias3.jpg,ハタ科,"全長：12cm
生息：水深１０～３０ｍの潮通しの良い岩礁帯に群れで生息する。
分布：グレートバリアリーフ、ニューカレドニア
レア度：★★★★★
人気：★★★★★
撮り易さ：★★★☆☆
雄と雌とで色彩が大きく異なる。",paintedanthias2.jpg,paintedanthias1.jpg
カシワハナダイ,Silverstreak anthias,kashiwahanadai2.jpg,ハタ科,"全長：10cm
生息：潮通しの良いサンゴ礁。
分布：千葉県以南の南日本、インド、太平洋。
レア度：★★☆☆☆
人気：★★★☆☆
撮り易さ：★★★☆☆
青色に縁どられた赤い鰭が美しく、雄は体側に細い横帯がある。",kashiwahanadai1.jpg,kashiwahanadai7.jpg
レオパードグルーパー,Leopard grouper,leopardgrouper1.jpg,ハタ科,"全長：90cm
生息：リーフ近くの砂底域、礫底域
分布：東部太平洋
レア度：★★★★☆

人気：★★★☆☆
撮り易さ：★★★☆☆",leopardgrouper2.jpg,欠損
フタイロハナゴイ,Bicolor anthias,futairohanagoi2.jpg,ハタ科,"全長：10cm
生息：潮通しの良いサンゴ礁、岩礁域。
分布：静岡県以南の南日本、インド、太平洋。
レア度：★★★★☆

人気：★★★★☆

撮り易さ：★★★☆☆
体の上部は黄色で株は白から薄紫色となる。",futairohanagoi5.jpg,futairohanagoi3.jpg
キシマハナダイ,Yellow-lined anthias,kishimahanadai2.jpg,ハタ科,"全長：8cm
分布：伊豆半島、静岡県以南の南日本、西太平洋
レア度：★★★★★
人気：★★★★★
写真映え：★★★★★
水深３０ｍ以深の岩礁域に生息する。",kishimahanadai1.jpg,kishimahanadai4.jpg
イトヒキハナダイ,-,itohikihanadai3.jpg,ハタ科,"全長：8cm
生息：水深４０ｍ以深の岩礁域に生息する。
分布：伊豆半島、伊豆大島、高知県に分布する。
レア度：★★★★★
人気：★★★★★
撮り易さ：★★★☆☆
生息地が限られ、深場でしか見られないが、美しい体色で人気がある。",itohikihanadai4.jpg,itohikihanadai1.jpg
シロブチハタ,Highfin grouper,shirobuchihata4.jpg,ハタ科,"全長：40cm
生息：サンゴ礁域浅所に生息する。
分布：琉球列島、インド、西太平洋に分布。
レア度：★★☆☆☆
人気：★★☆☆☆
撮り易さ：★★★☆☆
全身にやや不鮮明な黒ぶちがあり、背部に明瞭な白色斑がある。",shirobuchihata1.jpg,shirobuchihata2.jpg
バラナガハナダイ,-,baranagahanadai1.jpg,ハタ科,"全長：15cm
生息：サンゴ礁、岩礁域。水深
30以深。
分布：静岡県以南の南日本。
レア度：★★★★☆

人気：★★★☆☆
撮り易さ：★★★☆☆
のっぺりとした体色で特徴に乏しい。",baranagahanadai2.jpg,欠損
ミナミハナダイ属の1種,Slender anthias,minamihanadai1-1.jpg,ハタ科,"全長：6cm
生息：サンゴ礁、岩礁域
分布：伊豆大島
レア度：★★★★★
人気：★★★☆☆
撮り易さ：★★☆☆☆
伊豆大島で見られるが、種の同定はされていない。",欠損,欠損
ハーフスポッテッドハインド,Halfspotted hind,halfspottedhind2.jpg,ハタ科,"全長：35cm
生息：沿岸の岩礁域
分布：紅海からパキスタン、ペルシャ湾
レア度：★★★★☆

人気：★★★☆☆
撮り易さ：★★★☆☆",halfspottedhind1.jpg,欠損
スポッテッドサンドバス,Spotted sand bass,spottedsandbass1.jpg,ハタ科,"全長：50cm
生息：岩礁近くの砂底域
分布：米国西海岸、カリフォルニア半島からニカラグア
レア度：★★★★☆

人気：★★★☆☆
撮り易さ：★★★☆☆",spottedsandbass2.jpg,欠損
アカボシハナゴイ,Lori's anthias,akaboshihanagoi3.jpg,ハタ科,"全長：12cm
生息：礁域の斜面、ドロップオフに群れで生息する。
分布：西表島、インド洋から中西部太平洋。
レア度：★★★★☆

人気：★★★★☆

撮り易さ：★★★☆☆
尾部の赤斑は縦方向に長いことで、アサヒハナゴイと区別できる。",akaboshihanagoi4.jpg,akaboshihanagoi2.jpg
フチドリハナダイ,Randall's fairy basslet,fuchidorihanadai2.jpg,ハタ科,"全長：7cm
分布：小笠原諸島、琉球列島、太平洋。
レア度：★★★★★
人気：★★★★☆

写真映え：★★★★★
サンゴ礁、岩礁域の岩棚の下や岩穴に生息。水深
30m～60m。比較的深い水深に生息する。雄は腹鰭の縁が赤く、背鰭や臀鰭の縁は紫色である。",fuchidorihanadai3.jpg,fuchidorihanadai1.jpg
コーラルロックグルーパー,Coral rock grouper,coralrockgrouper2.jpg,ハタ科,"全長：50cm
生息：サンゴ礁域浅所に生息する。
分布：西部太平洋の熱帯域に分布する。
レア度：★★★☆☆
人気：★★☆☆☆
撮り易さ：★★★☆☆
灰色の地色に黒色斑点とまだら模様がある。",coralrockgrouper1.jpg,欠損
バートレットアンティアス,Bartletts anthias,bartlettsanthias1.jpg,ハタ科,"全長：8cm
生息：浅いサンゴ礁域に群れで生息する。
分布：パラオやパプアニューギニアなどの西部太平洋
レア度：★★★★☆

人気：★★★★☆

撮り易さ：★★★☆☆
体色は薄桃色と黄色の２色であり、尾鰭の上下縁や背鰭の一部に紫色が入る。",bartlettsanthias2.jpg,欠損
オレンジバーアンティアス,Orangebar anthias,orangebaranthias2.jpg,ハタ科,"全長：10cm
生息：サンゴ礁域で遊泳する。
分布：グレートバリアリーフ、ニューカレドニア
レア度：★★★★☆

人気：★★★★☆

撮り易さ：★★★☆☆
背鰭の赤色斑と体側の横帯が特徴。日本では見られない。",orangebaranthias1.jpg,欠損
パシフィッククレオレフィッシュ,Pacific creolefish,pacificcreolefish1.jpg,ハタ科,"全長：30cm
生息：リーフ近くを遊泳する。幼魚は岩の隙間に見かけることが多い。
分布：東部太平洋
レア度：★★☆☆☆
人気：★★★☆☆
撮り易さ：★★★☆☆",pacificcreolefish2.jpg,pacificcreolefish3.jpg
メラネシアンアンティアス,Meranesian anthias,melanesiananthias5.jpg,ハタ科,"全長：11cm
生息：岩礁や根の近くで大きな群れで生息する。
分布：フィリピンなど。
レア度：★★★☆☆
人気：★★★☆☆
撮り易さ：★★★☆☆
キンギョハナダイと分類上は同種であるが、日本にて見られるキンギョハナダイとは体色が異なる。",melanesiananthias4.jpg,melanesiananthias3.jpg
スミレナガハナダイ,Square-spot fairy basslet,sumirenagahanadai4.jpg,ハタ科,"全長：10cm
生息：潮通しの良いサンゴ礁。水深
20～70m。
分布：琉球列島、太平洋。
レア度：★★★☆☆
人気：★★★★☆

撮り易さ：★★☆☆☆
雄には四角形の斑があり、「サロンパス」と呼ぶ人もいる。幼魚は長い鰭と鮮やかな黄色が美しい。",sumirenagahanadai3.jpg,sumirenagahanadai1.jpg
レッドシーコーラルグルーパー,Red sea coralgrouper,redseacoralgrouper1.jpg,ハタ科,"全長：110cm
生息：隠れる場所のある岩礁域や斜面に見られる。
分布：紅海
レア度：★★★★☆

人気：★★★☆☆
撮り易さ：★★★☆☆",欠損,欠損
パシフィックムートンハムレット,Pacific mutton hamlet,pacificmuttonhamlet2.jpg,ハタ科,"全長：25cm
生息：岩礁域や斜面に生息する。
分布：東部太平洋
レア度：★★★☆☆
人気：★★☆☆☆
撮り易さ：★★★☆☆",pacificmuttonhamlet3.jpg,pacificmuttonhamlet1.jpg
ソメワケミナミハナダイ,Yellownose slender anthias,somewakeminamihanadai1.jpg,ハタ科,"全長：6cm
生息：潮通しの良いサンゴ礁の斜面に生息する。
分布：インド洋から西部太平洋
レア度：★★★★★
人気：★★★☆☆
撮り易さ：★★☆☆☆
体が細く、尾鰭の色合いで他種と区別できる。",欠損,欠損
キンメモドキ,Golden sweeper,kinmemodoki5.jpg,ハタンポ科,"全長：6cm
生息：沿岸の岩礁域やサンゴ礁域に群れで生息する。
分布：千葉県以南、西太平洋に分布する。
レア度：★★☆☆☆
人気：★★★☆☆
撮り易さ：★★★★☆
",kinmemodoki3.jpg,kinmemodoki1.jpg
グラッシースイーパー,Glassy sweeper,glassysweeper1.jpg,ハタンポ科,"全長：10cm
生息：浅海の岩礁域に生息する。昼間は岩陰、洞穴に隠れ、夜間に活動する。
分布：フロリダ半島からブラジル、西部大西洋
レア度：★★★★☆

人気：★★☆☆☆
撮り易さ：★★★★☆
",glassysweeper2.jpg,欠損
ミナミハタンポ,Silver sweeper,minamihatanpo2.jpg,ハタンポ科,"全長：13cm
生息：浅海の岩礁域に生息する。昼間は岩陰、洞穴に隠れ、夜間に活動する。
分布：千葉県以南、西太平洋に分布する。
レア度：★★☆☆☆
人気：★★☆☆☆
撮り易さ：★★★★☆
",minamihatanpo1.jpg,欠損
ヴァニコロスウィーパー,Vanikoro sweeper,vanikorosweeper3.jpg,ハタンポ科,"全長：20cm
生息：浅海の岩礁域に生息する。昼間は岩陰、洞穴に隠れ、夜間に活動する。
分布：紅海から西太平洋に分布する。
レア度：★★★☆☆
人気：★★☆☆☆
撮り易さ：★★★★☆
",vanikorosweeper1.jpg,vanikorosweeper2.jpg
リュウキュウハタンポ,Copper sweeper,ryuukyuuhatanpo1.jpg,ハタンポ科,"全長：16cm
生息：浅海の岩礁域に生息する。昼間は岩陰、洞穴に隠れ、夜間に活動する。
分布：琉球列島以南、インド洋から西太平洋に分布する。
レア度：★★☆☆☆
人気：★★☆☆☆
撮り易さ：★★★★☆
",欠損,欠損
ツマグロハタンポ,Blackfin sweeper,tsumagurohatanpo1.jpg,ハタンポ科,"全長：15cm
生息：浅海の岩礁域に生息する。昼間は岩陰、洞穴に隠れ、夜間に活動する。
分布：静岡県以南、西太平洋に分布する。
レア度：★★☆☆☆
人気：★★☆☆☆
撮り易さ：★★★★☆
",欠損,欠損
ハゼ科の1種-7,-,haze7-1.jpg,ハゼ科,"全長：2cm
生息：内湾の砂底に生息する。
分布：柏島
レア度：★★★★★
人気：★★☆☆☆
撮り易さ：★★★☆☆
柏島にて見かけた。未記載種か他種の幼魚か。",欠損,欠損
ハゼ科の1種-8,-,haze8-1.jpg,ハゼ科,"全長：-cm
生息：サンゴ礁域の洞穴内
分布：八重山諸島
レア度：★★★★★
人気：★☆☆☆☆
撮り易さ：★★★☆☆",欠損,欠損
ハゼ科の1種-3,-,haze3-1.jpg,ハゼ科,"全長：-cm
生息：-
分布：慶良間諸島
レア度：★★★★★
人気：★★☆☆☆
撮り易さ：★★★☆☆",欠損,欠損
ハゼ科の1種-6,-,haze6-1.jpg,ハゼ科,"全長：2cm
生息：内湾の砂底に生息する。
分布：東シナ海
レア度：★★★★★
人気：★★☆☆☆
撮り易さ：★★★☆☆",欠損,欠損
ハゼ科の1種-5,-,haze5-2.jpg,ハゼ科,"全長：3cm
生息：内湾の砂泥底に生息する。
分布：西表島
レア度：★★★★★
人気：★★☆☆☆
撮り易さ：★★★☆☆
「改訂版　日本のハゼ」に記載のハゼ科の1種-12と思われる。",haze5-1.jpg,haze5-3.jpg
ハゼ科の1種-4,-,haze4-1.jpg,ハゼ科,"全長：-cm
生息：-
分布：西表島
レア度：★★★★★
人気：★★☆☆☆
撮り易さ：★★★☆☆",欠損,欠損
ハゼ科の1種-2,-,haze2-1.jpg,ハゼ科,"全長：6cm
生息：泥底や砂泥底。
分布：慶良間諸島
レア度：★★★★★
人気：★★☆☆☆
撮り易さ：★★★☆☆",欠損,欠損
ハゼ科の1種-1,-,haze1-1.jpg,ハゼ科,"全長：4cm
生息：内湾の砂泥底。水深
2-10m。
分布：八重山諸島
レア度：★★★★★
人気：★★☆☆☆
撮り易さ：★★★☆☆
「改訂版　日本のハゼ」に記載のハゼ科の1種-9と思われる。",haze1-2.jpg,欠損
ハゼ科の1種-9,-,haze9-1.jpg,ハゼ科,"全長：-cm
生息：サンゴ礁域の砂底に生息
分布：西表島
レア度：★★★★★
人気：★☆☆☆☆
撮り易さ：★★★☆☆",欠損,欠損
オニハゼ,Monster shrimpgoby,onihaze1.jpg,ハゼ科,"全長：11cm
生息：礫混じりの砂底でテッポウエビと共生する。水深
10-35m。
分布：日本固有種千葉県以南の南日本
レア度：★★★☆☆
人気：★★☆☆☆
撮り易さ：★★★☆☆",欠損,欠損
チャガラ,whitegirdled goby,chagara1.jpg,ハゼ科,"全長：10cm
生息：内湾の岩礁域を遊泳する。
分布：青森県から九州にかけて、朝鮮半島
レア度：★★☆☆☆
人気：★★★☆☆
撮り易さ：★★☆☆☆",chagara2.jpg,欠損
サビハゼ,Hairchin goby,sabihaze3.jpg,ハゼ科,"全長：15cm
生息：内湾や港内の砂底、砂泥底に生息する。
分布：青森県から九州にかけて、朝鮮半島
レア度：★★★☆☆
人気：★★☆☆☆
撮り易さ：★★★☆☆",sabihaze1.jpg,sabihaze4.jpg
クモハゼ,Dusky frillgoby,kumohaze1.jpg,ハゼ科,"全長：10cm
生息：死サンゴ混じりの砂底やタイドプール。水深
2m以浅
分布：千葉県以南の南日本、インドから太平洋
レア度：★★★☆☆
人気：★★☆☆☆
撮り易さ：★★★☆☆",欠損,欠損
オオメハゼ,Flame goby,oomehaze1.jpg,ハゼ科,"全長：3cm
生息：岩礁域、サンゴ礁域の礁斜面。水深
3-20m。
分布：静岡県以南の南日本、インドから太平洋
レア度：★★☆☆☆
人気：★★☆☆☆
撮り易さ：★★★☆☆",欠損,欠損
クサハゼ,-,kusahaze1.jpg,ハゼ科,"全長：7cm
生息：泥底や砂泥底でテッポウエビ類と共生する。水深
1-50m。
分布：千葉県以南の南日本、インドネシア
レア度：★★★★☆

人気：★★★☆☆
撮り易さ：★★★☆☆",欠損,欠損
ブアンゴビー,Buan goby,buangoby2.jpg,ハゼ科,"全長：10cm
生息：内湾の砂泥底や浅いガレ場に生息する。
分布：パラオ、西太平洋
レア度：★★★★☆

人気：★★★☆☆
撮り易さ：★★★☆☆",buangoby1.jpg,欠損
アオギハゼ,Blue-striped cave goby,aogihaze2.jpg,ハゼ科,"全長：4cm
生息：岩礁域、サンゴ礁域の礁斜面の洞穴や亀裂内で逆さまに泳ぐ。水深
6-55m。
分布：紀伊半島以南の南日本、台湾など
レア度：★★★☆☆
人気：★★★☆☆
撮り易さ：★★☆☆☆",aogihaze5.jpg,aogihaze3.jpg
ベニハゼ,Caesiura dwarfgoby,benihaze1.jpg,ハゼ科,"全長：4cm
生息：岩礁域、サンゴ礁域の礁斜面。水深
3-20m。
分布：八丈島以南の南日本、インドから太平洋
レア度：★★★★☆

人気：★★★★☆

撮り易さ：★★★☆☆",benihaze2.jpg,欠損
カニハゼ,Signal goby,kanihaze5.jpg,ハゼ科,"全長：7cm
生息：内湾の泥底や砂泥底。水深
2-30m。
分布：インドネシアからバヌアツまでの西太平洋日本からの報告例はない
レア度：★★★★☆

人気：★★★★☆

撮り易さ：★★★☆☆
動きがユニークで、ひょこひょこ動く。",kanihaze6.jpg,kanihaze2.jpg
ダテハゼ,-,datehaze7.jpg,ハゼ科,"全長：13cm
生息：砂底や砂泥底でテッポウエビ類と共生する。水深
3-15m。
分布：千葉県以南の南日本、インドから太平洋
レア度：★★☆☆☆
人気：★★☆☆☆
撮り易さ：★★★☆☆",datehaze6.jpg,datehaze1.jpg
ホシハゼ,Starry goby,hoshihaze1.jpg,ハゼ科,"全長：7cm
生息：死サンゴ混じりの砂底やガレ場。水深
1-10m。
分布：千葉県以南の南日本、インドから太平洋
レア度：★★★☆☆
人気：★★☆☆☆
撮り易さ：★★★☆☆",hoshihaze2.jpg,hoshihaze3.jpg
オトメハゼ,Maiden goby,otomehaze4.jpg,ハゼ科,"全長：20cm
生息：岩礁域、サンゴ礁域の砂底。水深
1-35m。
分布：千葉県以南の南日本、インドから太平洋
レア度：★★☆☆☆
人気：★★☆☆☆
撮り易さ：★★★☆☆",otomehaze1.jpg,otomehaze2.jpg
オオモンハゼ,-,oomonhaze1.jpg,ハゼ科,"全長：7cm
生息：河口域やタイドプール、サンゴ礁域の砂底に生息する。
分布：八丈島、鹿児島県以南の南日本、西太平洋
レア度：★★★☆☆
人気：★☆☆☆☆
撮り易さ：★★★☆☆",欠損,欠損
コバンハゼ,-,kobanhaze1.jpg,ハゼ科,"全長：5cm
生息：ミドリイシ属などのサンゴ間。水深
3-6m。
分布：小笠原諸島、紀伊半島以南の南日本、台湾など
レア度：★★★☆☆
人気：★★★☆☆
撮り易さ：★★☆☆☆",欠損,欠損
コロンゴビー,Colon Goby,colongoby1.jpg,ハゼ科,"全長：4cm
生息：岩礁、サンゴ礁域の砂だまりや砂底。
分布：西大西洋、カリブ海
レア度：★★★★☆

人気：★★☆☆☆
撮り易さ：★★★☆☆",欠損,欠損
ローランドデモワゼル,Rolland's demoiselle,rollandsdemoiselle1.jpg,スズメダイ科,"全長：5cm
生息：サンゴ礁域。
分布：南シナ海、西太平洋
レア度：★★★☆☆
人気：★★★☆☆
撮り易さ：★★☆☆☆",rollandsdemoiselle4.jpg,rollandsdemoiselle7.jpg
オドリハゼ,Whitecap goby,odorihaze1.jpg,ハゼ科,"全長：4cm
生息：サンゴ礁域の礁池、ドロップオフ下の砂地に、ダンスシュリンプゴビーと生息する。
分布：紀伊半島以南、琉球列島、インド洋から西太平洋
レア度：★★★★☆

人気：★★★★☆

撮り易さ：★★☆☆☆",odorihaze2.jpg,欠損
アオイソハゼ,Prasites pygmy goby,aoisohaze3.jpg,ハゼ科,"全長：3cm
生息：岩礁域、サンゴ礁域の礁斜面、ガレ場に生息する。水深
3-20m。
分布：紀伊半島以南の南日本
レア度：★★★☆☆
人気：★★☆☆☆
撮り易さ：★★★☆☆",aoisohaze2.jpg,aoisohaze5.jpg
ギンガハゼ,Yellow prawn-goby,gingahaze6.jpg,ハゼ科,"全長：7cm
生息：内湾の泥底、砂泥底でテッポウエビ類と共生する。水深
1-6m。
分布：琉球列島、八重山諸島、インドから太平洋
レア度：★★★☆☆
人気：★★★☆☆
撮り易さ：★★★☆☆",gingahaze4.jpg,gingahaze1.jpg
アカメハゼ,Redeye goby,akamehaze2.jpg,ハゼ科,"全長：3cm
生息：サンゴの周囲をホバリング。水深
1-20m。
分布：琉球列島、八重山諸島、インドから太平洋
レア度：★★★☆☆
人気：★★★☆☆
撮り易さ：★★★☆☆",akamehaze1.jpg,欠損
リュウグウハゼ,Beauty goby,ryuguhaze1.jpg,ハゼ科,"全長：14cm
分布：北海道から瀬戸内海
レア度：★★★★☆

人気：★★☆☆☆
写真映え：★★★☆☆
14cmまで成長する比較的大型なハゼ。特に北海道西部でよく見かける。",ryuguhaze2.jpg,ryuguhaze3.jpg
ヤシャハゼ,-,yashahaze5.jpg,ハゼ科,"全長：6cm
生息：礫混じりの砂底でテッポウエビと共生する。水深
15-55m。
分布：千葉県以南の南日本、西太平洋
レア度：★★★★☆

人気：★★★★☆

撮り易さ：★★☆☆☆",yashahaze6.jpg,yashahaze1.jpg
オニハゼ属の1種-1,-,onihaze1-2.jpg,ハゼ科,"全長：10cm
生息：礫混じりの砂底でテッポウエビと共生する。
分布：柏島
レア度：★★★★★
人気：★★★★☆

撮り易さ：★★★☆☆",onihaze1-1.jpg,欠損
イソハゼ属の１種-2,-,isohaze2-1.jpg,ハゼ科,"全長：3cm
生息：岩礁域、サンゴ礁域の礁斜面。水深
15-30m。
分布：琉球列島、八重山諸島
レア度：★★★★☆

人気：★★☆☆☆
撮り易さ：★★★☆☆
「改訂版　日本のハゼ」に記載のイソハゼ属の1種-8と思われる。",欠損,欠損
イソハゼ属の１種-4,-,isohaze4-1.jpg,ハゼ科,"全長：2cm
生息：サンゴ礁域の洞穴内の砂底。
分布：パラオのシャンデリアケーブに生息していた
レア度：★★★★★
人気：★★☆☆☆
撮り易さ：★★★☆☆
未記載種？",isohaze4-0.jpg,isohaze4-0.jpg
イソハゼ属の１種-1,-,isohaze1-2.jpg,ハゼ科,"全長：3cm
生息：岩礁域、サンゴ礁域の礁斜面。水深
3-15m。
分布：琉球列島、八重山諸島
レア度：★★★★★
人気：★★☆☆☆
撮り易さ：★★★☆☆
「改訂版　日本のハゼ」に記載のイソハゼ属の1種-4と思われる。",isohaze1-1.jpg,欠損
モエギハゼ,Fairygoby sp.,moegihaze1.jpg,ハゼ科,"全長：4cm
分布：石垣島、西表島
レア度：★★★★★
人気：★★★★★
写真映え：★★★★★
内湾やサンゴ礁域のガレ場に生息する。水深は４０ｍ以深で見られることが多い。",moegihaze3.jpg,moegihaze2.jpg
イソハゼ属の１種-3,-,isohaze3-1.jpg,ハゼ科,"全長：2cm
生息：-
分布：南シナ海
レア度：★★★★☆

人気：★★☆☆☆
撮り易さ：★★★☆☆",欠損,欠損
イソハゼ属の１種-5,-,isohaze5-1.jpg,ハゼ科,"全長：3cm
生息：サンゴ礁域の砂底。
分布：ニューカレドニア
レア度：★★★★★
人気：★★☆☆☆
撮り易さ：★★★☆☆
未記載種？",欠損,欠損
イソハゼ属の１種-6,-,isohaze6-1.jpg,ハゼ科,"全長：3cm
生息：サンゴ礁域の砂底。
分布：パラオ
レア度：★★★★★
人気：★★☆☆☆
撮り易さ：★★★☆☆",欠損,欠損
ベニハゼ属の1種-6,-,benihaze6-1.jpg,ハゼ科,"全長：3cm
生息：洞窟内の暗闇に生息する。
分布：パラオのシャンデリアケーブに生息していた
レア度：★★★★★
人気：★★★★☆

撮り易さ：★★★☆☆
大きな目と体後部の白色横帯が特徴。未記載種と思われる。",benihaze6-2.jpg,欠損
ベニハゼ属の1種-7,-,benihaze7-4.jpg,ハゼ科,"全長：3cm
生息：岩礁域、サンゴ礁域の礁斜面の洞穴や亀裂内で逆さまに泳ぐ。
分布：琉球列島、西太平洋
レア度：★★★★★
人気：★★★☆☆
撮り易さ：★★★☆☆
「改訂版　日本のハゼ」に記載のベニハゼ属の1種-9と思われる。",benihaze7-2.jpg,benihaze7-3.jpg
ベニハゼ属の1種-8,-,benihaze8-1.jpg,ハゼ科,"全長：4cm
生息：岩礁域、サンゴ礁域の礁斜面の洞穴や亀裂内で逆さまに泳ぐ。
分布：パラオ
レア度：★★★★★
人気：★★★★☆

撮り易さ：★★★☆☆
未記載種？",欠損,欠損
ベニハゼ属の1種-9,-,benihaze9-1.jpg,ハゼ科,"全長：3cm
生息：岩礁域、サンゴ礁域の礁斜面の洞穴や亀裂内で逆さまに泳ぐ。
分布：八重山諸島、西太平洋
レア度：★★★★★
人気：★★★☆☆
撮り易さ：★★★☆☆",欠損,欠損
ベンケイハゼ,Girdled goby,benkeihaze2.jpg,ハゼ科,"全長：5cm
分布：伊豆諸島以南、インドから西部太平洋
レア度：★★★☆☆
人気：★★★☆☆
写真映え：★★★☆☆
岩礁の亀裂や洞穴",benkeihaze1.jpg,欠損
パリッドゴビー,Pallid Goby,pallidgoby3.jpg,ハゼ科,"全長：3cm
生息：サンゴ礁域のガレ場
分布：西大西洋、カリブ海
レア度：★★★☆☆
人気：★★☆☆☆
撮り易さ：★★★☆☆",pallidgoby2.jpg,pallidgoby1.jpg
キンセンハゼ,Hector's goby,kinsenhaze3.jpg,ハゼ科,"全長：5cm
生息：サンゴ根の周辺やガレ場。水深
2-10m。
分布：琉球列島、八重山諸島、インドから太平洋
レア度：★★★☆☆
人気：★★☆☆☆
撮り易さ：★★★☆☆",kinsenhaze1.jpg,kinsenhaze2.jpg
オビイソハゼ,Broad-banded pygmy goby,obiisohaze1.jpg,ハゼ科,"全長：2cm
生息：岩礁域、サンゴ礁域の礁斜面、ガレ場に生息する。
分布：伊豆半島以南の南日本、西太平洋
レア度：★★★★☆

人気：★★☆☆☆
撮り易さ：★★★☆☆",欠損,欠損
ベニハゼ属の1種-5,-,benihaze5-1.jpg,ハゼ科,"全長：-cm
生息：-
分布：-
レア度：★★★★☆

人気：★★☆☆☆
撮り易さ：★★★☆☆",欠損,欠損
アカイソハゼ,-,akaisohaze1.jpg,ハゼ科,"全長：4cm
生息：岩礁域、サンゴ礁域の礁斜面。水深
5-15m。
分布：静岡県以南の南日本
レア度：★★★☆☆
人気：★★☆☆☆
撮り易さ：★★★☆☆",akaisohaze2.jpg,akaisohaze4.jpg
ケショウハゼ,Spinecheek goby,keshouhaze6.jpg,ハゼ科,"全長：9cm
生息：内湾の泥底や砂泥底。水深
2-25m。
分布：琉球列島、八重山諸島、インドから太平洋
レア度：★★★★☆

人気：★★★☆☆
撮り易さ：★★☆☆☆",keshouhaze7.jpg,keshouhaze5.jpg
ダテハゼ属の1種-2,-,datehaze2-1.jpg,ハゼ科,"全長：8cm
生息：砂底や砂泥底でテッポウエビ類と共生する。
分布：パラオ
レア度：★★★★☆

人気：★★☆☆☆
撮り易さ：★★★☆☆
パラオにいたけど未記載種？",datehaze2-2.jpg,欠損
ベニハゼ属の1種-4,-,benihaze4-1.jpg,ハゼ科,"全長：3cm
生息：岩礁域、サンゴ礁域の礁斜面。水深
8-15m。
分布：八重山諸島、西太平洋
レア度：★★★★☆

人気：★★☆☆☆
撮り易さ：★★★☆☆
「改訂版　日本のハゼ」に記載のベニハゼ属の1種-3と思われる。",欠損,欠損
ガラスハゼ,Whip coral goby,garasuhaze4.jpg,ハゼ科,"全長：4cm
生息：ムチカラマツ類に着生。水深
5-35m。
分布：静岡県以南の南日本、インドから太平洋
レア度：★★★☆☆
人気：★★★☆☆
撮り易さ：★★★☆☆",garasuhaze3.jpg,garasuhaze1.jpg
ダテハゼ属の1種-1,-,datehaze1-1.jpg,ハゼ科,"全長：10cm
生息：砂底や砂泥底でテッポウエビ類と共生する。水深
10-30m。
分布：小笠原諸島、琉球列島、八重山諸島
レア度：★★★★☆

人気：★★☆☆☆
撮り易さ：★★★☆☆
「改訂版　日本のハゼ」に記載のダテハゼ属の1種-3と思われる。",datehaze1-2.jpg,datehaze1-3.jpg
ベニハゼ属の1種-2,-,benihaze2-1.jpg,ハゼ科,"全長：-cm
生息：-
分布：-
レア度：★★★★☆

人気：★★☆☆☆
撮り易さ：★★★☆☆",欠損,欠損
ベニハゼ属の1種-3,-,benihaze3-1.jpg,ハゼ科,"全長：-cm
生息：-
分布：-
レア度：★★★★☆

人気：★★☆☆☆
撮り易さ：★★★☆☆",欠損,欠損
ベニハゼ属の1種-1,-,benihaze1-1.jpg,ハゼ科,"全長：3cm
生息：岩礁域、サンゴ礁域の礁斜面。水深
6-40m。
分布：琉球列島、八重山諸島
レア度：★★★★☆

人気：★★☆☆☆
撮り易さ：★★★☆☆
「改訂版　日本のハゼ」に記載のベニハゼ属の1種-1と思われる。",benihaze1-2.jpg,欠損
ホムラハゼ,Spikefin goby,homurahaze1.jpg,ハゼ科,"全長：3cm
生息：サンゴ礁域のガレ場や小さな穴を巣として生息している。
分布：和歌山県以南の南日本、インドから太平洋
レア度：★★★★★
人気：★★★★★
撮り易さ：★☆☆☆☆
炎のような赤い鰭が特徴的。その美しさからダイバーの人気は高い。柏島や西表島などで見ることができる。",homurahaze2.jpg,欠損
ネジリンボウ,Yellownose prawn-goby,nejirinbou3.jpg,ハゼ科,"全長：7cm
生息：礫混じりの砂底でテッポウエビと共生する。水深
5-30m。
分布：千葉県以南の南日本、西太平洋
レア度：★★★★☆

人気：★★★★☆

撮り易さ：★★☆☆☆",nejirinbou5.jpg,nejirinbou2.jpg
サラサハゼ,Banded goby,sarasahaze2.jpg,ハゼ科,"全長：10cm
生息：内湾の砂泥底。水深
1-30m。
分布：静岡県以南の南日本、インドから太平洋
レア度：★★☆☆☆
人気：★★☆☆☆
撮り易さ：★★★☆☆",sarasahaze4.jpg,sarasahaze6.jpg
ノボリハゼ,Sharptail goby,noborihaze1.jpg,ハゼ科,"全長：12cm
生息：河川の河口域、マングローブ域
分布：千葉県以南の南日本、インドから西太平洋
レア度：★★★☆☆
人気：★☆☆☆☆
撮り易さ：★★☆☆☆",欠損,欠損
マダラハゼ,Largetooth goby,madarahaze1.jpg,ハゼ科,"全長：7cm
生息：サンゴ礁周辺の砂泥底や砂底。水深
1-15m。
分布：琉球列島、八重山諸島、インドから太平洋
レア度：★★★☆☆
人気：★☆☆☆☆
撮り易さ：★★★☆☆",madarahaze2.jpg,madarahaze4.jpg
ナガセハゼ,-,nagasehaze1.jpg,ハゼ科,"全長：10cm
生息：内湾の泥底に生息する。
分布：和歌山県以南の南日本、フィリピン
レア度：★★★★☆

人気：★★★☆☆
撮り易さ：★★☆☆☆",欠損,欠損
アオベニハゼ,-,aobenihaze1.jpg,ハゼ科,"全長：3cm
生息：岩礁の亀裂や洞穴
分布：八丈島以南、西部太平洋
レア度：★★★★☆

人気：★★★★☆

撮り易さ：★★★☆☆",欠損,欠損
レッドヘッドゴビー,Redhead goby,redheadgoby2.jpg,ハゼ科,"全長：4cm
生息：隙間のある岩礁域に生息する。
分布：東部太平洋
レア度：★★★☆☆
人気：★★★☆☆
撮り易さ：★★★☆☆",redheadgoby3.jpg,redheadgoby1.jpg
エレガントゴビー,Elegant goby,elegantgoby1.jpg,ハゼ科,"全長：15cm
生息：岩礁域、サンゴ礁域の砂底。
分布：ニューカレドニア、西太平洋
レア度：★★★★★
人気：★★★★☆

撮り易さ：★★★☆☆
ニューカレドニアの固有種。体側片側４つの黄色斑が目立つ。",elegantgoby2.jpg,欠損
ヒメオニハゼ,-,himeonihaze1.jpg,ハゼ科,"全長：5cm
生息：礫混じりの砂底でテッポウエビと共生する。水深
20-35m。
分布：静岡県以南の南日本、インドネシア
レア度：★★★☆☆
人気：★★☆☆☆
撮り易さ：★★★☆☆",欠損,欠損
クツワハゼ,Pugnose goby,kutsuwahaze5.jpg,ハゼ科,"全長：10cm
生息：内湾の泥底や砂泥底。水深
1-30m。
分布：千葉県以南の南日本、西太平洋
レア度：★★☆☆☆
人気：★★☆☆☆
撮り易さ：★★★☆☆",kutsuwahaze6.jpg,kutsuwahaze1.jpg
クロオビハゼ,-,kuroobihaze2.jpg,ハゼ科,"全長：10cm
生息：泥底や砂泥底でテッポウエビ類と共生する。水深
3-25m。
分布：琉球列島、八重山諸島、西太平洋
レア度：★★★★☆

人気：★★☆☆☆
撮り易さ：★★★☆☆",kuroobihaze5.jpg,kuroobihaze4.jpg
クビアカハゼ,Gorgeous prawn-goby,kubiakahaze7.jpg,ハゼ科,"全長：7cm
生息：サンゴ礁域の砂底でテッポウエビ類と共生する。水深
3-30m。
分布：静岡県以南の南日本、インドから太平洋
レア度：★★★☆☆
人気：★★★☆☆
撮り易さ：★★★☆☆",kubiakahaze8.jpg,kubiakahaze6.jpg
オニベニハゼ,Trimma yanagitai,onibenihaze1.jpg,ハゼ科,"全長：3cm
分布：伊豆半島、南日本
レア度：★★★★★
人気：★★★★☆

写真映え：★★★★☆

以前はIOPベニハゼと呼ばれていて、2007年に新種登録された。深場のオーバーハングを住処にする。",欠損,欠損
アオハチハゼ,Greenband goby,aohachihaze1.jpg,ハゼ科,"全長：16cm
生息：岩礁域、サンゴ礁域の砂底。水深
25-55m。
分布：琉球列島、西太平洋
レア度：★★☆☆☆
人気：★★☆☆☆
撮り易さ：★★★☆☆",aohachihaze2.jpg,欠損
オニサルハゼ,Flogface goby,onisaruhaze2.jpg,ハゼ科,"全長：20cm
生息：内湾の泥底に生息する。
分布：和歌山県以南の南日本、インドから太平洋
レア度：★★★★☆

人気：★★★☆☆
撮り易さ：★★☆☆☆",onisaruhaze1.jpg,欠損
ホシノハゼ,Hoshino's goby,hoshinohaze1.jpg,ハゼ科,"全長：12cm
生息：内湾の泥底や砂泥底。水深
3-25m。
分布：千葉県以南の南日本、西太平洋
レア度：★★☆☆☆
人気：★★☆☆☆
撮り易さ：★★★☆☆",hoshinohaze4.jpg,hoshinohaze2.jpg
シノビハゼ,Gold-specked prawn-goby,shinobihaze7.jpg,ハゼ科,"全長：7cm
生息：サンゴ礁域の砂底でテッポウエビ類と共生する。水深
1-15m。
分布：琉球列島、八重山諸島、インドから太平洋
レア度：★★☆☆☆
人気：★★☆☆☆
撮り易さ：★★★☆☆",shinobihaze4.jpg,shinobihaze6.jpg
オキナワハゼ,Hasselt's goby,okinawahaze1.jpg,ハゼ科,"全長：6cm
生息：サンゴ礁域の砂底に生息する。死サンゴや木片の下に見られる。
分布：静岡県以南の南日本、インドから太平洋
レア度：★★★★☆

人気：★★★★☆

撮り易さ：★★★☆☆",okinawahaze2.jpg,欠損
オオモンハゼ属の1種-1,-,oomonhaze1-1.jpg,ハゼ科,"全長：6cm
生息：内湾の泥底や砂泥底。
分布：フィリピンのアニラオにて見られた
レア度：★★★★★
人気：★★☆☆☆
撮り易さ：★★★☆☆
種名不明。未記載種？",欠損,欠損
ベニハゼ属の1種-10,-,benihaze10-2.jpg,ハゼ科,"全長：3cm
生息：サンゴ礁域の岩礁亀裂や洞穴
分布：八重山諸島
レア度：★★★★★
人気：★★★☆☆
撮り易さ：★★★☆☆",benihaze10-1.jpg,benihaze10-3.jpg
オオモンハゼ属の1種-2,-,oomonhaze2-1.jpg,ハゼ科,"全長：6cm
生息：内湾の泥底や砂泥底。
分布：ニューカレドニアにて見られた
レア度：★★★★★
人気：★★☆☆☆
撮り易さ：★★★☆☆
種名不明。未記載種？",欠損,欠損
ツムギハゼ,-,tsumugihaze2.jpg,ハゼ科,"全長：15cm
生息：内湾や河口域の泥底に生息する。
分布：紀伊半島以南の南日本、インドから太平洋
レア度：★★★★☆

人気：★★☆☆☆
撮り易さ：★★★☆☆",tsumugihaze3.jpg,tsumugihaze1.jpg
クロイトハゼ,Twostripe goby,kuroitohaze4.jpg,ハゼ科,"全長：25cm
生息：岩礁域、サンゴ礁域の砂底。水深
3-35m。
分布：千葉県以南の南日本、インドから太平洋
レア度：★★☆☆☆
人気：★★☆☆☆
撮り易さ：★★★☆☆",kuroitohaze3.jpg,kuroitohaze1.jpg
ヒゲモジャハゼ,Bearded goby sp.,higemojahaze1.jpg,ハゼ科,"全長：2.5cm
分布：琉球列島、八重山諸島
レア度：★★★★★
人気：★★★★☆

写真映え：★★★★☆

サンゴ礁の砂地に生息し、砂の中に隠れる。",欠損,欠損
ヒノマルハゼ,Target shrimp goby,hinomaruhaze3.jpg,ハゼ科,"全長：6cm
生息：内湾の泥底、砂泥底でテッポウエビ類と共生する。水深
2-15m。
分布：琉球列島、八重山諸島、インドから太平洋
レア度：★★★☆☆
人気：★★★☆☆
撮り易さ：★★★☆☆",hinomaruhaze1.jpg,hinomaruhaze2.jpg
タカノハハゼ,Blue-speckled prawn goby,takanohahaze1.jpg,ハゼ科,"全長：6cm
生息：河口や内湾の浅い泥底、砂泥底でテッポウエビ類と共生する。
分布：紀伊半島以南の南日本、インドから太平洋
レア度：★★★☆☆
人気：★★★☆☆
撮り易さ：★★★☆☆",欠損,欠損
サラサハゼ属の1種-1,-,欠損,ハゼ科,"全長：10cm
生息：内湾の砂泥底や浅いガレ場に生息する。
分布：ニューカレドニア、西太平洋
レア度：★★★★☆

人気：★★★☆☆
撮り易さ：★★★☆☆",欠損,欠損
サザナミハゼ,Long-finned goby,sazanamihaze4.jpg,ハゼ科,"全長：25cm
生息：礁域の砂底。水深
1-10m。
分布：千葉県以南の南日本、インドから西太平洋
レア度：★★★☆☆
人気：★★☆☆☆
撮り易さ：★★★☆☆",sazanamihaze1.jpg,sazanamihaze2.jpg
シロイソハゼ,Spotted fringefin goby,shiroisohaze1.jpg,ハゼ科,"全長：3cm
生息：岩礁域、サンゴ礁域の礁斜面。水深
3-15m。
分布：静岡県以南の南日本、インドから太平洋
レア度：★★★☆☆
人気：★★☆☆☆
撮り易さ：★★★☆☆",shiroisohaze2.jpg,欠損
シマオリハゼ,Twin-spotted shrimp-goby,shimaorihaze2.jpg,ハゼ科,"全長：9cm
生息：泥底や砂泥底でテッポウエビ類と共生する。水深
2-25m。
分布：静岡県以南の南日本、インドから太平洋
レア度：★★★☆☆
人気：★★☆☆☆
撮り易さ：★★★☆☆",shimaorihaze3.jpg,shimaorihaze5.jpg
ゴールドスポットゴビー,Goldspot Goby,goldspotgoby1.jpg,ハゼ科,"全長：6cm
生息：サンゴ礁周辺の砂泥底や砂底。
分布：西大西洋、カリブ海
レア度：★★★★☆

人気：★★☆☆☆
撮り易さ：★★★☆☆",欠損,欠損
ハゴロモハゼ,-,hagoromohaze1.jpg,ハゼ科,"全長：7cm
生息：河川の河口域、マングローブ域
分布：奄美大島以南、西部太平洋
レア度：★★★★☆

人気：★★★★☆

撮り易さ：★★★☆☆",欠損,欠損
ガラスハゼ属の1種-5,-,garasuhaze5-1.jpg,ハゼ科,"全長：4cm
生息：ムチカラマツ類に着生。
分布：柏島
レア度：★★★★★
人気：★★☆☆☆
撮り易さ：★★★☆☆",欠損,欠損
ローランドデモワゼル,Rolland's demoiselle,rollandsdemoiselle1.jpg,スズメダイ科,"全長：5cm
生息：サンゴ礁域。
分布：南シナ海、西太平洋
レア度：★★★☆☆
人気：★★★☆☆
撮り易さ：★★☆☆☆",rollandsdemoiselle4.jpg,rollandsdemoiselle7.jpg
ヤツシハゼ,Ornate prawn-goby,yatsushihaze1.jpg,ハゼ科,"全長：6cm
生息：泥底や砂泥底でテッポウエビ類と共生する。水深
1-20m。
分布：静岡県以南の南日本、インドネシア
レア度：★★☆☆☆
人気：★★☆☆☆
撮り易さ：★★★☆☆",yatsushihaze2.jpg,yatsushihaze3.jpg
ヤノダテハゼ,Flag-tail shrimpgoby,yanodatehaze1.jpg,ハゼ科,"全長：10cm
生息：サンゴ礁域の砂地に生息する。
分布：和歌山県以南の南日本、西太平洋
レア度：★★★★☆

人気：★★★★☆

撮り易さ：★★★☆☆
尾鰭に炎のような橙色と黄色の模様がある。",yanodatehaze3.jpg,yanodatehaze4.jpg
ガラスハゼ属の1種-1,-,garasuhaze1-1.jpg,ハゼ科,"全長：4cm
生息：ヤギなどに着生。水深
20-40m。
分布：静岡県以南の南日本、八重山諸島
レア度：★★★☆☆
人気：★★★☆☆
撮り易さ：★★★☆☆
「改訂版　日本のハゼ」に記載のガラスハゼ属の1種-1と思われる。",欠損,欠損
ガラスハゼ属の1種-3,-,garasuhaze3-1.jpg,ハゼ科,"全長：4cm
生息：ムチカラマツ類に着生。
分布：西表島
レア度：★★★★★
人気：★★☆☆☆
撮り易さ：★★★☆☆
体側に明瞭な白斑がある。未記載種と考えられる。",garasuhaze3-2.jpg,欠損
ガラスハゼ属の1種-4,-,garasuhaze4-1.jpg,ハゼ科,"全長：4cm
生息：ウミウチワなどに着生。
分布：マリアナ諸島
レア度：★★★★★
人気：★★☆☆☆
撮り易さ：★★★☆☆",garasuhaze4-2.jpg,欠損
オオガラスハゼ,Large whip goby,oogarasuhaze1.jpg,ハゼ科,"全長：5cm
生息：ウミスゲ類などに着生。水深
10-35m。
分布：千葉県以南の南日本、インドから太平洋
レア度：★★★☆☆
人気：★★★☆☆
撮り易さ：★★★☆☆",oogarasuhaze2.jpg,欠損
ミズタマハゼ,Sixspot goby,mizutamahaze1.jpg,ハゼ科,"全長：20cm
生息：岩礁域、サンゴ礁域の砂底。水深
1-10m。
分布：琉球列島、八重山諸島、インドから西太平洋
レア度：★★★☆☆
人気：★★☆☆☆
撮り易さ：★★★☆☆",mizutamahaze2.jpg,欠損
ムラサメハゼ,Y-bar shrimp goby,murasamehaze1.jpg,ハゼ科,"全長：6cm
生息：内湾の泥底、砂泥底でテッポウエビ類と共生する。水深
2-15m。
分布：琉球列島、八重山諸島、インドから太平洋
レア度：★★★☆☆
人気：★★☆☆☆
撮り易さ：★★★☆☆",murasamehaze2.jpg,欠損
オヨギイソハゼ,Twostripe pygmy goby,oyogiisohaze2.jpg,ハゼ科,"全長：3cm
生息：枝状サンゴやテーブルサンゴの周囲に群れで生息する。
分布：奄美大島以南、西太平洋
レア度：★★★★☆

人気：★★☆☆☆
撮り易さ：★★★☆☆",oyogiisohaze3.jpg,oyogiisohaze1.jpg
ガラスハゼ属の1種-2,-,garasuhaze2-1.jpg,ハゼ科,"全長：4cm
生息：ウチウヒラヤギなどに着生。水深
10-30m。
分布：小笠原諸島、八重山諸島
レア度：★★★★☆

人気：★★★☆☆
撮り易さ：★★★☆☆
「改訂版　日本のハゼ」に記載のガラスハゼ属の1種-2と思われる。",欠損,欠損
ヒメダテハゼ,Steinitz' prawn-goby,himedatehaze6.jpg,ハゼ科,"全長：7cm
生息：砂底や砂泥底でテッポウエビ類と共生する。水深
2-35m。
分布：琉球列島、八重山諸島、インドから太平洋
レア度：★★☆☆☆
人気：★★☆☆☆
撮り易さ：★★★☆☆",himedatehaze7.jpg,himedatehaze8.jpg
アカハチハゼ,Blueband goby,akahachihaze7.jpg,ハゼ科,"全長：20cm
生息：岩礁域、サンゴ礁域の砂底。水深
3-20m。
分布：千葉県以南の南日本、インドから太平洋
レア度：★★☆☆☆
人気：★★★☆☆
撮り易さ：★★★☆☆",akahachihaze5.jpg,akahachihaze9.jpg
キララハゼ属の1種-2,-,kirarahaze2-1.jpg,ハゼ科,"全長：5cm
生息：河川の河口域、マングローブ域
分布：西表島
レア度：★★★★☆

人気：★☆☆☆☆
撮り易さ：★★★☆☆",欠損,欠損
キララハゼ属の1種-1,-,kirarahaze1-1.jpg,ハゼ科,"全長：5cm
生息：河川の河口域、マングローブ域
分布：西表島
レア度：★★★★☆

人気：★☆☆☆☆
撮り易さ：★★★☆☆",欠損,欠損
レッドライトゴビー,Redlight goby,redlightgoby1.jpg,ハゼ科,"全長：6cm
生息：砂底域、礫底域
分布：東部太平洋の熱帯、亜熱帯域。
レア度：★★★☆☆
人気：★★☆☆☆
撮り易さ：★★★★☆
",redlightgoby2.jpg,欠損
フタスジハゼ,Pacific goby,futasujihaze2.jpg,ハゼ科,"全長：5cm
生息：サンゴ礁域の砂底に生息する。死サンゴや木片の下に見られる。
分布：小笠原諸島、琉球列島など、インド洋から西太平洋
レア度：★★★★★
人気：★★★★☆

撮り易さ：★★★☆☆",futasujihaze3.jpg,futasujihaze1.jpg
ヨリメハゼ属の1種-1,-,yorimehaze1-1.jpg,ハゼ科,"全長：4cm
生息：サンゴ礁域の砂底に生息
分布：西表島
レア度：★★★★☆

人気：★☆☆☆☆
撮り易さ：★★☆☆☆",欠損,欠損
キララハゼ属の1種-3,-,kirarahaze3-1.jpg,ハゼ科,"全長：5cm
生息：河川の河口域、マングローブ域
分布：西表島
レア度：★★★★☆

人気：★☆☆☆☆
撮り易さ：★★★☆☆",欠損,欠損
イトヒキハゼ属の1種-2,-,itohikihaze2-1.jpg,ハゼ科,"全長：7cm
生息：内湾の泥底、砂泥底
分布：西部太平洋
レア度：★★★★★
人気：★★☆☆☆
撮り易さ：★★★☆☆",欠損,欠損
スナウトスポットゴビー,Snout-spot goby,snoutspotgoby3.jpg,ハゼ科,"全長：10cm
生息：内湾の砂泥底や浅いガレ場に生息する。
分布：パラオ、西太平洋
レア度：★★★★☆

人気：★★★☆☆
撮り易さ：★★★☆☆",snoutspotgoby2.jpg,snoutspotgoby1.jpg
チゴベニハゼ,Naude's rubble goby,chigobenihaze2.jpg,ハゼ科,"全長：4cm
生息：岩礁域、サンゴ礁域の礁斜面。水深
3-20m。
分布：紀伊半島以南の南日本、インドから太平洋
レア度：★★★★☆

人気：★★★★☆

撮り易さ：★★★☆☆",chigobenihaze1.jpg,chigobenihaze3.jpg
ルリボウズハゼ,Red-tailed goby,ruribouzuhaze1.jpg,ハゼ科,"全長：13cm
生息：渓流域
分布：小笠原諸島、琉球列島、八重山諸島、インドなど
レア度：★★★★★
人気：★★★☆☆
撮り易さ：★★☆☆☆
絶滅危惧種IB類に指定されている種。",ruribouzuhaze3.jpg,ruribouzuhaze2.jpg
イトヒキハゼ属の1種-1,-,itohikihaze1-1.jpg,ハゼ科,"全長：7cm
生息：内湾の泥底、砂泥底
分布：西部太平洋
レア度：★★★★★
人気：★★☆☆☆
撮り易さ：★★★☆☆",欠損,欠損
トンガリハゼ属の1種,-,tongarihaze1-1.jpg,ハゼ科,"全長：6cm
生息：内湾の泥底に生息する。
分布：ニューカレドニア
レア度：★★★★★
人気：★★★☆☆
撮り易さ：★★☆☆☆
ニューカレドニアにて見られた。未記載種と思われる。",tongarihaze1-2.jpg,欠損
レインフォーズゴビー,Rainford's goby,rainfordsgoby3.jpg,ハゼ科,"全長：6cm
生息：内湾の砂泥底や浅いガレ場に生息する。
分布：インドから太平洋
レア度：★★★★☆

人気：★★★☆☆
撮り易さ：★★★☆☆
キンセンハゼなどに似るが、緑色に黄色の縦線と背部に白い斑がある。",rainfordsgoby1.jpg,rainfordsgoby2.jpg
イチモンジハゼ,Striped sleeper,ichimonjihaze2.jpg,ハゼ科,"全長：4cm
生息：岩礁域、サンゴ礁域の礁斜面。水深
20m以深
分布：千葉県以南の南日本、台湾など
レア度：★★★☆☆
人気：★★★☆☆
撮り易さ：★★★☆☆",ichimonjihaze3.jpg,ichimonjihaze1.jpg
ブラックアイドゴビー,Blackeyed goby,blackeyedgoby1.jpg,ハゼ科,"全長：15cm
生息：岩礁近くの砂礫底に生息する。
分布：東部太平洋、カナダからカリフォルニア半島
レア度：★★★☆☆
人気：★★★☆☆
撮り易さ：★★★☆☆",blackeyedgoby2.jpg,欠損
オバケインコハゼ,Mud reef-goby,obakeinkohaze5.jpg,ハゼ科,"全長：20cm
生息：内湾の泥底や砂泥底。水深
3-10m。
分布：琉球列島、八重山諸島、インドから太平洋
レア度：★★★☆☆
人気：★★★☆☆
撮り易さ：★★★☆☆",obakeinkohaze2.jpg,obakeinkohaze3.jpg
クロイトハゼ属1種-1,-,kuroitohaze1-3.jpg,ハゼ科,"全長：15cm
生息：岩礁域、サンゴ礁域の砂底。
分布：ニューカレドニア、西太平洋
レア度：★★★★☆

人気：★★★☆☆
撮り易さ：★★★☆☆",kuroitohaze1-2.jpg,kuroitohaze1-1.jpg
オヨギベニハゼ,Yellow cave goby,oyogibenihaze1.jpg,ハゼ科,"全長：3cm
生息：岩礁域、サンゴ礁域の礁斜面の洞穴や亀裂内で逆さまに泳ぐ。
分布：静岡県以南の南日本、西太平洋
レア度：★★★★☆

人気：★★★☆☆
撮り易さ：★★★☆☆",oyogibenihaze2.jpg,欠損
ホシゾラハゼ,-,hoshizorahaze5.jpg,ハゼ科,"全長：7cm
生息：内湾の泥底に生息する。
分布：奄美大島以南の日本、西部太平洋
レア度：★★★★☆

人気：★★★☆☆
撮り易さ：★★★☆☆",hoshizorahaze2.jpg,hoshizorahaze4.jpg
ホムラダマシ（通称）,-,homuradamashi3.jpg,ハゼ科,"全長：3cm
生息：河口域や内湾の礁域、砂底に生息する。
分布：慶良間諸島、八重山諸島、フィリピンに分布する
レア度：★★★★★
人気：★★★★★
撮り易さ：★★★★☆

「改訂版　日本のハゼ」に記載のハゼ科の1種-14。通称「ホムラダマシ」",homuradamashi4.jpg,homuradamashi5.jpg
ウロコベニハゼ,Emery's goby,urokobenihaze1.jpg,ハゼ科,"全長：3cm
生息：岩礁域、サンゴ礁域の礁斜面。水深
10-35m。
分布：小笠原諸島、琉球列島、インドから西太平洋
レア度：★★★★☆

人気：★★★☆☆
撮り易さ：★★★☆☆",欠損,欠損
ヒメホシハゼ,-,himehoshihaze2.jpg,ハゼ科,"全長：4cm
生息：死サンゴ混じりの砂泥底。水深
15-55m。
分布：琉球列島、八重山諸島、西太平洋
レア度：★★★★☆

人気：★★★☆☆
撮り易さ：★★★☆☆",himehoshihaze1.jpg,欠損
オキカザリハゼ,Black-spotted gpby,okikazarihaze1.jpg,ハゼ科,"全長：5cm
生息：内湾の泥底や砂泥底。水深
1-30m。
分布：八重山諸島、インドから太平洋
レア度：★★★☆☆
人気：★★☆☆☆
撮り易さ：★★★☆☆",欠損,欠損
ヒメカザリハゼ,Goldman's goby,himekazarihaze1.jpg,ハゼ科,"全長：6cm
生息：河口域の砂底に生息する。
分布：静岡県以南の南日本、インドから太平洋
レア度：★★☆☆☆
人気：★★☆☆☆
撮り易さ：★★★☆☆",欠損,欠損
ブルーバンデッドゴビー,Bluebanded goby,bluebandedgoby5.jpg,ハゼ科,"全長：5cm
生息：岩礁の隙間や岩陰に生息
分布：東部太平洋、カリフォルニア州からパナマ
レア度：★★★☆☆
人気：★★★★☆

撮り易さ：★★★★☆
",bluebandedgoby2.jpg,bluebandedgoby7.jpg
アワセイソハゼ属の１種-1,-,awaseisohaze1-1.jpg,ハゼ科,"全長：3cm
生息：岩礁域、サンゴ礁域の礁斜面。水深
8-30m。
分布：琉球列島、八重山諸島、太平洋
レア度：★★★☆☆
人気：★★☆☆☆
撮り易さ：★★☆☆☆",awaseisohaze1-2.jpg,欠損
キイロサンゴハゼ,Okinawa goby,kiirosangohaze5.jpg,ハゼ科,"全長：4cm
生息：ミドリイシ属などのサンゴ間。水深
2-15m。
分布：紀伊半島以南の南日本、インドから太平洋
レア度：★★★☆☆
人気：★★★☆☆
撮り易さ：★★☆☆☆",kiirosangohaze1.jpg,kiirosangohaze3.jpg
アワセイソハゼ属の１種-2,-,awaseisohaze2-2.jpg,ハゼ科,"全長：3cm
生息：岩礁域、サンゴ礁域の礁斜面。水深
8-30m。
分布：西太平洋
レア度：★★★★☆

人気：★★☆☆☆
撮り易さ：★★★☆☆",awaseisohaze2-1.jpg,欠損
ヤツシハゼの1種-1,-,yatsushihaze1-1.jpg,ハゼ科,"全長：5cm
生息：内湾の礁域、砂底に生息する。
分布：高知県以南の南日本、インドから太平洋
レア度：★★★★★
人気：★★☆☆☆
撮り易さ：★★★☆☆
「改訂版　日本のハゼ」に記載のヤツシハゼ属の1種-2と思われる。",欠損,欠損
サンドキャニオンゴビー,Sand-canyon Goby,sandcanyongoby3.jpg,ハゼ科,"全長：6cm
生息：水深１５ｍまでの浅い岩礁、サンゴ礁域の砂だまりや砂底。
分布：西大西洋、カリブ海
レア度：★★★★☆

人気：★★☆☆☆
撮り易さ：★★★☆☆",sandcanyongoby2.jpg,sandcanyongoby1.jpg
ミナミダテハゼ,Redspotted shrimpgoby,minamidatehaze6.jpg,ハゼ科,"全長：11cm
生息：砂底や砂泥底でテッポウエビ類と共生する。水深
20-35m。
分布：静岡県以南の南日本、西太平洋
レア度：★★★★☆

人気：★★☆☆☆
撮り易さ：★★★☆☆",minamidatehaze1.jpg,minamidatehaze5.jpg
メガネベニハゼ,Redface dwarf goby,meganebenihaze2.jpg,ハゼ科,"全長：3cm
生息：岩礁域、サンゴ礁域の礁斜面。水深
8-15m。
分布：八重山諸島、西太平洋
レア度：★★★★☆

人気：★★☆☆☆
撮り易さ：★★★☆☆",meganebenihaze4.jpg,meganebenihaze5.jpg
ヒメクロイトハゼ,Parva goby,himekuroitohaze1.jpg,ハゼ科,"全長：8cm
生息：岩礁域、サンゴ礁域の砂底。水深
2-25m。
分布：琉球列島、八重山諸島、インドから太平洋
レア度：★★★☆☆
人気：★★☆☆☆
撮り易さ：★★★☆☆",himekuroitohaze2.jpg,欠損
ソメワケイソハゼ,Blackbelly goby,somewakeisohaze2.jpg,ハゼ科,"全長：3cm
生息：内湾のサンゴ礁域のガレ場や枝サンゴ周囲に生息する
分布：琉球列島、インド洋から太平洋
レア度：★★★☆☆
人気：★★☆☆☆
撮り易さ：★★★☆☆",somewakeisohaze1.jpg,欠損
ニュウドウダテハゼ,Giant prawn-goby,nyuudoudatehaze1.jpg,ハゼ科,"全長：20cm
生息：泥底でテッポウエビ類と共生する。水深
5-35m。
分布：紀伊半島以南の南日本、インドから太平洋
レア度：★★★★☆

人気：★★☆☆☆
撮り易さ：★★★☆☆",nyuudoudatehaze2.jpg,nyuudoudatehaze3.jpg
ホタテツノハゼ,-,hotatetsunohaze4.jpg,ハゼ科,"全長：5cm
生息：礫混じりの砂底でテッポウエビと共生する。水深
30-40m。
分布：紀伊半島以南の南日本、西太平洋
レア度：★★★★☆

人気：★★★★☆

撮り易さ：★★★☆☆",hotatetsunohaze1.jpg,hotatetsunohaze3.jpg
ハナグロイソハゼ,Shimada's pygmy goby,hanaguroisohaze1.jpg,ハゼ科,"全長：3cm
生息：岩礁域、サンゴ礁域の礁斜面。水深
1-15m。
分布：高知県以南の南日本
レア度：★★★☆☆
人気：★★☆☆☆
撮り易さ：★★★☆☆",hanaguroisohaze4.jpg,hanaguroisohaze2.jpg
ホシカザリハゼ,Decorated goby,hoshikazarihaze2.jpg,ハゼ科,"全長：10cm
生息：死サンゴ混じりのガレ場や砂底。水深
10-15m。
分布：静岡県以南の南日本、インドから太平洋
レア度：★★☆☆☆
人気：★★☆☆☆
撮り易さ：★★★☆☆",hoshikazarihaze4.jpg,hoshikazarihaze1.jpg
ナンヨウボウズハゼ,-,nanyoubouzuhaze1.jpg,ハゼ科,"全長：6cm
生息：渓流域
分布：静岡県以南の南日本、グアム、台湾など
レア度：★★★★★
人気：★★★☆☆
撮り易さ：★★☆☆☆",nanyoubouzuhaze2.jpg,nanyoubouzuhaze3.jpg
パンダダルマハゼ,Blackfin coral goby,pandadarumahaze1.jpg,ハゼ科,"全長：3cm
生息：ハナヤサイサンゴ属の枝間。水深
1-10m。
分布：小笠原諸島、紀伊半島以南の南日本、太平洋
レア度：★★★★☆

人気：★★★☆☆
撮り易さ：★★☆☆☆",pandadarumahaze2.jpg,pandadarumahaze3.jpg
ダンダラダテハゼ,Periophthalma prawngoby,dandaradatehaze1.jpg,ハゼ科,"全長：11cm
生息：サンゴ礁域の砂地にテッポウエビと共生する。
分布：和歌山県以南の南日本、西太平洋
レア度：★★★★☆

人気：★★★★☆

撮り易さ：★★★☆☆
体側と背鰭に金から赤色の横帯、小班がある。",dandaradatehaze2.jpg,欠損
ヒメシノビハゼ,Sandy prawn-goby,himeshinobihaze3.jpg,ハゼ科,"全長：6cm
生息：サンゴ礁域の砂底でテッポウエビ類と共生する。水深
1-15m。
分布：琉球列島、八重山諸島、インドから太平洋
レア度：★★★★☆

人気：★★☆☆☆
撮り易さ：★★★☆☆",himeshinobihaze4.jpg,himeshinobihaze1.jpg
シロオビイソハゼ,Pellucida pygmy goby,shiroobiisohaze5.jpg,ハゼ科,"全長：3cm
生息：岩礁域、サンゴ礁域の礁斜面。水深
6-30m。
分布：琉球列島、八重山諸島、太平洋
レア度：★★★☆☆
人気：★★☆☆☆
撮り易さ：★★★☆☆",shiroobiisohaze2.jpg,shiroobiisohaze3.jpg
アワイロコバンハゼ,-,awairokobanhaze1.jpg,ハゼ科,"全長：3cm
生息：テーブル状、枝状のサンゴ間。水深
3-8m。
分布：小笠原諸島、八重山諸島
レア度：★★★★☆

人気：★★★☆☆
撮り易さ：★★☆☆☆",awairokobanhaze2.jpg,欠損
キンホシイソハゼ,Storthynx pygmy goby,kinhoshiisohaze1.jpg,ハゼ科,"全長：3cm
生息：岩礁域、サンゴ礁域の礁斜面。水深
5-21m。
分布：小笠原諸島、徳島県以南の南日本、インドから太平洋
レア度：★★★★☆

人気：★★☆☆☆
撮り易さ：★★★☆☆",欠損,欠損
ウミショウブハゼ属の1種-1,-,umishoubuhaze1-1.jpg,ハゼ科,"全長：3cm
生息：サンゴ、海草、カイメンなどに着生。水深
5-20m。
分布：琉球列島、八重山諸島
レア度：★★★★★
人気：★★☆☆☆
撮り易さ：★★★☆☆
「改訂版　日本のハゼ」に記載のウミショウブハゼ属の1種-1と思われる。",欠損,欠損
ウミショウブハゼ属の1種-2,-,umishoubuhaze2-1.jpg,ハゼ科,"全長：3cm
生息：サンゴ、海草、カイメンなどに着生。水深
10-25m。
分布：八重山諸島
レア度：★★★★★
人気：★★☆☆☆
撮り易さ：★★★☆☆
「改訂版　日本のハゼ」に記載のウミショウブハゼ属の1種-2と思われる。",umishoubuhaze2-2.jpg,欠損
ウミショウブハゼ属の1種-3,-,umishoubuhaze3-1.jpg,ハゼ科,"全長：-cm
生息：-
分布：-
レア度：★★★★★
人気：★★☆☆☆
撮り易さ：★★★☆☆",欠損,欠損
クロスジイソハゼ,Sebree's pygmy goby,kurosujiisohaze1.jpg,ハゼ科,"全長：3cm
生息：岩礁域、サンゴ礁域の礁斜面。水深
5-30m。
分布：静岡県以南の南日本、インドから太平洋
レア度：★★★☆☆
人気：★★☆☆☆
撮り易さ：★★★☆☆",kurosujiisohaze4.jpg,kurosujiisohaze3.jpg
アカネダルマハゼ,Emerald coral goby,akanedarumahaze2.jpg,ハゼ科,"全長：3cm
生息：トゲサンゴ属の枝間。水深
3-20m。
分布：琉球列島、八重山諸島、インドから太平洋
レア度：★★★☆☆
人気：★★★☆☆
撮り易さ：★★☆☆☆",akanedarumahaze3.jpg,akanedarumahaze1.jpg
カサイダルマハゼ,-,kasaidarumahaze1.jpg,ハゼ科,"全長：3cm
生息：ハナヤサイサンゴ属の枝間に生息する。
分布：琉球列島、西太平洋
レア度：★★★★☆

人気：★★★☆☆
撮り易さ：★★☆☆☆",欠損,欠損
クロヨシノボリ,-,kuroyoshinobori2.jpg,ハゼ科,"全長：9cm
生息：渓流域
分布：日本固有種千葉県以南
レア度：★★★★☆

人気：★★☆☆☆
撮り易さ：★★★☆☆",kuroyoshinobori1.jpg,kuroyoshinobori3.jpg
アカホシイソハゼ,Melasma pygmy goby,akahoshiisohaze3.jpg,ハゼ科,"全長：3cm
生息：岩礁域、サンゴ礁域の礁斜面。水深
3-15m。
分布：静岡県以南の南日本、インドから太平洋
レア度：★★★★☆

人気：★★☆☆☆
撮り易さ：★★★☆☆",akahoshiisohaze1.jpg,akahoshiisohaze2.jpg
オキナワベニハゼ,Okinawa rubble goby,okinawabenihaze5.jpg,ハゼ科,"全長：4cm
生息：岩礁域、サンゴ礁域の礁斜面。水深
3-55m。
分布：静岡県以南の南日本、インドから太平洋
レア度：★★★☆☆
人気：★★★☆☆
撮り易さ：★★★☆☆",okinawabenihaze3.jpg,okinawabenihaze4.jpg
ナデシコイソハゼ,-,nadeshikoisohaze1.jpg,ハゼ科,"全長：2cm
生息：岩礁域、サンゴ礁域の礁斜面。水深
2-15m。
分布：琉球列島、八重山諸島
レア度：★★★★★
人気：★★☆☆☆
撮り易さ：★★★☆☆",nadeshikoisohaze2.jpg,欠損
ラグーンシュリンプゴビー,Lagoon shrimpgoby,lagoonshrimpgoby1.jpg,ハゼ科,"全長：12cm
生息：内湾の泥底、砂泥底でテッポウエビ類と共生する。水深
5-15m。
分布：西部太平洋
レア度：★★★☆☆
人気：★★☆☆☆
撮り易さ：★★★☆☆
頭部に青い筋状、点状の模様があり、体には横線が入る。",欠損,欠損
ニチリンダテハゼ,Randall's prawn-goby,nichirindatehaze1.jpg,ハゼ科,"全長：9cm
生息：サンゴ礁域の砂底でテッポウエビ類と共生する。水深
15-50m。
分布：琉球列島、八重山諸島、西太平洋
レア度：★★★☆☆
人気：★★★★☆

撮り易さ：★★★☆☆",nichirindatehaze2.jpg,nichirindatehaze4.jpg
フタイロサンゴハゼ,fivelined coral goby,futairosangohaze1.jpg,ハゼ科,"全長：4cm
生息：ミドリイシ属などの枝サンゴ間に見られる
分布：和歌山県以南の南日本、インドから太平洋
レア度：★★★★☆

人気：★★★☆☆
撮り易さ：★★☆☆☆",futairosangohaze3.jpg,futairosangohaze2.jpg
ヤノウキホシハゼ,Yano's starry goby,yanoukihoshihaze1.jpg,ハゼ科,"全長：3cm
生息：死サンゴ混じりの砂泥底。水深
15-55m。
分布：琉球列島、八重山諸島、フィリピン
レア度：★★★★★
人気：★★☆☆☆
撮り易さ：★★★☆☆",yanoukihoshihaze2.jpg,欠損
エリホシベニハゼ,-,erihoshibenihaze1.jpg,ハゼ科,"全長：4cm
生息：板状サンゴの裏側に見られる。
分布：八重山諸島
レア度：★★★★☆

人気：★★★★☆

撮り易さ：★★★☆☆",erihoshibenihaze2.jpg,欠損
マダラカザリハゼ,Rigilius goby,madarakazarihaze2.jpg,ハゼ科,"全長：10cm
生息：死サンゴ混じりのガレ場や砂底。水深
2-10m。
分布：琉球列島、八重山諸島、太平洋
レア度：★★★☆☆
人気：★★☆☆☆
撮り易さ：★★★☆☆",madarakazarihaze3.jpg,madarakazarihaze1.jpg
モヨウシノビハゼ,Check-streaked goby,moyoushinobihaze1.jpg,ハゼ科,"全長：14cm
生息：内湾の泥底に生息する。
分布：琉球列島、八重山諸島、インドから太平洋
レア度：★★★★☆

人気：★★★☆☆
撮り易さ：★★☆☆☆",moyoushinobihaze2.jpg,moyoushinobihaze3.jpg
アークフィンシュリンプゴビー,Arc-fin shrimpgoby,arcfinshrimpgoby1.jpg,ハゼ科,"全長：9cm
生息：砂底や砂泥底でテッポウエビ類と共生する。水深
10-30m。
分布：インドネシアからニューギニアの西太平洋
レア度：★★★★☆

人気：★★☆☆☆
撮り易さ：★★★☆☆",arcfinshrimpgoby2.jpg,欠損
モリシタダテハゼ,-,morishitadatehaze1.jpg,ハゼ科,"全長：15cm
生息：サンゴ礁域の砂底でテッポウエビ類と共生する。水深
20-60m。
分布：伊豆諸島、小笠原諸島
レア度：★★★★★
人気：★★★★☆

撮り易さ：★★★☆☆",欠損,欠損
コクテンベンケイハゼ,-,kokutenbenkeihaze1.jpg,ハゼ科,"全長：7cm
生息：岩礁域の礁斜面や岩穴。水深
20-40m。
分布：千葉県以南の南日本
レア度：★★★★☆

人気：★★★☆☆
撮り易さ：★★★☆☆",欠損,欠損
セスジサンカクハゼ,-,sesujisankakuhaze1.jpg,ハゼ科,"全長：6cm
生息：岩礁、サンゴ礁域の砂だまりや砂底。水深
5-20m。
分布：紀伊半島以南の南日本、太平洋
レア度：★★★☆☆
人気：★★☆☆☆
撮り易さ：★★★☆☆",欠損,欠損
メタリックシュリンプゴビー,Metalic-shrimp goby,metalicshrimpgoby3.jpg,ハゼ科,"全長：8cm
生息：砂底や砂泥底でテッポウエビ類と共生する。
分布：タイ、フィリピン、インドネシアなどの西太平洋
レア度：★★★★☆

人気：★★★★☆

撮り易さ：★★★☆☆",metalicshrimpgoby1.jpg,metalicshrimpgoby2.jpg
ナガシメベニハゼ,-,nagashimebenihaze1.jpg,ハゼ科,"全長：3cm
生息：岩礁域、サンゴ礁域の礁斜面
分布：静岡県以南、西部太平洋
レア度：★★★★☆

人気：★★★☆☆
撮り易さ：★★★☆☆",欠損,欠損
ホタテツノハゼ属の1種-1,-,hotatetsunohaze1-1.jpg,ハゼ科,"全長：5cm
生息：礫混じりの砂底でテッポウエビと共生する。水深
10-35m。
分布：静岡県以南の南日本
レア度：★★★★☆

人気：★★★★☆

撮り易さ：★★★☆☆
「改訂版　日本のハゼ」に記載のホタテツノハゼ属の1種-3と思われる。",hotatetsunohaze1-2.jpg,欠損
アオヒゲシノビハゼ,-,aohigeshinobihaze1.jpg,ハゼ科,"全長：7cm
生息：内湾の礁域、砂底に生息する。
分布：琉球列島、八重山諸島、西太平洋
レア度：★★★★★
人気：★★☆☆☆
撮り易さ：★★★☆☆
「改訂版　日本のハゼ」に記載のシノビハゼ属の1種-1と思われる。",欠損,欠損
ハチマキダテハゼ,Diagonal shrimpgoby,hachimakidatehaze2.jpg,ハゼ科,"全長：8cm
生息：砂底や砂泥底でテッポウエビ類と共生する。水深
10-35m。
分布：静岡県以南の南日本、インドから太平洋
レア度：★★☆☆☆
人気：★★☆☆☆
撮り易さ：★★★☆☆",hachimakidatehaze3.jpg,hachimakidatehaze5.jpg
イチモンジコバンハゼ,Whitelined coral goby,ichimonjikobanhaze1.jpg,ハゼ科,"全長：4cm
生息：テーブル状、枝状のサンゴ間。水深
2-6m。
分布：奄美大島以南の南日本、インドから西太平洋
レア度：★★★★☆

人気：★★★☆☆
撮り易さ：★★☆☆☆",欠損,欠損
カタボシオオモンハゼ,Eyebar goby,kataboshioomonhaze4.jpg,ハゼ科,"全長：7cm
生息：死サンゴ混じりのガレ場や砂底。水深
1-35m。
分布：千葉県以南の南日本、インドから太平洋
レア度：★★☆☆☆
人気：★★☆☆☆
撮り易さ：★★★☆☆",kataboshioomonhaze3.jpg,kataboshioomonhaze1.jpg
キャンディーケインドワーフゴビー,Candycane dwarf goby,candycanedwarfgoby6.jpg,ハゼ科,"全長：3cm
生息：岩礁域、サンゴ礁域の礁斜面。水深
12-35m。
分布：インドネシアからニューギニアの西太平洋
レア度：★★★★☆

人気：★★☆☆☆
撮り易さ：★★★☆☆",candycanedwarfgoby4.jpg,candycanedwarfgoby5.jpg
セホシサンカクハゼ,Barenape goby,sehoshisankakuhaze4.jpg,ハゼ科,"全長：6cm
生息：岩礁、サンゴ礁域の砂だまりや砂底。水深
10-20m。
分布：静岡県以南の南日本、インドから太平洋
レア度：★★★☆☆
人気：★★☆☆☆
撮り易さ：★★★☆☆",sehoshisankakuhaze1.jpg,sehoshisankakuhaze2.jpg
フタホシホシハゼ,Orange-spotted goby,futahoshihoshihaze1.jpg,ハゼ科,"全長：4cm
生息：死サンゴ混じりの砂泥底。水深
6-25m。
分布：八重山諸島、インドから太平洋
レア度：★★★☆☆
人気：★★☆☆☆
撮り易さ：★★★☆☆",futahoshihoshihaze2.jpg,欠損
フィラメンテッドサンドゴビー,Filamented sand goby,filamentedsandgoby1.jpg,ハゼ科,"全長：10cm
生息：内湾の泥底や砂泥底。水深
10-40m。
分布：八重山諸島、フィリピン、インドネシア
レア度：★★★★☆

人気：★★★☆☆
撮り易さ：★★★☆☆",filamentedsandgoby2.jpg,filamentedsandgoby3.jpg
ホホベニサラサハゼ,Nocturn goby,hohobenisarasahaze2.jpg,ハゼ科,"全長：6cm
生息：内湾の砂泥底。水深
2-15m。
分布：琉球列島、八重山諸島、インドから太平洋
レア度：★★★☆☆
人気：★★☆☆☆
撮り易さ：★★★☆☆",hohobenisarasahaze4.jpg,hohobenisarasahaze3.jpg
ヒレナガネジリンボウ,Filament-finned prawn-goby,hirenaganejirinbou6.jpg,ハゼ科,"全長：6cm
生息：礫混じりの砂底でテッポウエビと共生する。水深
20-50m。
分布：千葉県以南の南日本、インドから太平洋
レア度：★★★☆☆
人気：★★★★☆

撮り易さ：★★☆☆☆",hirenaganejirinbou7.jpg,hirenaganejirinbou11.jpg
セボシウミタケハゼ,Toothy goby,seboshiumitakehaze2.jpg,ハゼ科,"全長：3cm
生息：ウミトサカ類、カイメン類などに着生。水深
2-20m。
分布：静岡県以南の南日本、インドから太平洋
レア度：★★☆☆☆
人気：★★☆☆☆
撮り易さ：★★★☆☆",seboshiumitakehaze4.jpg,seboshiumitakehaze5.jpg
ジュウモンジサラサハゼ,Orange-striped goby,juumonjisarasahaze3.jpg,ハゼ科,"全長：7cm
生息：内湾の砂泥底。水深
2-15m。
分布：八重山諸島、インドから太平洋
レア度：★★★☆☆
人気：★★☆☆☆
撮り易さ：★★★☆☆",juumonjisarasahaze1.jpg,juumonjisarasahaze2.jpg
アカスジウミタケハゼ,Michel's ghost goby,akasujiumitakehaze1.jpg,ハゼ科,"全長：3cm
生息：ダイオウサンゴやイシサンゴ類に着生。水深
10-35m。
分布：静岡県以南の南日本、インドから太平洋
レア度：★★★☆☆
人気：★★☆☆☆
撮り易さ：★★★☆☆",akasujiumitakehaze2.jpg,akasujiumitakehaze1.jpg
ホホスジシノビハゼ,-,hohosujishinobihaze2.jpg,ハゼ科,"全長：7cm
生息：内湾の礁域、砂底に生息する。
分布：琉球列島、八重山諸島、インドから太平洋
レア度：★★★☆☆
人気：★★☆☆☆
撮り易さ：★★★☆☆",hohosujishinobihaze3.jpg,欠損
スケロクウミタケハゼ,-,sukerokuumitakehaze3.jpg,ハゼ科,"全長：4cm
生息：トゲトサカ類に着生する。
分布：静岡県以南の南日本、インドから太平洋
レア度：★★★☆☆
人気：★★★☆☆
撮り易さ：★★★★☆
",sukerokuumitakehaze2.jpg,sukerokuumitakehaze1.jpg
ヒレフリサンカクハゼ,Signalfin goby,hirefurisankakuhaze3.jpg,ハゼ科,"全長：6cm
生息：岩礁、サンゴ礁域の砂だまりや砂底。水深
2-30m。
分布：琉球列島、八重山諸島、西太平洋
レア度：★★☆☆☆
人気：★★☆☆☆
撮り易さ：★★★☆☆",hirefurisankakuhaze1.jpg,hirefurisankakuhaze4.jpg
フトスジイレズミハゼ,-,futosujiirezumihaze2.jpg,ハゼ科,"全長：3cm
生息：岩礁域の礁斜面や岩穴。水深
3-13m。
分布：静岡県以南の南日本、台湾など
レア度：★★★☆☆
人気：★★★☆☆
撮り易さ：★★★☆☆",futosujiirezumihaze1.jpg,欠損
ナカモトイロワケハゼ,-,nakamotoirowakehaze4.jpg,ハゼ科,"全長：3cm
生息：砂底の貝殻やガラス瓶を巣とする。
分布：琉球列島、八重山諸島
レア度：★★★★★
人気：★★★★☆

撮り易さ：★★☆☆☆",nakamotoirowakehaze3.jpg,nakamotoirowakehaze1.jpg
キツネメネジリンボウ,-,kitsunemenejirinbou1.jpg,ハゼ科,"全長：5cm
生息：礫混じりの砂底でテッポウエビと共生する。
分布：伊豆半島、高知県、鹿児島県
レア度：★★★★★
人気：★★★★☆

撮り易さ：★★☆☆☆
日本固有。柏島では定常的に見られる。",kitsunemenejirinbou3.jpg,kitsunemenejirinbou2.jpg
ニセクロスジイソハゼ,Comet pygmy goby,nisekurosujiisohaze1.jpg,ハゼ科,"全長：3cm
生息：岩礁域、サンゴ礁域の礁斜面。水深
5-20m。
分布：琉球列島、太平洋
レア度：★★★☆☆
人気：★★☆☆☆
撮り易さ：★★★☆☆",欠損,欠損
ハタタテシノビハゼ,Tangaroa shrimp goby,hatatateshinobihaze1.jpg,ハゼ科,"全長：7cm
生息：サンゴ礁域の砂底でテッポウエビ類と共生する。水深
10-35m。
分布：琉球列島、八重山諸島、太平洋
レア度：★★★★☆

人気：★★★☆☆
撮り易さ：★★★☆☆",hatatateshinobihaze5.jpg,hatatateshinobihaze4.jpg
レッドスポッテッドピグミーゴビー,Redspotted pygmygoby,redspottedpygmygoby2.jpg,ハゼ科,"全長：3cm
生息：岩礁域、サンゴ礁域の礁斜面。水深
2-8m。
分布：インドネシアからニューギニアの西太平洋
レア度：★★★★☆

人気：★★☆☆☆
撮り易さ：★★★☆☆",redspottedpygmygoby1.jpg,欠損
ハタタテサンカクハゼ,-,hatatatesankakuhaze1.jpg,ハゼ科,"全長：7cm
生息：岩礁、サンゴ礁域の砂だまりや砂底。水深
6-30m。
分布：紀伊半島以南の南日本、インドから太平洋
レア度：★★★☆☆
人気：★★★☆☆
撮り易さ：★★★☆☆",hatatatesankakuhaze2.jpg,欠損
レッドバンデッドシュリンプゴビー,Red-banded shrimp goby,redbandedshrimpgoby1.jpg,ハゼ科,"全長：8cm
生息：サンゴ礁域の砂底でテッポウエビ類と共生する。水深
5-30m。
分布：マリアナ諸島、西太平洋
レア度：★★★★☆

人気：★★★☆☆
撮り易さ：★★★☆☆",欠損,欠損
レッドマージンシュリンプゴビー,Redmargin shrimpgoby,redmarginshrimpgoby5.jpg,ハゼ科,"全長：9cm
生息：砂底や砂泥底でテッポウエビ類と共生する。水深
2-20m。
分布：インドネシアからニューカレドニアの西太平洋
レア度：★★★☆☆
人気：★★☆☆☆
撮り易さ：★★★☆☆",redmarginshrimpgoby3.jpg,redmarginshrimpgoby1.jpg
タレクチウミタケハゼ,-,tarekuchiumitakehaze1.jpg,ハゼ科,"全長：3cm
生息：サンゴ礁のカイメン類に着生する。
分布：和歌山県以南の南日本、西部太平洋
レア度：★★★☆☆
人気：★★★☆☆
撮り易さ：★★★☆☆",欠損,欠損
ホワイトストライプドピグミーゴビー,Whitestriped pygmygoby,whitestripedpygmygoby1.jpg,ハゼ科,"全長：3cm
生息：岩礁域、サンゴ礁域の礁斜面
分布：0
レア度：★★★★☆

人気：★★☆☆☆
撮り易さ：★★★☆☆
精彩な紅白の模様が特徴",欠損,欠損
ワイドバンデッドクリーナーゴビー,Widebanded cleaner goby,widebandedcleanergoby1.jpg,ハゼ科,"全長：3cm
生息：隙間のある岩礁域に生息する。ウツボの側に良く見かける。
分布：東部太平洋
レア度：★★★★☆

人気：★★★☆☆
撮り易さ：★★☆☆☆",欠損,欠損
フタホシタカノハハゼ,-,futahoshitakanohahaze1.jpg,ハゼ科,"全長：8cm
生息：内湾の泥底、砂泥底でテッポウエビ類と共生する。水深
10-50m。
分布：琉球列島、八重山諸島、インドから太平洋
レア度：★★★☆☆
人気：★★☆☆☆
撮り易さ：★★★☆☆",欠損,欠損
ピンクスポッテッドシュリンプゴビー,Pinkspotted shrinpgoby,pinkspottedshrinpgoby2.jpg,ハゼ科,"全長：12cm
生息：内湾の泥底、砂泥底でテッポウエビ類と共生する。
分布：パラオ、西太平洋
レア度：★★★★★
人気：★★★★☆

撮り易さ：★★★☆☆
オイランハゼに似るが、頭部のピンク色の模様が点状となることで区別できる。",pinkspottedshrinpgoby3.jpg,pinkspottedshrinpgoby4.jpg
ヒメギンポ,Japanese blacktail triplefin,himeginpo3.jpg,ヘビギンポ科,"全長：7cm
生息：浅い岩礁帯
分布：青森県から九州までの日本各地に分布する。
レア度：★★☆☆☆
人気：★★☆☆☆
撮り易さ：★★★☆☆",himeginpo4.jpg,himeginpo1.jpg
ヘビギンポ,Snake triplefin,hebiginpo3.jpg,ヘビギンポ科,"全長：6cm
生息：浅い岩礁帯
分布：北海道から九州までの日本各地に分布する。
レア度：★★☆☆☆
人気：★★★☆☆
撮り易さ：★★★☆☆",hebiginpo2.jpg,hebiginpo1.jpg
クロマスク,Fourspot triplefin,kuromasuku1.jpg,ヘビギンポ科,"全長：4cm
生息：浅い岩礁帯
分布：伊豆半島、伊豆諸島などインド洋から西太平洋に分布する。
レア度：★★★☆☆
人気：★★☆☆☆
撮り易さ：★★★☆☆",欠損,欠損
チカトリプルフィン,Chica triplefin,chicatriplefin1.jpg,ヘビギンポ科,"全長：3cm
生息：浅海のサンゴ礁域
分布：小笠原諸島、スリランカから西太平洋に分布
レア度：★★★★☆

人気：★★☆☆☆
撮り易さ：★★★☆☆",欠損,欠損
カスリヘビギンポ,Largemouth triplefin,kasurihebiginpo1.jpg,ヘビギンポ科,"全長：6cm
生息：浅海のサンゴ礁域
分布：奄美大島以南、西太平洋域に分布する。
レア度：★★★☆☆
人気：★★☆☆☆
撮り易さ：★★★☆☆",欠損,欠損
ヨゴレヘビギンポ,-,yogorehebiginpo4.jpg,ヘビギンポ科,"全長：6cm
生息：浅い岩礁帯
分布：伊豆諸島以南、インド洋から西太平洋に分布
レア度：★★☆☆☆
人気：★★★☆☆
撮り易さ：★★★☆☆",yogorehebiginpo3.jpg,yogorehebiginpo1.jpg
キビレヘビギンポ,-,kibirehebiginpo2.jpg,ヘビギンポ科,"全長：6cm
生息：浅い岩礁帯
分布：伊豆半島、伊豆諸島などに分布する。
レア度：★★★☆☆
人気：★★★☆☆
撮り易さ：★★★☆☆",kibirehebiginpo1.jpg,kibirehebiginpo3.jpg
タテジマヘビギンポ,Tropical striped triplefin,tatejimahebiginpo6.jpg,ヘビギンポ科,"全長：5cm
生息：浅い岩礁、サンゴ礁域
分布：伊豆諸島、高知県以南、インド洋から太平洋に分布する。
レア度：★☆☆☆☆
人気：★★★☆☆
撮り易さ：★★★☆☆",tatejimahebiginpo5.jpg,tatejimahebiginpo2.jpg
シマヒレヘビギンポ,Miracle triplefin,shimahirehebiginpo1.jpg,ヘビギンポ科,"全長：4cm
生息：浅海のサンゴ礁域
分布：小笠原諸島、インドネシアから西太平洋に分布
レア度：★★★★☆

人気：★★☆☆☆
撮り易さ：★★★☆☆",欠損,欠損
ヨロイウオ,Rigid shrimpfish,yoroiuo2.jpg,ヘコアユ科,"全長：15cm
生息：浅海の岩礁、砂底、サンゴ礁域
分布：和歌山県以南、インドから太平洋域
レア度：★★★☆☆
人気：★★★★☆

撮り易さ：★★★☆☆
体後端の棘に関節が無いことでヘコアユと区別できる。",yoroiuo3.jpg,yoroiuo4.jpg
ヘコアユ,Razorfish,hekoayu5.jpg,ヘコアユ科,"全長：15cm
生息：浅海の岩礁、砂底、サンゴ礁域
分布：相模湾以南、インドから太平洋域
レア度：★★☆☆☆
人気：★★★★☆

撮り易さ：★★★☆☆
体後端の棘に関節が有ることでヨロイウオと区別できる。",hekoayu4.jpg,hekoayu1.jpg
ヘラヤガラ,Chinese trumpetfish,herayagara4.jpg,ヘラヤガラ科,"全長：100cm
生息：浅い岩礁やサンゴ礁域
分布：伊豆半島以南、インド洋から太平洋域
レア度：★★☆☆☆
人気：★★★☆☆
撮り易さ：★★★★☆
",herayagara1.jpg,herayagara5.jpg
アトランティックトランペットフィッシュ,Atlantic trumpetfish,atlantictrumpetfish1.jpg,ヘラヤガラ科,"全長：100cm
生息：浅い岩礁やサンゴ礁域
分布：フロリダ半島からブラジルまでの西大西洋
レア度：★★★☆☆
人気：★★★☆☆
撮り易さ：★★★☆☆",atlantictrumpetfish2.jpg,欠損
ヒメジ,Bensasi goatfish,himeji2.jpg,ヒメジ科,"全長：15cm
生息：沿岸の砂泥底
分布：北海道以南の日本近海、台湾
レア度：★★☆☆☆
人気：★★☆☆☆
撮り易さ：★★★☆☆",himeji1.jpg,欠損
オジサン,Manybar goatfish,ojisan2.jpg,ヒメジ科,"全長：30cm
生息：サンゴ礁、岩礁域、砂底域
分布：伊豆大島以南、インド洋から太平洋域
レア度：★★☆☆☆
人気：★★★☆☆
撮り易さ：★★★☆☆",ojisan3.jpg,ojisan4.jpg
ウミヒゴイ,Yellow striped goatfish,umihigoi1.jpg,ヒメジ科,"全長：50cm
生息：沿岸の岩礁、砂底域
分布：伊豆半島以南、西太平洋域
レア度：★★★☆☆
人気：★★☆☆☆
撮り易さ：★★★☆☆",umihigoi2.jpg,欠損
アカヒメジ,Yellowfin goatfish,akahimeji2.jpg,ヒメジ科,"全長：40cm
生息：サンゴ礁域
分布：高知県以南、インド洋から太平洋域
レア度：★☆☆☆☆
人気：★★★☆☆
撮り易さ：★★★☆☆
大きな群れで遊泳する。",akahimeji3.jpg,akahimeji1.jpg
インドヒメジ,Bicolor goatfish,indohimeji1.jpg,ヒメジ科,"全長：35cm
生息：沿岸のサンゴ礁の砂底域
分布：伊豆半島以南、西太平洋域
レア度：★★★☆☆
人気：★★★☆☆
撮り易さ：★★★☆☆",欠損,欠損
ヨメヒメジ,Freckled goatfish,yomehimeji5.jpg,ヒメジ科,"全長：30cm
生息：沿岸の岩礁、砂底域
分布：千葉県以南の南日本、東シナ海
レア度：★★☆☆☆
人気：★★★☆☆
撮り易さ：★★★☆☆",yomehimeji4.jpg,yomehimeji3.jpg
オキナヒメジ,Blackspot goatfish,okinahimeji2.jpg,ヒメジ科,"全長：50cm
生息：沿岸の岩礁、砂底域
分布：伊豆半島以南の南日本、フィリピン
レア度：★★☆☆☆
人気：★★☆☆☆
撮り易さ：★★★☆☆
腹部が白いことでホウライヒメジと区別できる（らしい。）",okinahimeji1.jpg,欠損
オオスジヒメジ,Dash-dot goatfish,oosujihimeji2.jpg,ヒメジ科,"全長：60cm
生息：沿岸のサンゴ礁の砂底域
分布：千葉県以南、インド洋から太平洋域
レア度：★★☆☆☆
人気：★★☆☆☆
撮り易さ：★★★☆☆",oosujihimeji1.jpg,oosujihimeji3.jpg
ホウライヒメジ,Whitesaddle goatfish,houraihimeji5.jpg,ヒメジ科,"全長：40cm
生息：沿岸の岩礁、サンゴ礁域
分布：伊豆半島以南、インド洋から太平洋域
レア度：★★☆☆☆
人気：★★☆☆☆
撮り易さ：★★★☆☆",houraihimeji2.jpg,houraihimeji4.jpg
リュウキュウヒメジ,Sidespot goatfish,ryuukyuuhimeji1.jpg,ヒメジ科,"全長：35cm
生息：沿岸のサンゴ礁の砂底域
分布：高知県以南、インド洋から太平洋域
レア度：★★★☆☆
人気：★★☆☆☆
撮り易さ：★★☆☆☆",ryuukyuuhimeji2.jpg,欠損
フタスジヒメジ,Doubleber goatfish,futasujihimeji2.jpg,ヒメジ科,"全長：40cm
生息：沿岸の岩礁、サンゴ礁域
分布：伊豆半島以南、インド洋から太平洋域
レア度：★★★☆☆
人気：★★☆☆☆
撮り易さ：★★★☆☆",futasujihimeji1.jpg,欠損
タカサゴヒメジ,Cinnabar goatfish,takasagohimeji2.jpg,ヒメジ科,"全長：35cm
生息：沿岸のサンゴ礁の砂底域
分布：伊豆半島以南、インド洋から太平洋域
レア度：★★☆☆☆
人気：★★☆☆☆
撮り易さ：★★★☆☆",takasagohimeji1.jpg,欠損
マルクチヒメジ,Gold-saddle goatfish,marukuchihimeji3.jpg,ヒメジ科,"全長：50cm
生息：沿岸のサンゴ礁の砂底域
分布：八丈島、高知県以南、インド洋から太平洋域
レア度：★★☆☆☆
人気：★★☆☆☆
撮り易さ：★★★☆☆",marukuchihimeji1.jpg,marukuchihimeji2.jpg
モンツキアカヒメジ,Yellowstripe goatfish,montsukiakahimeji2.jpg,ヒメジ科,"全長：40cm
生息：沿岸のサンゴ礁の砂底域
分布：八丈島、高知県以南、インド洋から太平洋域
レア度：★★★☆☆
人気：★★☆☆☆
撮り易さ：★★★☆☆",montsukiakahimeji1.jpg,欠損
ヒラメ,Olive flounder,hirame4.jpg,ヒラメ科,"全長：80cm
生息：岩礁域や砂底域に生息する。
分布：沖縄県を除く日本各地、朝鮮半島に分布する。
レア度：★★☆☆☆
人気：★★★☆☆
撮り易さ：★★★★☆

黄色い色の「黄金平目」が時々現れ、人気となる。",hirame2.jpg,hirame1.jpg
ホタテエソ,-,hotateeso3.jpg,ホタテエソ科,"全長：10cm
生息：岩礁域に近い砂地に生息する。生息水深は３０ｍから５０ｍ。
分布：相模湾、駿河湾、伊豆諸島、東シナ海
レア度：★★★★☆

人気：★★★★☆

撮り易さ：★★★☆☆",hotateeso1.jpg,hotateeso2.jpg
ホウボウ,Red gurnard,houbou1.jpg,ホウボウ科,"全長：40cm
生息：砂泥底に生息する。指のように見える3本の胸鰭軟条を動かして餌を探す。
分布：北海道南部から南シナ海
レア度：★★★☆☆
人気：★★★☆☆
撮り易さ：★★★☆☆
胸鰭の内側が鮮やかな青、緑色であり、水中でも良く目立つ。",houbou2.jpg,houbou3.jpg
トゲカナガシラ,Longwing searobin,togekanagashira1.jpg,ホウボウ科,"全長：25cm
生息：砂泥底に生息する。指のように見える3本の胸鰭軟条を動かして餌を探す。
分布：千葉県以南、南シナ海からインドネシアまでの西太平洋
レア度：★★☆☆☆
人気：★★☆☆☆
撮り易さ：★★☆☆☆
胸鰭の内側が鮮やかな青、緑色であり、水中でも良く目立つ。",欠損,欠損
イズオコゼ,-,izuokoze1.jpg,イボオコゼ科,"全長：5cm
生息：岩礁域、ガレ場に生息する。周囲に擬態し、見つけるのが難しい。
分布：房総半島、伊豆半島、伊豆大島、柏島などに分布する。
レア度：★★★★★
人気：★★★★☆

撮り易さ：★★★☆☆
2010年に新種記載された。",欠損,欠損
ボガ,Boga,boga1.jpg,イサキ科,"全長：20cm
生息：サンゴ礁域の外縁を群れで遊泳する。
分布：カリブ海、西部大西洋
レア度：★★★★☆

人気：★★☆☆☆
撮り易さ：★★☆☆☆",欠損,欠損
イサキ,Chicken grunt,isaki6.jpg,イサキ科,"全長：45cm
生息：沿岸の岩礁域、内湾などに生息する。
分布：関東地方、新潟県以南、東シナ海、南シナ海などに分布する。
レア度：★☆☆☆☆
人気：★★☆☆☆
撮り易さ：★★★☆☆",isaki2.jpg,isaki4.jpg
ヒゲダイ,Long barbeled grunter,higedai1.jpg,イサキ科,"全長：45cm
生息：浅い岩礁域、砂底域に生息する。
分布：伊豆半島以南、東シナ海に分布する。
レア度：★★★☆☆
人気：★★★☆☆
撮り易さ：★★★☆☆",higedai2.jpg,欠損
コロダイ,Silver sweetlips,korodai5.jpg,イサキ科,"全長：70cm
生息：浅い岩礁域、サンゴ礁域に生息する。
分布：伊豆半島以南、インド洋から西太平洋に分布する。
レア度：★☆☆☆☆
人気：★★★☆☆
撮り易さ：★★★☆☆",korodai8.jpg,korodai7.jpg
トムテート,Tomtate,tomtate1.jpg,イサキ科,"全長：25cm
生息：サンゴ礁域に群れを形成する。他のイサキ種と混じった群れを形成することも多い。
分布：カリブ海、西部大西洋
レア度：★★★☆☆
人気：★★☆☆☆
撮り易さ：★★★☆☆",tomtate2.jpg,欠損
ポークフィッシュ,Porkfish,porkfish2.jpg,イサキ科,"全長：30cm
生息：サンゴ礁域に生息する。群れを形成することもある。
分布：カリブ海、西部大西洋
レア度：★★★☆☆
人気：★★★☆☆
撮り易さ：★★★☆☆
クロオビダイという和名もあるが、より一般的なポークフィッシュとして掲載。",porkfish1.jpg,欠損
ホワイトグラント,White Grunt,whitegrunt1.jpg,イサキ科,"全長：45cm
生息：サンゴ礁域や砂地に生息する。
分布：カリブ海、西部大西洋
レア度：★★★☆☆
人気：★★☆☆☆
撮り易さ：★★★☆☆",whitegrunt2.jpg,whitegrunt3.jpg
コルテスグラント,Cortez grunt,cortezgrunt1.jpg,イサキ科,"全長：35cm
生息：沿岸の岩礁域や斜面に生息する。大きな群れを形成することもある。
分布：東部太平洋
レア度：★★★☆☆
人気：★★★☆☆
撮り易さ：★★★☆☆",欠損,欠損
シーザーグラント,Ceasar Grunt,ceasargrunt2.jpg,イサキ科,"全長：35cm
生息：サンゴ礁域に群れを形成する。
分布：カリブ海、西部大西洋
レア度：★★★☆☆
人気：★★☆☆☆
撮り易さ：★★★☆☆",ceasargrunt1.jpg,欠損
フレンチグラント,French Grunt,frenchgrunt1.jpg,イサキ科,"全長：30cm
生息：サンゴ礁域に群れを形成する。
分布：カリブ海、西部大西洋
レア度：★★★☆☆
人気：★★★☆☆
撮り易さ：★★★★☆
",frenchgrunt3.jpg,frenchgrunt2.jpg
セーラーズグラント,Sailors Grunt,sailorsgrunt3.jpg,イサキ科,"全長：40cm
生息：サンゴ礁の外縁域に生息する。
分布：カリブ海、西部大西洋
レア度：★★★☆☆
人気：★★☆☆☆
撮り易さ：★★★☆☆",sailorsgrunt2.jpg,sailorsgrunt1.jpg
アヤコショウダイ,Diagpnal-banded sweetlips,ayakosyoudai1.jpg,イサキ科,"全長：50cm
生息：サンゴ礁の岩礁域の斜面に見られる。
分布：琉球列島、東南アジア
レア度：★★★★☆

人気：★★★☆☆
撮り易さ：★★★☆☆",欠損,欠損
ブラックマーゲイト,Black Margate,blackmargate1.jpg,イサキ科,"全長：60cm
生息：岩礁域、サンゴ礁域に生息する。
分布：カリブ海、西部大西洋
レア度：★★★☆☆
人気：★★☆☆☆
撮り易さ：★★★★☆
",blackmargate2.jpg,欠損
ブリットグラント,Burrito Grunt,burritogrunt1.jpg,イサキ科,"全長：25cm
生息：潮通しの良い岩礁域
分布：東部太平洋
レア度：★★★☆☆
人気：★★★☆☆
撮り易さ：★★★☆☆",burritogrunt2.jpg,burritogrunt3.jpg
ホワイトマーゲイト,White Margate,whitemargate2.jpg,イサキ科,"全長：60cm
生息：サンゴ礁域の砂地に生息する。
分布：カリブ海、西部大西洋
レア度：★★★☆☆
人気：★★☆☆☆
撮り易さ：★★★☆☆",whitemargate1.jpg,欠損
グレイバーグラント,Greybar grunt,greybargrunt1.jpg,イサキ科,"全長：30cm
生息：岩礁付近の砂底域に生息。
分布：東部太平洋
レア度：★★★☆☆
人気：★★☆☆☆
撮り易さ：★★★☆☆",greybargrunt2.jpg,greybargrunt3.jpg
クロコショウダイ,Blubberlip,kurokosyoudai1.jpg,イサキ科,"全長：45cm
生息：サンゴ礁の外縁域に生息する。
分布：琉球列島、インド洋から西太平洋に分布する。
レア度：★★★☆☆
人気：★★☆☆☆
撮り易さ：★★★☆☆",kurokosyoudai2.jpg,kurokosyoudai3.jpg
アジアコショウダイ,Dotted sweetlips,ajiakosyoudai1.jpg,イサキ科,"全長：55cm
生息：浅い岩礁域、サンゴ礁域に生息する。
分布：伊豆半島以南、インド洋から西太平洋に分布する。
レア度：★★☆☆☆
人気：★★★☆☆
撮り易さ：★★★☆☆",ajiakosyoudai7.jpg,ajiakosyoudai6.jpg
カリフォルニアサーゴ,California sargo,californiasargo1.jpg,イサキ科,"全長：40cm
生息：沿岸の岩礁域
分布：東部太平洋、カリフォルニア州からカリフォルニア半島
レア度：★★★☆☆
人気：★★★☆☆
撮り易さ：★★★☆☆",californiasargo2.jpg,欠損
パナミックポークフィッシュ,Panamic Porkfish,panamicporkfish1.jpg,イサキ科,"全長：30cm
生息：沿岸の岩礁域やサンゴ礁域に生息する。
分布：東部太平洋
レア度：★★★☆☆
人気：★★★☆☆
撮り易さ：★★★☆☆",欠損,欠損
コットンウィックグラント,Cottonwick Grunt,cottonwickgrunt1.jpg,イサキ科,"全長：30cm
生息：サンゴ礁域に群れを形成する。
分布：カリブ海、西部大西洋
レア度：★★★☆☆
人気：★★★☆☆
撮り易さ：★★★☆☆",cottonwickgrunt3.jpg,cottonwickgrunt2.jpg
ムスジコショウダイ,Oriental sweetlips,musujikosyoudai1.jpg,イサキ科,"全長：45cm
生息：サンゴ礁の岩礁域の斜面に見られる。
分布：伊豆半島以南、インド洋から西太平洋に分布する。
レア度：★★★☆☆
人気：★★★☆☆
撮り易さ：★★★☆☆",musujikosyoudai2.jpg,欠損
ブルーストライプドグラント,Bluestriped Grunt,bluestripedgrunt1.jpg,イサキ科,"全長：45cm
生息：サンゴ礁の外縁域に生息する。
分布：カリブ海、西部大西洋
レア度：★★★☆☆
人気：★★☆☆☆
撮り易さ：★★★★☆
",bluestripedgrunt3.jpg,bluestripedgrunt2.jpg
ヒレグロコショウダイ,Striped sweetlips,hiregurokosyoudai2.jpg,イサキ科,"全長：40cm
生息：岩礁域に生息する。
分布：伊豆半島以南、インド洋から西太平洋に分布する。
レア度：★☆☆☆☆
人気：★★★☆☆
撮り易さ：★★★☆☆",hiregurokosyoudai1.jpg,欠損
チョウチョウコショウダイ,Many-spotted sweetlips,chouchoukosyoudai6.jpg,イサキ科,"全長：40cm
生息：サンゴ礁の岩礁域生息する。
分布：琉球列島、インド洋から西太平洋に分布する。
レア度：★★☆☆☆
人気：★★★★☆

撮り易さ：★★★☆☆
幼魚は頭を下にして、くねくね泳ぐ。",chouchoukosyoudai7.jpg,chouchoukosyoudai2.jpg
イシダイ,Bared knifejaw,ishidai2.jpg,イシダイ科,"全長：80cm
生息：沿岸の岩礁域に生息する。
分布：日本各地、台湾に分布する。
レア度：★★☆☆☆
人気：★★★☆☆
撮り易さ：★★★☆☆
成魚は吻部が黒くなり、クチグロとも呼ばれている。
若魚はシマダイと呼ばれることが多い。",ishidai1.jpg,ishidai4.jpg
イシガキダイ,Spotted knifejaw,ishigakidai4.jpg,イシダイ科,"全長：90cm
生息：沿岸の岩礁域に生息する。
分布：千葉県以南、南シナ海に分布する。
レア度：★★☆☆☆
人気：★★★☆☆
撮り易さ：★★★☆☆
成魚は吻部が白くなり、クチジロと呼ばれる。",ishigakidai3.jpg,ishigakidai2.jpg
カエルウオ,Mottled blenny,kaeruuo1.jpg,イソギンポ科,"全長：15cm
生息：浅い岩礁域やタイドプールなどに生息する。
分布：千葉県以南の南日本、インド洋から太平洋に分布する。
レア度：★★☆☆☆
人気：★★★☆☆
撮り易さ：★★★☆☆",欠損,欠損
ニジギンポ,Striped poison-fang blenny mimic,nijiginpo2.jpg,イソギンポ科,"全長：11cm
生息：内湾の岩礁帯や藻場に生息する。
分布：下北半島以南、西部太平洋の熱帯、温帯域に分布
レア度：★☆☆☆☆
人気：★★☆☆☆
撮り易さ：★★★☆☆
活発に泳ぐ遊泳性",nijiginpo4.jpg,nijiginpo3.jpg
ホシギンポ,Stellar rockskipper,hoshiginpo1.jpg,イソギンポ科,"全長：12cm
生息：浅い岩礁帯に生息する。
分布：三浦半島以南の南日本、マリアナ諸島
レア度：★★★☆☆
人気：★★☆☆☆
撮り易さ：★★☆☆☆
岩に付着した藻類を食べる。",欠損,欠損
イナセギンポ,Bicolour fangblenny,inaseginpo2.jpg,イソギンポ科,"全長：7cm
生息：浅いサンゴ礁や岩礁帯に生息する。
分布：相模湾以南、西部太平洋
レア度：★★★☆☆
人気：★★★☆☆
撮り易さ：★★☆☆☆
活発に泳ぐ遊泳性。たらこ唇（のような顔）が特徴。",inaseginpo1.jpg,欠損
ニラミギンポ,Black comb-tooth,niramiginpo4.jpg,イソギンポ科,"全長：9cm
生息：浅いサンゴ礁帯に生息する。
分布：伊豆大島、高知県、長崎県など西部太平洋
レア度：★★★☆☆
人気：★★☆☆☆
撮り易さ：★★★☆☆",niramiginpo6.jpg,niramiginpo7.jpg
ミナミギンポ,Bluestriped fangblenny,minamiginpo4.jpg,イソギンポ科,"全長：12cm
生息：浅いサンゴ礁や岩礁帯に生息する。
分布：東京湾以南、西部太平洋
レア度：★★☆☆☆
人気：★★☆☆☆
撮り易さ：★★☆☆☆
活発に泳ぐ遊泳性",minamiginpo1.jpg,minamiginpo3.jpg
タマカエルウオ,Leaping blenny,tamakaeruuo1.jpg,イソギンポ科,"全長：12cm
生息：岩礁の潮間帯、波がかかる水面より上に生息する。
分布：八丈島以南、琉球列島、インドから太平洋
レア度：★★★★☆

人気：★★★☆☆
撮り易さ：★★☆☆☆
水上で見られる魚",tamakaeruuo2.jpg,欠損
セーラムブレニー,Seram blenny,seramblenny1.jpg,イソギンポ科,"全長：15cm
生息：5m以浅の内湾、サンゴ礁域
分布：パラオ、西部太平洋
レア度：★★★★☆

人気：★★☆☆☆
撮り易さ：★★☆☆☆",欠損,欠損
インドカエルウオ,Brown coral blenny,indokaeruuo1.jpg,イソギンポ科,"全長：12cm
生息：浅いサンゴ礁帯に生息する。
分布：琉球列島以南、西部太平洋
レア度：★★☆☆☆
人気：★★☆☆☆
撮り易さ：★★☆☆☆
サンゴ枝間を動き回る。",欠損,欠損
ゴイシギンポ,Ocular blenny,goishiginpo1.jpg,イソギンポ科,"全長：6cm
生息：浅いサンゴ礁帯に生息する。
分布：琉球列島、台湾、フィリピンに分布する。
レア度：★★★☆☆
人気：★★★☆☆
撮り易さ：★★★☆☆",欠損,欠損
セダカギンポ,Leopard blenny,sedakaginpo1.jpg,イソギンポ科,"全長：11cm
生息：浅いサンゴ礁や岩礁帯に生息する。
分布：紀伊半島以南、インドから西部太平洋
レア度：★★★☆☆
人気：★★★☆☆
撮り易さ：★★☆☆☆",sedakaginpo2.jpg,欠損
ハナダイギンポ,Persian blenny,hanadaiginpo1.jpg,イソギンポ科,"全長：10cm
生息：浅いサンゴ礁帯に生息する。
分布：琉球列島以南、西部太平洋
レア度：★★★★☆

人気：★★★★☆

撮り易さ：★★★☆☆",hanadaiginpo2.jpg,欠損
エリグロギンポ,Triplespot blenny,eriguroginpo2.jpg,イソギンポ科,"全長：8cm
生息：浅いサンゴ礁や岩礁帯に生息する。
分布：琉球列島以南、西部太平洋
レア度：★★★☆☆
人気：★★★☆☆
撮り易さ：★★☆☆☆",eriguroginpo1.jpg,欠損
マツバギンポ,Spotted and barred blenny,matsubaginpo2.jpg,イソギンポ科,"全長：5cm
生息：サンゴ礁や岩礁帯に生息する。
分布：伊豆半島以南、西部太平洋
レア度：★★☆☆☆
人気：★★☆☆☆
撮り易さ：★★★☆☆",matsubaginpo3.jpg,matsubaginpo1.jpg
ヤエヤマギンポ,Jewelled blenny,yaeyamaginpo1.jpg,イソギンポ科,"全長：12cm
生息：浅いサンゴ礁や岩礁帯に生息する。
分布：琉球列島以南、インドから西部太平洋
レア度：★★☆☆☆
人気：★★☆☆☆
撮り易さ：★★★☆☆",欠損,欠損
イソギンポ科の1種-1,-,isoginpoka1-1.jpg,イソギンポ科,"全長：6cm
生息：内湾の岩穴やパイプ内を住処とする
分布：西表島にて見られた
レア度：★★★★★
人気：★★☆☆☆
撮り易さ：★★☆☆☆
不明種",欠損,欠損
ハタタテギンポ,Floral blenny,hatatateginpo2.jpg,イソギンポ科,"全長：7cm
生息：内湾の浅場や藻場に生息する。
分布：琉球列島以南、インドから西部太平洋
レア度：★★☆☆☆
人気：★★☆☆☆
撮り易さ：★★★☆☆",hatatateginpo1.jpg,欠損
コミカルブレニー,Comical blenny,comicalblenny4.jpg,イソギンポ科,"全長：4cm
生息：浅いサンゴ礁帯に生息する。
分布：ミクロネシアのみに分布する。
レア度：★★★★★
人気：★★★☆☆
撮り易さ：★★★☆☆",comicalblenny1.jpg,comicalblenny5.jpg
ヒゲニジギンポ,Striped poison-fang blenny,higenijiginpo1.jpg,イソギンポ科,"全長：8cm
生息：浅いサンゴ礁や岩礁帯に生息する。
分布：琉球列島以南、西部太平洋
レア度：★★★☆☆
人気：★★★☆☆
撮り易さ：★★★☆☆
活発に泳ぐ遊泳性",higenijiginpo2.jpg,欠損
ヒトスジギンポ,Linear blenny,hitosujiginpo1.jpg,イソギンポ科,"全長：8cm
生息：サンゴ礁や岩礁帯に生息する。
分布：三宅島、琉球列島以南、西部太平洋に分布する。
レア度：★★☆☆☆
人気：★★☆☆☆
撮り易さ：★★★☆☆",hitosujiginpo7.jpg,hitosujiginpo3.jpg
カモハラギンポ,Sawtail blenny,kamoharaginpo2.jpg,イソギンポ科,"全長：10cm
生息：浅いサンゴ礁や岩礁帯に生息する。
分布：和歌山県以南、西部太平洋
レア度：★★☆☆☆
人気：★★★☆☆
撮り易さ：★★★☆☆
活発に泳ぐ遊泳性",kamoharaginpo1.jpg,kamoharaginpo3.jpg
オウゴンニジギンポ,Forktail blenny,oogonnijiginpo5.jpg,イソギンポ科,"全長：7cm
生息：浅いサンゴ礁や岩礁帯に生息する。
分布：伊豆半島、琉球列島以南、西部太平洋
レア度：★★☆☆☆
人気：★★★☆☆
撮り易さ：★★★☆☆
活発に泳ぐ遊泳性",oogonnijiginpo6.jpg,oogonnijiginpo1.jpg
フタイロカエルウオ,Bicolor blenny,futairokaeruuo1.jpg,イソギンポ科,"全長：7cm
生息：潮通しの良いサンゴ礁に生息する。
分布：琉球列島以南、インドから西部太平洋
レア度：★★☆☆☆
人気：★★★☆☆
撮り易さ：★★★☆☆",futairokaeruuo3.jpg,futairokaeruuo2.jpg
ツインスポットブレニ―,Twinspot blenny,twinspotblenny1.jpg,イソギンポ科,"全長：4cm
生息：浅いサンゴ礁帯に生息する。
分布：ボルネオからインドネシア、フィリピンに分布する。
レア度：★★★★☆

人気：★★★☆☆
撮り易さ：★★★☆☆",欠損,欠損
セグメンテッドブレニー,Segmented blenny,segmentedblenny2.jpg,イソギンポ科,"全長：8cm
生息：8m以浅のサンゴ礁域
分布：パラオ、西部太平洋
レア度：★★★☆☆
人気：★★★☆☆
撮り易さ：★★☆☆☆",segmentedblenny1.jpg,欠損
イシガキカエルウオ,Yaeyama blenny,ishigakikaeruuo4.jpg,イソギンポ科,"全長：5cm
生息：浅いサンゴ礁帯に生息する。
分布：琉球列島以南、東部インド洋から西部太平洋
レア度：★★☆☆☆
人気：★★☆☆☆
撮り易さ：★★★☆☆",ishigakikaeruuo5.jpg,ishigakikaeruuo3.jpg
タテガミカエルウオ,Chestnut eyelash-blenny,tategamikaeruuo1.jpg,イソギンポ科,"全長：12cm
生息：浅いサンゴ礁帯に生息する。
分布：琉球列島以南、紅海からオーストラリアに分布する。
レア度：★★★☆☆
人気：★★★☆☆
撮り易さ：★★★☆☆",tategamikaeruuo5.jpg,tategamikaeruuo2.jpg
モンツキカエルウオ,Red-spotted blenny,montsukikaeruuo1.jpg,イソギンポ科,"全長：10cm
生息：浅いサンゴ礁帯に生息する。
分布：琉球列島以南、西部太平洋
レア度：★★★☆☆
人気：★★★★☆

撮り易さ：★★★☆☆
穴から顔を出す姿がよく見られる。",montsukikaeruuo2.jpg,montsukikaeruuo3.jpg
アミメミノカエルウオ,Imitator blenny,amimeminokaeruuo1.jpg,イソギンポ科,"全長：8cm
生息：潮通しの良い岩礁帯に生息する。
分布：伊豆半島以南、西部太平洋
レア度：★★★☆☆
人気：★★★☆☆
撮り易さ：★★★☆☆",amimeminokaeruuo2.jpg,amimeminokaeruuo3.jpg
テンクロスジギンポ,Piano fangblenny,tenkurosujiginpo3.jpg,イソギンポ科,"全長：10cm
生息：浅いサンゴ礁や岩礁帯に生息する。
分布：相模湾以南、インドから西部太平洋
レア度：★☆☆☆☆
人気：★★☆☆☆
撮り易さ：★★★☆☆
活発に泳ぐ遊泳性",tenkurosujiginpo5.jpg,tenkurosujiginpo7.jpg
サーベルトゥースブレニー,Sabertooth blenny,sabertoothblenny1.jpg,イソギンポ科,"全長：10cm
生息：小さい穴や隙間の多い岩礁帯に生息する。穴から出て遊泳する事も多い。
分布：東部太平洋の熱帯、亜熱帯域。
レア度：★★★☆☆
人気：★★★☆☆
撮り易さ：★★☆☆☆",sabertoothblenny2.jpg,欠損
フィリピンブレニー,Philippines blenny,philippinesblenny1.jpg,イソギンポ科,"全長：5cm
生息：サンゴ礁に生息する。
分布：フィリピンのみに分布する。
レア度：★★★★★
人気：★★★☆☆
撮り易さ：★★★☆☆",欠損,欠損
ニセクロスジギンポ,False cleanerfish,nisekurosujiginpo1.jpg,イソギンポ科,"全長：12cm
生息：浅いサンゴ礁や岩礁帯に生息する。
分布：相模湾以南、西部太平洋
レア度：★★☆☆☆
人気：★★☆☆☆
撮り易さ：★★☆☆☆
活発に泳ぐ遊泳性",欠損,欠損
ホワイトスポッテッドブレニー,Whitespotted blenny,whitespottedblenny1.jpg,イソギンポ科,"全長：7cm
生息：8m以浅のサンゴ礁域
分布：西部太平洋
レア度：★★★★☆

人気：★★☆☆☆
撮り易さ：★★☆☆☆",欠損,欠損
パナミックファングドブレニー,Panamic fanged blenny,panamicfangedblenny2.jpg,イソギンポ科,"全長：20cm
生息：穴や隙間の多い岩礁帯、ガレ場に生息する。
分布：東部太平洋の熱帯、亜熱帯域。
レア度：★★★☆☆
人気：★★☆☆☆
撮り易さ：★★★☆☆",panamicfangedblenny3.jpg,panamicfangedblenny4.jpg
オボロゲタテガミカエルウオ,Filamentous blenny,oborogetategamikaeruuo3.jpg,イソギンポ科,"全長：9cm
生息：浅いサンゴ礁や岩礁帯に生息する。
分布：琉球列島以南、インドから西部太平洋
レア度：★★★★☆

人気：★★★☆☆
撮り易さ：★★★☆☆",oborogetategamikaeruuo1.jpg,oborogetategamikaeruuo2.jpg
ベニツケタテガミカエルウオ,Red spedkled blenny,benitsuketategamikaeruuo1.jpg,イソギンポ科,"全長：3cm
生息：潮通しの良い岩礁帯に生息する。
分布：琉球列島以南、西部太平洋
レア度：★★★★☆

人気：★★★☆☆
撮り易さ：★★★☆☆",benitsuketategamikaeruuo2.jpg,benitsuketategamikaeruuo3.jpg
ブラックストライプドコームツースブレニー,Blackstriped combtooth blenny,blackstripedcombtoothblenny2.jpg,イソギンポ科,"全長：5cm
生息：サンゴ礁に生息する。
分布：ニューカレドニア
レア度：★★★★★
人気：★★★☆☆
撮り易さ：★★★☆☆",blackstripedcombtoothblenny1.jpg,欠損
イスズミ,Lowfin drummer,isuzumi4.jpg,イスズミ科,"全長：70cm
生息：沿岸の岩礁域に生息する。
分布：伊豆半島以南、紅海、東アフリカから西太平洋、西大西洋
レア度：★★☆☆☆
人気：★★☆☆☆
撮り易さ：★★★☆☆",isuzumi3.jpg,isuzumi1.jpg
バミューダチャブ,Bermuda chub,bermudachub1.jpg,イスズミ科,"全長：75cm
生息：沿岸の岩礁域に生息する。
分布：カリブ海、西大西洋
レア度：★★★☆☆
人気：★★☆☆☆
撮り易さ：★★★☆☆",欠損,欠損
ノトイスズミ,Gray drummer,notoisuzumi2.jpg,イスズミ科,"全長：70cm
生息：沿岸の岩礁域に生息する。
分布：伊豆半島以南、紅海、東アフリカから太平洋。
レア度：★★☆☆☆
人気：★★☆☆☆
撮り易さ：★★★☆☆",notoisuzumi1.jpg,notoisuzumi3.jpg
テンジクイサキ,Topsail drummer,tenjikuisaki1.jpg,イスズミ科,"全長：45cm
生息：沿岸の岩礁域に生息する。
分布：伊豆半島以南、紅海、東アフリカから西太平洋。
レア度：★★☆☆☆
人気：★★☆☆☆
撮り易さ：★★★☆☆",tenjikuisaki4.jpg,tenjikuisaki3.jpg
シルバードラマー,Silver drummer,silverdrummer2.jpg,イスズミ科,"全長：75cm
生息：沿岸の岩礁域に生息する。
分布：オーストラリアからニュージーランド、西太平洋
レア度：★★★☆☆
人気：★★☆☆☆
撮り易さ：★★★☆☆",silverdrummer1.jpg,欠損
ミナミイスズミ,Pacific drummer,minamiisuzumi3.jpg,イスズミ科,"全長：65cm
生息：沿岸の岩礁域に生息する。
分布：伊豆諸島以南、インド洋から西太平洋。
レア度：★★★☆☆
人気：★★★☆☆
撮り易さ：★★★☆☆",minamiisuzumi2.jpg,minamiisuzumi1.jpg
ブルーブロンズチャブ,Blue-bronze chub,bluebronzechub1.jpg,イスズミ科,"全長：45cm
生息：リーフ周辺の外洋、ひょすそ雨域を遊泳する。
分布：東部太平洋。
レア度：★★★★☆

人気：★★☆☆☆
撮り易さ：★★★☆☆",bluebronzechub2.jpg,欠損
キツネウオ,Small-toothed whiptail,kitsuneuo2.jpg,イトヨリダイ科,"全長：30cm
生息：サンゴ礁域に生息する。
分布：琉球列島以南、西部太平洋に分布する。
レア度：★★☆☆☆
人気：★★☆☆☆
撮り易さ：★★☆☆☆",kitsuneuo1.jpg,欠損
キツネウオ属の１種,-,kitsuneuo1-1.jpg,イトヨリダイ科,"全長：8cm
生息：サンゴ礁域に生息する。
分布：八重山諸島、西部太平洋に分布する。
レア度：★★★★☆

人気：★★☆☆☆
撮り易さ：★★☆☆☆
山と渓谷社「日本の海水魚」に記載のキツネウオ属の１種－２と思われる。
キツネウオの幼魚？　それとも別種？",kitsuneuo1-2.jpg,欠損
イトタマガシラ,Japanese whiptail,itotamagashira1.jpg,イトヨリダイ科,"全長：20cm
生息：岩礁、サンゴ礁域に生息する。
分布：房総半島以南、西部太平洋に分布する。
レア度：★★★☆☆
人気：★★☆☆☆
撮り易さ：★★☆☆☆",欠損,欠損
ヒメタマガシラ,Pale monocle bream,himetamagashira1.jpg,イトヨリダイ科,"全長：25cm
生息：砂底域に生息する。
分布：伊豆半島以南、南シナ海からオーストラリアまでの西太平洋
レア度：★★★☆☆
人気：★★☆☆☆
撮り易さ：★★★☆☆",himetamagashira2.jpg,欠損
カメンタマガシラ,Pearl-streaked monocle bream,kamentamagashira1.jpg,イトヨリダイ科,"全長：20cm
生息：岩礁、サンゴ礁域に生息する。
分布：琉球列島以南、インド洋から西部太平洋に分布する。
レア度：★★★☆☆
人気：★★★☆☆
撮り易さ：★★☆☆☆",欠損,欠損
タイワンタマガシラ,Whitecheek monocle bream,taiwantamagashira2.jpg,イトヨリダイ科,"全長：25cm
生息：サンゴ礁、砂底域に生息する。
分布：東アフリカからインドネシア
レア度：★★★☆☆
人気：★★★☆☆
撮り易さ：★★★☆☆",taiwantamagashira1.jpg,欠損
シンジュタマガシラ,Pearly monocle bream,shinjutamagashira2.jpg,イトヨリダイ科,"全長：25cm
生息：砂底域に生息する。
分布：八重山諸島、南シナ海から西部太平洋に分布する。
レア度：★★★☆☆
人気：★★☆☆☆
撮り易さ：★★☆☆☆",shinjutamagashira4.jpg,shinjutamagashira3.jpg
ハクセンタマガシラ,Whitestreak monocle bream,hakusentamagashira3.jpg,イトヨリダイ科,"全長：15cm
生息：サンゴ礁、砂底域に生息する。
分布：琉球列島以南、インド洋から西部太平洋に分布する。
レア度：★★☆☆☆
人気：★★☆☆☆
撮り易さ：★★☆☆☆",hakusentamagashira1.jpg,hakusentamagashira2.jpg
ヒトスジタマガシラ,Monogrammed monocle bream,hitosujitamagashira3.jpg,イトヨリダイ科,"全長：40cm
生息：砂泥底に生息する。
分布：琉球列島以南、インド洋から西部太平洋に分布する。
レア度：★★★☆☆
人気：★★☆☆☆
撮り易さ：★★☆☆☆",hitosujitamagashira2.jpg,hitosujitamagashira1.jpg
フタスジタマガシラ,Bridled monocle bream,futasujitamagashira2.jpg,イトヨリダイ科,"全長：25cm
生息：サンゴ礁域に生息する。
分布：伊豆大島以南、インド洋から西部太平洋に分布する。
レア度：★☆☆☆☆
人気：★★★☆☆
撮り易さ：★★☆☆☆",futasujitamagashira5.jpg,futasujitamagashira4.jpg
スリーストライプドウィップテイル,Three-striped whiptail,threestripedwhiptail2.jpg,イトヨリダイ科,"全長：30cm
生息：沿岸のサンゴ礁域、内湾
分布：マレーシア、フィリピンからソロモン諸島
レア度：★★★☆☆
人気：★★☆☆☆
撮り易さ：★★★☆☆",threestripedwhiptail1.jpg,欠損
ヨコシマタマガシラ,Striped monocle bream,yokoshimatamagashira3.jpg,イトヨリダイ科,"全長：20cm
生息：サンゴ礁域の砂底に生息する。
分布：琉球列島、南シナ海からオーストラリアまでの西太平洋
レア度：★★★★☆

人気：★★☆☆☆
撮り易さ：★★★☆☆",yokoshimatamagashira2.jpg,yokoshimatamagashira1.jpg
エビスダイ,Brocade perch,ebisudai1.jpg,イットウダイ科,"全長：40cm
生息：サンゴ礁や岩礁帯の洞穴などの暗い場所に生息する
分布：千葉県以南の南日本
レア度：★★★☆☆
人気：★★☆☆☆
撮り易さ：★★☆☆☆",欠損,欠損
ニジエビス,Crown squirrelfish,nijiebisu3.jpg,イットウダイ科,"全長：20cm
生息：サンゴ礁や岩礁帯に生息する
分布：奄美諸島以南
レア度：★★☆☆☆
人気：★★☆☆☆
撮り易さ：★★★☆☆",nijiebisu1.jpg,nijiebisu2.jpg
アヤメエビス,Redcoat squirrelfish,ayameebisu2.jpg,イットウダイ科,"全長：25cm
生息：サンゴ礁や岩礁帯に生息する
分布：琉球列島以南
レア度：★★★☆☆
人気：★★☆☆☆
撮り易さ：★★★☆☆",ayameebisu1.jpg,ayameebisu3.jpg
トガリエビス,Sabre squirrelfish,togariebisu4.jpg,イットウダイ科,"全長：40cm
生息：サンゴ礁や岩礁帯に生息する
分布：紀伊半島以南に分布
レア度：★★☆☆☆
人気：★★☆☆☆
撮り易さ：★★★☆☆",togariebisu5.jpg,togariebisu1.jpg
アカマツカサ,Blotcheye soldierfish,akamatsukasa5.jpg,イットウダイ科,"全長：30cm
生息：サンゴ礁や岩礁帯の洞穴などの暗い場所に生息する
分布：千葉県以南の南日本
レア度：★☆☆☆☆
人気：★★☆☆☆
撮り易さ：★★★☆☆",akamatsukasa1.jpg,akamatsukasa2.jpg
ベニマツカサ,Whitetip soldierfish,benimatsukasa1.jpg,イットウダイ科,"全長：20cm
生息：サンゴ礁や岩礁帯の洞穴などの暗い場所に生息する
分布：琉球列島以南
レア度：★★☆☆☆
人気：★★☆☆☆
撮り易さ：★★★☆☆",benimatsukasa3.jpg,benimatsukasa2.jpg
ナミマツカサ,-,namimatsukasa1.jpg,イットウダイ科,"全長：20cm
生息：サンゴ礁や岩礁帯の洞穴などの暗い場所に生息する
分布：琉球列島以南
レア度：★★★☆☆
人気：★★☆☆☆
撮り易さ：★★☆☆☆",欠損,欠損
クラカケエビス,Silverspot squirrelfish,kurakakeebisu3.jpg,イットウダイ科,"全長：25cm
生息：サンゴ礁や岩礁帯に生息する
分布：高知県以南の南日本
レア度：★★★☆☆
人気：★★☆☆☆
撮り易さ：★★★☆☆",kurakakeebisu1.jpg,kurakakeebisu2.jpg
マルマツカサ,Doubletooth soldierfish,marumatsukasa2.jpg,イットウダイ科,"全長：20cm
生息：サンゴ礁や岩礁帯の洞穴などの暗い場所に生息する
分布：東アフリカからフィリピン、オーストラリア
レア度：★★★☆☆
人気：★★☆☆☆
撮り易さ：★★☆☆☆",marumatsukasa1.jpg,欠損
アカマツカサ属の１種,-,akamatsukasa1-1.jpg,イットウダイ科,"全長：25cm
生息：サンゴ礁や岩礁帯の洞穴などの暗い場所に生息する
分布：-
レア度：★★★★☆

人気：★★☆☆☆
撮り易さ：★★☆☆☆
Myripristis
earlei
に似ているけどどうだろ…",akamatsukasa1-2.jpg,欠損
ヒレグロイットウダイ,Blackfin squirrelfish,hireguroittodai1.jpg,イットウダイ科,"全長：30cm
生息：サンゴ礁や岩礁帯に生息する
分布：琉球列島以南
レア度：★★☆☆☆
人気：★★☆☆☆
撮り易さ：★★★☆☆",hireguroittodai2.jpg,欠損
ウケグチイットウダイ,Sammara squirrelfish,ukeguchiittodai1.jpg,イットウダイ科,"全長：25cm
生息：サンゴ礁や岩礁帯に生息する
分布：静岡県以南の南日本
レア度：★★★☆☆
人気：★★☆☆☆
撮り易さ：★★★☆☆",ukeguchiittodai2.jpg,欠損
キビレマツカサ,Yellowfin soldierfish,kibirematsukasa1.jpg,イットウダイ科,"全長：25cm
生息：サンゴ礁や岩礁帯の洞穴などの暗い場所に生息する
分布：高知県以南の南日本
レア度：★★★☆☆
人気：★★★☆☆
撮り易さ：★★☆☆☆",欠損,欠損
コガネマツカサ,Scarlet soldierfish,koganematsukasa1.jpg,イットウダイ科,"全長：20cm
生息：サンゴ礁や岩礁帯の洞穴などの暗い場所に生息する
分布：高知県以南の南日本
レア度：★★★☆☆
人気：★★☆☆☆
撮り易さ：★★☆☆☆",欠損,欠損
セグロマツカサ,Lattice soldierfish,seguromatsukasa1.jpg,イットウダイ科,"全長：20cm
生息：サンゴ礁や岩礁帯の洞穴などの暗い場所に生息する
分布：琉球列島以南
レア度：★★★☆☆
人気：★★☆☆☆
撮り易さ：★★☆☆☆",欠損,欠損
スミツキカノコ,Blackspot squirrelfish,sumitsukikanoko2.jpg,イットウダイ科,"全長：25cm
生息：サンゴ礁や岩礁帯に生息する
分布：高知県以南の南日本
レア度：★★★☆☆
人気：★★★☆☆
撮り易さ：★★★☆☆",sumitsukikanoko1.jpg,欠損
クロオビマツカサ,Shoulderbar soldierfish,kuroobomatsukasa3.jpg,イットウダイ科,"全長：20cm
生息：サンゴ礁や岩礁帯の洞穴などの暗い場所に生息する
分布：高知県以南の南日本
レア度：★★★☆☆
人気：★★☆☆☆
撮り易さ：★★☆☆☆",kuroobomatsukasa1.jpg,kuroobomatsukasa2.jpg
ツマグロマツカサ,Shadowfin soldierfish,tsumaguromatsukasa1.jpg,イットウダイ科,"全長：30cm
生息：サンゴ礁や岩礁帯の洞穴などの暗い場所に生息する
分布：琉球列島、インドから西部太平洋
レア度：★★★☆☆
人気：★★★☆☆
撮り易さ：★★☆☆☆",欠損,欠損
スリースポットスコーレルフィッシュ,Three-spot squirrelfish,threespotsquirrelfish1.jpg,イットウダイ科,"全長：18cm
生息：サンゴ礁や岩礁帯に生息する
分布：アンダマン海からオーストラリア
レア度：★★★★☆

人気：★★☆☆☆
撮り易さ：★★★☆☆",threespotsquirrelfish2.jpg,threespotsquirrelfish3.jpg
カエルアンコウ,Striated frogfish,kaeruankou6.jpg,カエルアンコウ科,"全長：20cm
生息：岩礁帯や砂底に生息する。
分布：東部太平洋を除く世界の温熱帯域に分布。
レア度：★★☆☆☆
人気：★★★☆☆
撮り易さ：★★★★☆

胸鰭を足のように動かし、海底を歩いて移動する。口の上のエスカ（疑似餌）を動かし、小魚をおびき寄せて捕食する。
毛がふさふさなバージョン
もいる。",kaeruankou4.jpg,kaeruankou2.jpg
イロカエルアンコウ,Painted frogfish,irokaeruankou6.jpg,カエルアンコウ科,"全長：16cm
生息：岩礁帯や砂底に生息する。
分布：インドから太平洋に広く分布。
レア度：★★☆☆☆
人気：★★★★☆

撮り易さ：★★★★☆

胸鰭を足のように動かし、海底を歩いて移動する。口の上のエスカ（疑似餌）を動かし、小魚をおびき寄せて捕食する。",irokaeruankou5.jpg,irokaeruankou1.jpg
ベニカエルアンコウ,Spotfin frogfish,benikaeruankou6.jpg,カエルアンコウ科,"全長：10cm
生息：岩礁帯や砂底に生息する。
分布：南日本、インドから西部太平洋に分布。
レア度：★★☆☆☆
人気：★★★★☆

撮り易さ：★★★★☆

胸鰭を足のように動かし、海底を歩いて移動する。口の上のエスカ（疑似餌）を動かし、小魚をおびき寄せて捕食する。",benikaeruankou1.jpg,benikaeruankou2.jpg
オオモンカエルアンコウ,Commerson's frogfish,oomonkaeruankou2.jpg,カエルアンコウ科,"全長：35cm
生息：岩礁帯や砂底に生息する。
分布：インドから太平洋に広く分布。
レア度：★★☆☆☆
人気：★★★☆☆
撮り易さ：★★★★☆

胸鰭を足のように動かし、海底を歩いて移動する。口の上のエスカ（疑似餌）を動かし、小魚をおびき寄せて捕食する。",oomonkaeruankou6.jpg,oomonkaeruankou7.jpg
ソウシカエルアンコウ,Calico frogfish,soushikaeruankou1.jpg,カエルアンコウ科,"全長：30cm
生息：岩礁帯や砂底に生息する。
分布：南日本、インドから西部太平洋に分布。
レア度：★★★☆☆
人気：★★★☆☆
撮り易さ：★★★★☆

胸鰭を足のように動かし、海底を歩いて移動する。口の上のエスカ（疑似餌）を動かし、小魚をおびき寄せて捕食する。",欠損,欠損
カエルアンコウモドキ,Tuberculated frogfish,kaeruankoumodoki1.jpg,カエルアンコウ科,"全長：9cm
生息：岩礁帯や砂底に生息する。
分布：南日本、インドから中部太平洋でまれに報告されている。
レア度：★★★★★
人気：★★★★★
撮り易さ：★★★★★
伊豆半島以南の日本やインド洋、ハワイ諸島などでまれに見られる。頭部にある竿状の棘先にエスカ（ひらひらの皮弁）が無いことで他のカエルアンコウと区別できる。",kaeruankoumodoki2.jpg,kaeruankoumodoki3.jpg
カエルアンコウ（ヘアリー）,Striated frogfish,kaeruankou-hairy2.jpg,カエルアンコウ科,"全長：20cm
生息：岩礁帯や砂底に生息する。
分布：東部太平洋を除く世界の温熱帯域に分布。
レア度：★★★★★
人気：★★★★★
撮り易さ：★★★★☆

ノーマルバージョン
は毛が無い。",kaeruankou-hairy3.jpg,kaeruankou-hairy1.jpg
クマドリカエルアンコウ,Warty frogfish,kumadorikaeruankou1.jpg,カエルアンコウ科,"全長：10cm
生息：岩礁帯や砂底に生息する。
分布：南日本、インドから西部太平洋に分布。
レア度：★★★☆☆
人気：★★★★★
撮り易さ：★★★★☆

胸鰭を足のように動かし、海底を歩いて移動する。口の上のエスカ（疑似餌）を動かし、小魚をおびき寄せて捕食する。",kumadorikaeruankou3.jpg,kumadorikaeruankou2.jpg
カゴカキダイ,Stripey,kagokakidai4.jpg,カゴカキダイ科,"全長：20cm
生息：潮通しの良い岩礁域に生息する。
分布：青森県以南、オーストラリアやハワイに分布する。
レア度：★☆☆☆☆
人気：★★★☆☆
撮り易さ：★★★☆☆",kagokakidai2.jpg,kagokakidai1.jpg
アナハゼ,Perch sculpin,anahaze4.jpg,カジカ科,"全長：21cm
生息：浅海の岩礁域、潮間帯
分布：北海道南西部以南に分布する。伊豆半島に多い。
レア度：★★☆☆☆
人気：★★☆☆☆
撮り易さ：★★★☆☆",anahaze5.jpg,anahaze1.jpg
アヤアナハゼ,Marbied blenny sculpin,ayaanahaze2.jpg,カジカ科,"全長：15cm
生息：浅海の岩礁域、潮間帯
分布：本州以南に分布する。
レア度：★★☆☆☆
人気：★★☆☆☆
撮り易さ：★★★☆☆",ayaanahaze1.jpg,欠損
オビアナハゼ,Banded blenny sculpin,obianahaze2.jpg,カジカ科,"全長：15cm
生息：浅海の岩礁域、潮間帯
分布：本州以南に分布する。
レア度：★★☆☆☆
人気：★★★☆☆
撮り易さ：★★★☆☆",obianahaze5.jpg,obianahaze4.jpg
アサヒアナハゼ,Sunrise sculpin,asahianahaze2.jpg,カジカ科,"全長：16cm
生息：浅海の岩礁域、潮間帯
分布：北海道南西部以南
レア度：★★☆☆☆
人気：★★☆☆☆
撮り易さ：★★★☆☆",asahianahaze1.jpg,欠損
オオカマス,barracuda,ookamasu1.jpg,カマス科,"全長：90cm
生息：サンゴ礁域、沿岸浅瀬
分布：琉球列島、インド洋から西太平洋
レア度：★★★☆☆
人気：★★☆☆☆
撮り易さ：★★★☆☆",欠損,欠損
オニカマス,Great  barracuda,onikamasu4.jpg,カマス科,"全長：165cm
生息：サンゴ礁域、沿岸浅瀬
分布：東部太平洋を除く全世界の熱帯域
レア度：★★☆☆☆
人気：★★★★☆

撮り易さ：★★★☆☆",onikamasu1.jpg,onikamasu5.jpg
アカカマス,Red barracuda,akakamasu1.jpg,カマス科,"全長：30cm
生息：沿岸浅所に生息する。
分布：関東地方から九州、東シナ海など
レア度：★★☆☆☆
人気：★★☆☆☆
撮り易さ：★★☆☆☆",akakamasu2.jpg,欠損
オオメカマス,barracuda,oomekamasu3.jpg,カマス科,"全長：65cm
生息：サンゴ礁域、沿岸浅瀬
分布：琉球列島、インド洋から西太平洋
レア度：★★★☆☆
人気：★★☆☆☆
撮り易さ：★★★☆☆",oomekamasu1.jpg,oomekamasu2.jpg
ホソカマス,Australian barracuda,hosokamasu1.jpg,カマス科,"全長：50cm
生息：サンゴ礁域などの沿岸に群れで生息する。
分布：琉球列島、インド洋から太平洋
レア度：★★☆☆☆
人気：★★★☆☆
撮り易さ：★★☆☆☆",欠損,欠損
タイワンカマス,Yellowtail barracuda,taiwankamasu4.jpg,カマス科,"全長：40cm
生息：サンゴ礁域などの沿岸に群れで生息する。
分布：琉球列島、インド洋から西太平洋
レア度：★★☆☆☆
人気：★★★☆☆
撮り易さ：★★☆☆☆",taiwankamasu5.jpg,taiwankamasu2.jpg
ヤマトカマス,Japanese barracuda,yamatokamasu1.jpg,カマス科,"全長：30cm
生息：沿岸浅所に生息する。
分布：関東地方から九州、東シナ海など
レア度：★★☆☆☆
人気：★★☆☆☆
撮り易さ：★★☆☆☆",欠損,欠損
ピックハンドルバラクーダ,Pickhandle barracuda,pickhandlebarracuda1.jpg,カマス科,"全長：150cm
生息：サンゴ礁域などの沿岸に群れで生息する。
分布：東アフリカからオーストラリア
レア度：★★★☆☆
人気：★★★★☆

撮り易さ：★★★☆☆",欠損,欠損
タイマイ,Hawksbill turtle,taimai1.jpg,カメ目,"全長：120cm
生息：熱帯や亜熱帯にあるサンゴ礁が発達した海洋に生息する
分布：インド洋、大西洋、太平洋
レア度：★★★☆☆
人気：★★★★☆

撮り易さ：★★★★☆
",taimai5.jpg,taimai7.jpg
アオウミガメ,Green turtle,aoumigame12.jpg,カメ目,"全長：100cm
生息：熱帯から亜熱帯にかけての水深の浅い沿岸域に生息する
分布：インド洋、大西洋、太平洋
レア度：★★☆☆☆
人気：★★★★☆

撮り易さ：★★★★☆

小笠原諸島や南西諸島などの砂浜で夜に産卵する。",aoumigame11.jpg,aoumigame10.jpg
カミソリウオ,Pobust ghost pipefish,kamisoriuo6.jpg,カミソリウオ科,"全長：15cm
生息：岩礁、サンゴ礁周辺の砂底に生息する。
分布：房総半島以南、インド洋から西太平洋
レア度：★★☆☆☆
人気：★★★☆☆
撮り易さ：★★★★☆

ちぎれた海草編に擬態する。",kamisoriuo8.jpg,kamisoriuo7.jpg
ニシキフウライウオ,Ornate ghost pipefish,nishikifuuraiuo1.jpg,カミソリウオ科,"全長：12cm
生息：岩礁、サンゴ礁域に生息する。
分布：房総半島以南、インド洋から西太平洋
レア度：★★★☆☆
人気：★★★★☆

撮り易さ：★★★★☆

ヤギ類やウミトサカ類、ウミシダ類のそばでよく見られる。",nishikifuuraiuo2.jpg,nishikifuuraiuo3.jpg
マチェテ,Machete,machete1.jpg,カライワシ科,"全長：90cm
生息：浅い砂底域や汽水域に群れで生活する。
分布：東部太平洋
レア度：★★★★★
人気：★★★☆☆
撮り易さ：★★★☆☆
Pacific
ladyfishやPacific
tenpounder
とも呼ばれる。",machete2.jpg,machete3.jpg
カタクチイワシ,Japanese anchovy,katakuchiiwashi2.jpg,カタクチイワシ科,"全長：14cm
生息：沿岸から沖合の表層を群れで遊泳する。
分布：北海道以南、南シナ海西太平洋に分布する。
レア度：★★☆☆☆
人気：★★★☆☆
撮り易さ：★★☆☆☆
肥料などとしても重要な魚である。日本では煮干しや刺身で食べられている。",katakuchiiwashi3.jpg,katakuchiiwashi1.jpg
テングダイ,Striped boarfish,tengudai1.jpg,カワビシャ科,"全長：50cm
生息：岩礁域に生息する。
分布：関東地方以南、太平洋に分布する。
レア度：★★☆☆☆
人気：★★★☆☆
撮り易さ：★★★☆☆",tengudai2.jpg,欠損
ヨソギ,Hairfinned leatherjacket,yosogi1.jpg,カワハギ科,"全長：15cm
生息：水深１００ｍ以浅の沿岸域に生息する。
分布：相模湾以南、インドから西太平洋に分布する。
レア度：★★☆☆☆
人気：★★☆☆☆
撮り易さ：★★★☆☆",yosogi2.jpg,欠損
アオサハギ,Japanese inflator filefish,aosahagi4.jpg,カワハギ科,"全長：10cm
生息：水深３０ｍ以浅の沿岸に生息する。
分布：千葉県から九州までの太平洋側に分布する。
レア度：★★★☆☆
人気：★★★☆☆
撮り易さ：★★★☆☆",aosahagi3.jpg,aosahagi1.jpg
カワハギ,Thread-sail filefish,kawahagi4.jpg,カワハギ科,"全長：25cm
生息：水深２００ｍ以浅の砂泥底、岩礁域に生息する。
分布：北海道以南、東シナ海に分布する。
レア度：★☆☆☆☆
人気：★★☆☆☆
撮り易さ：★★★☆☆",kawahagi5.jpg,kawahagi3.jpg
アミメハギ,Whitespotted pygmy filefish,amimehagi1.jpg,カワハギ科,"全長：8cm
生息：水深２０ｍ以浅の沿岸に生息する。
分布：本州以南の日本、朝鮮半島南部に分布する。
レア度：★★★☆☆
人気：★★★☆☆
撮り易さ：★★★☆☆",amimehagi2.jpg,欠損
ソウシハギ,Scrawled filefish,soushihagi2.jpg,カワハギ科,"全長：75cm
生息：水深３０ｍ以浅のサンゴ礁域に生息する。
分布：相模湾以南、全世界の熱帯域に分布する。
レア度：★★☆☆☆
人気：★★★☆☆
撮り易さ：★★★☆☆
内臓に毒を持つことがある。",soushihagi1.jpg,欠損
ハクセイハギ,Whitespotted filefish,hakuseihagi1.jpg,カワハギ科,"全長：35cm
生息：水深３０ｍ以浅のサンゴ礁域に生息する。
分布：相模湾以南、インドから西太平洋に分布する。
レア度：★★☆☆☆
人気：★★☆☆☆
撮り易さ：★★★☆☆",hakuseihagi2.jpg,欠損
ウマヅラハギ,Black scraper,umadurahagi1.jpg,カワハギ科,"全長：30cm
生息：水深２００ｍ以浅の沿岸域に生息する。
分布：本州以南の日本、東シナ海、南シナ海に分布する。
レア度：★☆☆☆☆
人気：★★☆☆☆
撮り易さ：★★★☆☆",欠損,欠損
コクテンハギ,Strap-weed file-fish,kokutenhagi1.jpg,カワハギ科,"全長：15cm
生息：水深２０ｍ以浅の沿岸に生息する。
分布：琉球列島以南、インドから西部太平洋の熱帯域に分布する。
レア度：★★★☆☆
人気：★★☆☆☆
撮り易さ：★★★☆☆",kokutenhagi2.jpg,欠損
ノコギリハギ,Blacksaddle filefish,nokogirihagi1.jpg,カワハギ科,"全長：10cm
生息：水深２０ｍ以浅のサンゴ礁域に生息する。
分布：琉球列島以南、インドから西部太平洋の熱帯域に分布する。
レア度：★★★☆☆
人気：★★★☆☆
撮り易さ：★★★☆☆
シマキンチャクフグに擬態する。",nokogirihagi2.jpg,欠損
テングカワハギ,Harlequin filefish,tengukawahagi2.jpg,カワハギ科,"全長：10cm
生息：水深２０ｍ以浅のサンゴ礁域に生息する。
分布：琉球列島以南、インドから西部太平洋の熱帯域に分布する。
レア度：★★★☆☆
人気：★★★★☆

撮り易さ：★★★☆☆
枝サンゴの隙間を泳いでいることが多い。",tengukawahagi6.jpg,tengukawahagi4.jpg
セダカカワハギ,Diamond filefish,sedakakawahagi1.jpg,カワハギ科,"全長：3cm
生息：砂地のウミヒルモやアマモに擬態している。
分布：八重山諸島、西部太平洋
レア度：★★★★☆

人気：★★★★☆

撮り易さ：★★★☆☆",欠損,欠損
アミメウマヅラハギ,Honeycomb filefish,amimeumadurahagi1.jpg,カワハギ科,"全長：35cm
生息：水深３０ｍ以浅のサンゴ礁域に生息する。
分布：相模湾以南、インドから西太平洋に分布する。
レア度：★★☆☆☆
人気：★★☆☆☆
撮り易さ：★★★☆☆",欠損,欠損
フチドリカワハギ,Bristle-tail filefish,fuchidorikawahagi1.jpg,カワハギ科,"全長：12cm
生息：水深３０ｍ以浅のサンゴ礁域に生息する。
分布：琉球列島以南、西部太平洋
レア度：★★★☆☆
人気：★★★☆☆
撮り易さ：★★★☆☆",欠損,欠損
アデヤッコ,Yellow-mask angelfish,adeyakko1.jpg,キンチャクダイ科,"全長：40cm
生息：サンゴ礁に生息する。
分布：琉球列島、インドから西太平洋。
レア度：★★★★☆

人気：★★★★☆

撮り易さ：★★☆☆☆",adeyakko2.jpg,欠損
トサヤッコ,Japanese swallow,tosayakko1.jpg,キンチャクダイ科,"全長：20cm
生息：サンゴ礁、岩礁域に生息する。
分布：八丈島以南、西太平洋
レア度：★★★★☆

人気：★★★☆☆
撮り易さ：★★☆☆☆",欠損,欠損
ルリヤッコ,Twospined angelfish,ruriyakko1.jpg,キンチャクダイ科,"全長：10cm
生息：サンゴ礁、岩礁域に生息する。
分布：奄美大島以南、インドから中部太平洋
レア度：★★★☆☆
人気：★★★☆☆
撮り易さ：★★☆☆☆",ruriyakko2.jpg,欠損
ロックビューティー（ヌリワケヤッコ）,Rock Beauty,rockbeauty3.jpg,キンチャクダイ科,"全長：25cm
生息：サンゴ礁や岩礁に生息する。
分布：バミューダからカリブ海、ブラジルまでの西部大西洋熱帯域。
レア度：★★★☆☆
人気：★★★★☆

撮り易さ：★★★☆☆
ヌリワケヤッコと言う和名もあるが、ここではより一般的なロックビューティーの名前を使用。",rockbeauty1.jpg,rockbeauty2.jpg
ヤイトヤッコ,Spotbreast angelfish,yaitoyakko1.jpg,キンチャクダイ科,"全長：20cm
生息：サンゴ礁、岩礁域に生息する。
分布：琉球列島、西太平洋。
レア度：★★★★☆

人気：★★☆☆☆
撮り易さ：★★☆☆☆",yaitoyakko2.jpg,欠損
アブラヤッコ,Keyhole angelfish,aburayakko2.jpg,キンチャクダイ科,"全長：20cm
生息：サンゴ礁、岩礁域に生息する。
分布：静岡県以南の南日本、西太平洋。
レア度：★★★☆☆
人気：★★★☆☆
撮り易さ：★★☆☆☆",aburayakko3.jpg,aburayakko1.jpg
チェルブフィッシュ,Cherubfish,cherubfish1.jpg,キンチャクダイ科,"全長：6cm
生息：サンゴ礁や岩礁に生息する。ペアで行動していることも多い。警戒心が強く、ダイバーが近づくとすぐに穴に隠れる。
分布：バミューダからカリブ海、メキシコ湾の西部大西洋熱帯域
レア度：★★★★☆

人気：★★★☆☆
撮り易さ：★☆☆☆☆",欠損,欠損
キンチャクダイ,Bluestriped angelfish,kinchakudai1.jpg,キンチャクダイ科,"全長：25cm
生息：サンゴ礁、岩礁域に生息する。
分布：静岡県以南、東シナ海。
レア度：★★☆☆☆
人気：★★☆☆☆
撮り易さ：★★☆☆☆",kinchakudai2.jpg,kinchakudai3.jpg
ダイダイヤッコ,Mango angelfish,daidaiyakko1.jpg,キンチャクダイ科,"全長：10cm
生息：サンゴ礁、岩礁域に生息する。
分布：小笠原諸島、マリアナ諸島。
レア度：★★★★★
人気：★★★★☆

撮り易さ：★★☆☆☆",daidaiyakko5.jpg,daidaiyakko2.jpg
コガネヤッコ,Lemonpeel angelfish,koganeyakko4.jpg,キンチャクダイ科,"全長：15cm
生息：サンゴ礁、岩礁域に生息する。
分布：小笠原諸島、西太平洋。
レア度：★★★★☆

人気：★★★☆☆
撮り易さ：★★☆☆☆",koganeyakko2.jpg,koganeyakko3.jpg
レンテンヤッコ,Japanese angelfish,rentenyakko1.jpg,キンチャクダイ科,"全長：20cm
生息：サンゴ礁、岩礁域に生息する。
分布：静岡県以南の南日本、西太平洋。
レア度：★★☆☆☆
人気：★★★☆☆
撮り易さ：★★☆☆☆",rentenyakko2.jpg,rentenyakko3.jpg
シテンヤッコ,Threespot angelfish,shitenyakko5.jpg,キンチャクダイ科,"全長：30cm
生息：サンゴ礁、岩礁域に生息する。
分布：静岡県以南の南日本、インドから西太平洋。
レア度：★★★☆☆
人気：★★☆☆☆
撮り易さ：★★☆☆☆",shitenyakko4.jpg,shitenyakko1.jpg
ワヌケヤッコ,Blue-ringed angelfish,wanukeyakko3.jpg,キンチャクダイ科,"全長：40cm
生息：サンゴ礁域に生息する。
分布：琉球列島、西太平洋。
レア度：★★★★☆

人気：★★★☆☆
撮り易さ：★★★☆☆",wanukeyakko1.jpg,wanukeyakko2.jpg
スミレヤッコ,Purplemask angelfish,sumireyakko1.jpg,キンチャクダイ科,"全長：12cm
生息：サンゴ礁、岩礁域に生息する。
分布：静岡県以南の南日本、台湾。
レア度：★★★★☆

人気：★★★★☆

撮り易さ：★★☆☆☆",欠損,欠損
ナメラヤッコ,Pearlscale angelfish,namerayakko2.jpg,キンチャクダイ科,"全長：12cm
生息：サンゴ礁、岩礁域に生息する。
分布：紀伊半島以南の南日本、インドから西太平洋。
レア度：★★☆☆☆
人気：★★☆☆☆
撮り易さ：★★☆☆☆",namerayakko1.jpg,欠損
セダカヤッコ,Yellowbar angelfish,sedakayakko2.jpg,キンチャクダイ科,"全長：50cm
分布：紅海、インド洋
レア度：★★★★☆

人気：★★★★☆

写真映え：★★★★☆

過去に瀬戸内海で採取されており、他にも日本国内で確認された例がある。ただ、本来の分布は紅海、インド洋。偶然流れてきたのか、船などについてきたのかは分からない。",sedakayakko1.jpg,欠損
チャイロヤッコ,Whitetail pygmy angelfish,chairoyakko1.jpg,キンチャクダイ科,"全長：7cm
生息：サンゴ礁、岩礁域に生息する。
分布：和歌山県以南、インドから中部太平洋
レア度：★★★★☆

人気：★★★☆☆
撮り易さ：★★☆☆☆",欠損,欠損
ロクセンヤッコ,Sixbar angelfish,rokusenyakko4.jpg,キンチャクダイ科,"全長：45cm
生息：サンゴ礁、岩礁域の礁斜面に生息する。
分布：琉球列島、西太平洋。
レア度：★★★☆☆
人気：★★☆☆☆
撮り易さ：★★☆☆☆",rokusenyakko3.jpg,rokusenyakko2.jpg
ニシキヤッコ,Royal angelfish,nishikiyakko1.jpg,キンチャクダイ科,"全長：25cm
生息：サンゴ礁、岩礁域に生息する。
分布：静岡県以南の南日本、インドから西太平洋。
レア度：★★★☆☆
人気：★★★☆☆
撮り易さ：★★☆☆☆",nishikiyakko4.jpg,nishikiyakko2.jpg
アカハラヤッコ,Rusty angelfish,akaharayakko2.jpg,キンチャクダイ科,"全長：15cm
生息：サンゴ礁、岩礁域に生息する。
分布：紀伊半島以南の南日本、西太平洋。
レア度：★★★☆☆
人気：★★★☆☆
撮り易さ：★☆☆☆☆",akaharayakko1.jpg,欠損
イナズマヤッコ,Bluegirdled angelfish,inadumayakko1.jpg,キンチャクダイ科,"全長：30cm
生息：サンゴ礁、岩礁域の礁斜面に生息する。
分布：太平洋西部
レア度：★★★★☆

人気：★★★★☆

撮り易さ：★★☆☆☆",欠損,欠損
ソメワケヤッコ,Bicolor angelfish,somewakeyakko2.jpg,キンチャクダイ科,"全長：12cm
生息：サンゴ礁、岩礁域に生息する。
分布：静岡県以南の南日本、西太平洋。
レア度：★★★☆☆
人気：★★★☆☆
撮り易さ：★★☆☆☆",somewakeyakko3.jpg,somewakeyakko4.jpg
タテジマヤッコ,Blackstriped angelfish,tatejimayakko5.jpg,キンチャクダイ科,"全長：30cm
生息：サンゴ礁、岩礁域に生息する。
分布：静岡県以南の南日本、インドから西太平洋。
レア度：★★☆☆☆
人気：★★☆☆☆
撮り易さ：★★☆☆☆",tatejimayakko1.jpg,tatejimayakko4.jpg
チリメンヤッコ,Vermiculated angelfish,chirimenyakko1.jpg,キンチャクダイ科,"全長：20cm
生息：サンゴ礁、岩礁域に生息する。
分布：琉球列島、西太平洋。
レア度：★★★☆☆
人気：★★★☆☆
撮り易さ：★★☆☆☆",欠損,欠損
グレーエンゼルフィッシュ（ネズミヤッコ）,Gray Angelfish,grayangelfish1.jpg,キンチャクダイ科,"全長：45cm
生息：サンゴ礁や岩礁域を遊泳する。ペアで行動していることも多い。
分布：ニューヨークからカリブ海、ブラジルまでの西部大西洋熱帯、温帯域。
レア度：★★☆☆☆
人気：★★★☆☆
撮り易さ：★☆☆☆☆
キンチャクダイ科の中では一番大きくなる種。",grayangelfish3.jpg,grayangelfish2.jpg
ヒレナガヤッコ,Blackedged angelfish,hirenagayakko3.jpg,キンチャクダイ科,"全長：20cm
生息：サンゴ礁、岩礁域に生息する。
分布：小笠原諸島、琉球列島、太平洋。
レア度：★★★☆☆
人気：★★☆☆☆
撮り易さ：★★☆☆☆",hirenagayakko2.jpg,hirenagayakko1.jpg
キングエンゼルフィッシュ,King angelfish,kingangelfish2.jpg,キンチャクダイ科,"全長：25cm
分布：東部太平洋
レア度：★★★☆☆
人気：★★★★☆

写真映え：★★★★☆

頭部に王冠のような模様を持つことからキングの名がつけられた。東部太平洋での生息数は多い。",kingangelfish4.jpg,kingangelfish1.jpg
サザナミヤッコ,Semicircle angelfish,sazanamiyakko1.jpg,キンチャクダイ科,"全長：40cm
生息：サンゴ礁、岩礁域の礁斜面に生息する。
分布：千葉県以南の南日本、インドから太平洋。
レア度：★★☆☆☆
人気：★★★☆☆
撮り易さ：★★☆☆☆",sazanamiyakko3.jpg,sazanamiyakko2.jpg
ゼブラエンゼルフィッシュ,Zebra angelfish,zebraangelfish3.jpg,キンチャクダイ科,"全長：20cm
分布：紅海、インド洋
レア度：★★★★☆

人気：★★★☆☆
写真映え：★★★★☆

ヤイトヤッコの紅海、インド洋版。より色鮮やか。サンゴ礁、岩礁域に生息する。淡水魚にもゼブラエンゼルフィッシュと呼ばれる魚がおり、紛らわしい。",zebraangelfish2.jpg,zebraangelfish1.jpg
クイーンエンゼルフィッシュ（ホクロヤッコ）,Queen Angelfish,queenangelfish2.jpg,キンチャクダイ科,"全長：35cm
生息：岩礁やサンゴ礁周辺を遊泳する。
分布：バミューダからカリブ海、ブラジルまでの西部大西洋熱帯域。
レア度：★★☆☆☆
人気：★★★★☆

撮り易さ：★★★☆☆
カリブ海を代表する人気のある魚。ホクロヤッコと言う和名もある。",queenangelfish3.jpg,queenangelfish1.jpg
フレンチエンゼルフィッシュ（キホシヤッコ）,French Angelfish,frenchangelfish2.jpg,キンチャクダイ科,"全長：40cm
生息：サンゴ礁や岩礁域を遊泳する。ペアで行動していることも多い。
分布：バミューダからカリブ海、ブラジルまでの西部大西洋熱帯域。
レア度：★★★☆☆
人気：★★★★☆

撮り易さ：★☆☆☆☆",frenchangelfish1.jpg,欠損
コルテスエンゼルフィッシュ,Cortez angelfish,cortezangelfish1.jpg,キンチャクダイ科,"全長：45cm
分布：東部太平洋
レア度：★★★★☆

人気：★★★☆☆
写真映え：★★☆☆☆
コルテス海のサンゴ礁で見られる。キンチャクダイ科の中では渋い色合いをしている。",cortezangelfish2.jpg,cortezangelfish3.jpg
クラリオンエンゼルフィッシュ,Clarion angelfish,clarionangelfish1.jpg,キンチャクダイ科,"全長：25cm
分布：メキシコ太平洋沿岸
レア度：★★★★★
人気：★★★★★
写真映え：★★★★★
映画「ジョゼと虎と魚たち」で話題となった。世界一美しい幻の魚といわれることもあり、アクアリウムの世界では非常に高額な価格で取引されている。メキシコの太平洋側でまれに見られる。",clarionangelfish2.jpg,欠損
ポッターズエンゼルフィッシュ,Potter's angelfish,pottersangelfish2.jpg,キンチャクダイ科,"全長：12cm
分布：ハワイ固有種
レア度：★★★★☆

人気：★★★★★
写真映え：★★★★★
ハワイ固有種。アクアリウムでも人気がある。",pottersangelfish1.jpg,欠損
キヘリキンチャクダイ,Black-velvet angelfish,kiherikinchakudai1.jpg,キンチャクダイ科,"全長：25cm
生息：サンゴ礁、岩礁域に生息する。
分布：静岡県以南の南日本、西太平洋。
レア度：★★☆☆☆
人気：★★☆☆☆
撮り易さ：★★☆☆☆",kiherikinchakudai3.jpg,kiherikinchakudai2.jpg
ブラックテイルエンゼルフィッシュ,Blacktail angelfish,blacktailangelfish1.jpg,キンチャクダイ科,"全長：11cm
生息：サンゴ礁、岩礁域に生息する。
分布：インド洋から東オーストラリアまでの熱帯域
レア度：★★★☆☆
人気：★★★★☆

撮り易さ：★★☆☆☆",欠損,欠損
タテジマキンチャクダイ,Emperor angelfish,tatejimakinchakudai5.jpg,キンチャクダイ科,"全長：40cm
生息：サンゴ礁、岩礁域の礁斜面に生息する。
分布：静岡県以南の南日本、インドから太平洋。
レア度：★★☆☆☆
人気：★★★☆☆
撮り易さ：★★☆☆☆",tatejimakinchakudai8.jpg,tatejimakinchakudai6.jpg
ヘラルドコガネヤッコ,Yellow angelfish,herarudokoganeyakko2.jpg,キンチャクダイ科,"全長：15cm
生息：サンゴ礁、岩礁域に生息する。
分布：紀伊半島以南の南日本、西太平洋。
レア度：★★★☆☆
人気：★★★☆☆
撮り易さ：★★☆☆☆",herarudokoganeyakko1.jpg,欠損
メニースパインドエンゼルフィッシュ,Many spined angelfish,manyspinedangelfish1.jpg,キンチャクダイ科,"全長：12cm
分布：紅海、インド洋
レア度：★★★★☆

人気：★★☆☆☆
写真映え：★★☆☆☆
ダスキーエンゼルフィッシュと呼ばれることもある。サンゴ礁や岩礁に生息する。",欠損,欠損
ミナミキントキ,Arrow bulleye,minamikintoki2.jpg,キントキダイ科,"全長：35cm
生息：岩礁、サンゴ礁域に生息する。
分布：伊豆半島以南、インド洋から西太平洋に分布する。
レア度：★★☆☆☆
人気：★★★★☆

撮り易さ：★★★☆☆",minamikintoki1.jpg,欠損
ホウセキキントキ,Crescent-tail bigeye,housekikintoki3.jpg,キントキダイ科,"全長：35cm
生息：サンゴ礁域に生息する。群れで行動することもある。
分布：伊豆半島以南、インド洋から西太平洋に分布する。
レア度：★★★☆☆
人気：★★★★☆

撮り易さ：★★★☆☆",housekikintoki7.jpg,housekikintoki1.jpg
キントキダイ科の1種,-,kintokidaika1-3.jpg,キントキダイ科,"全長：30cm
生息：サンゴ礁域に生息する。群れで行動することもある。
分布：アニラオ？
レア度：★★★★★
人気：★★★★☆

撮り易さ：★★★☆☆
尾鰭の形、鰭の模様などで他種と区別できるが、傷が多く、種を判断できず。",kintokidaika1-1.jpg,kintokidaika1-2.jpg
ゴマヒレキントキ,Glasseye,gomahirekintoki2.jpg,キントキダイ科,"全長：25cm
生息：岩礁、サンゴ礁域に生息する。
分布：伊豆半島以南、全世界の熱帯、亜熱帯域に分布する。
レア度：★★☆☆☆
人気：★★★★☆

撮り易さ：★★★☆☆",gomahirekintoki1.jpg,欠損
シロギス,Japanese whiting,shirogisu2.jpg,キス科,"全長：35cm
生息：沿岸の砂底に生息する。
分布：本州から九州にかけての日本広域、西太平洋に分布する。
レア度：★★☆☆☆
人気：★★☆☆☆
撮り易さ：★★☆☆☆",shirogisu1.jpg,欠損
アオマスク,Bluehead tilefish,aomasuku1.jpg,キツネアマダイ科,"全長：15cm
生息：サンゴ礁域の砂地やガレ場付近をホバリングする。生息水深２０ｍ以深。
分布：インドネシア、フィリピンからミクロネシア、フィジー
レア度：★★★★☆

人気：★★★★☆

撮り易さ：★★☆☆☆",aomasuku2.jpg,aomasuku3.jpg
ヤセアマダイ,Flagtail blanquillo,yaseamadai4.jpg,キツネアマダイ科,"全長：40cm
生息：サンゴ礁、岩礁域の砂礫底に生息する。
分布：相模湾以南、南アフリカからインド洋、太平洋域に分布する。
レア度：★★☆☆☆
人気：★★☆☆☆
撮り易さ：★★☆☆☆",yaseamadai3.jpg,yaseamadai2.jpg
サンドタイルフィッシュ,Sand tilefish,sandtilefish3.jpg,キツネアマダイ科,"全長：45cm
生息：サンゴ礁、岩礁域の砂礫底に生息する。
分布：大西洋、カリブ海
レア度：★★★☆☆
人気：★★☆☆☆
撮り易さ：★★☆☆☆",sandtilefish1.jpg,sandtilefish2.jpg
キツネアマダイ,Blue blanquillo,kitsuneamadai5.jpg,キツネアマダイ科,"全長：25cm
生息：サンゴ礁、岩礁域の砂礫底に生息する。
分布：相模湾以南、南アフリカからインド洋、太平洋域に分布する。
レア度：★★☆☆☆
人気：★★☆☆☆
撮り易さ：★★☆☆☆",kitsuneamadai3.jpg,kitsuneamadai4.jpg
オキナワサンゴアマダイ,Pale tilefish,okinawasangoamadai1.jpg,キツネアマダイ科,"全長：16cm
生息：サンゴ礁外縁に生息する。
分布：琉球列島、インド洋から西太平洋に分布する。
レア度：★★★☆☆
人気：★★★☆☆
撮り易さ：★★☆☆☆",okinawasangoamadai2.jpg,okinawasangoamadai3.jpg
コバンザメ,Sharksucker,kobanzame8.jpg,コバンザメ科,"全長：80cm
生息：カメ類やサメ類、カジキ類などの大型生物に吸着して生活する。
大型生物を離れて自由に遊泳することもある。
分布：東部太平洋を除く全世界の温暖な海域に分布する。
レア度：★★★☆☆
人気：★★★☆☆
撮り易さ：★★★☆☆
吸着対象のサメやカジキに捕食されることもあるらしい。",kobanzame4.jpg,kobanzame5.jpg
ナガコバン,Remora,nagakoban2.jpg,コバンザメ科,"全長：40cm
生息：カメ類やサメ類、カジキ類などの大型生物に吸着して生活する。
大型生物を離れて自由に遊泳することもある。
分布：東部太平洋を除く全世界の温暖な海域に分布する。
レア度：★★★★☆

人気：★★★☆☆
撮り易さ：★★★☆☆
大型生物に吸着する。",nagakoban1.jpg,nagakoban3.jpg
マゴチ,Bartailed flathead,magochi3.jpg,コチ科,"全長：100cm
生息：砂泥底に生息する。
分布：関東地方以南の南日本に分布する。
レア度：★★☆☆☆
人気：★★☆☆☆
撮り易さ：★★★☆☆
ポピュラーな魚であるが、学名は未記載。",magochi1.jpg,magochi2.jpg
エンマゴチ,Crocodile flathead,enmagochi4.jpg,コチ科,"全長：50cm
生息：サンゴ礁域の砂泥底に生息する。
分布：琉球列島、西太平洋に分布する。
レア度：★★☆☆☆
人気：★★★★☆

撮り易さ：★★★★☆
",enmagochi3.jpg,enmagochi1.jpg
ワニゴチ,Spot eye flathead,wanigochi2.jpg,コチ科,"全長：60cm
生息：砂泥底に生息する。
分布：伊豆半島以南の南日本に分布する。
レア度：★★☆☆☆
人気：★★★★☆

撮り易さ：★★★★☆

目を覆う虹彩皮膚が美しい。",wanigochi3.jpg,wanigochi1.jpg
セレベスゴチ,Celebes flathead,celebesgochi3.jpg,コチ科,"全長：15cm
生息：砂泥底に生息する。
分布：伊豆半島以南、インド洋から西太平洋に分布する。
レア度：★★☆☆☆
人気：★★☆☆☆
撮り易さ：★★★☆☆",celebesgochi4.jpg,celebesgochi2.jpg
インディアンオーシャンクロコダイルフィッシュ,Indian Ocean Crocodile-Fish,indianoceancrocodilefish2.jpg,コチ科,"全長：100cm
分布：紅海、西インド洋
レア度：★★★☆☆
人気：★★☆☆☆
写真映え：★★★☆☆
体長１ｍまで成長する大型のコチ。紅海でよく見られる。",indianoceancrocodilefish3.jpg,indianoceancrocodilefish1.jpg
コケギンポ,-,kokeginpo3.jpg,コケギンポ科,"全長：8cm
生息：浅瀬の岩礁やタイドプール
分布：北海道南部以南の日本広域、カリフォルニアなどに分布する。
レア度：★★☆☆☆
人気：★★★☆☆
撮り易さ：★★★★☆
",kokeginpo5.jpg,kokeginpo4.jpg
アライソコケギンポ,-,araisokokeginpo1.jpg,コケギンポ科,"全長：7cm
生息：波の荒い岩礁域の岩穴に生息する。
分布：伊豆半島などに分布する。
レア度：★★★★☆

人気：★★★★☆

撮り易さ：★★★★☆
",欠損,欠損
パピロースブレニー,Papillose Blenny,papilloseblenny1.jpg,コケギンポ科,"全長：4cm
生息：浅い岩礁やサンゴ礁域
分布：カリブ海、フロリダ半島
レア度：★★★☆☆
人気：★★★☆☆
撮り易さ：★★★★☆
",papilloseblenny2.jpg,欠損
ハダカコケギンポ,-,hadakakokeginpo3.jpg,コケギンポ科,"全長：4cm
生息：内湾や浅いサンゴ礁域
分布：紀伊半島から琉球列島
レア度：★★★☆☆
人気：★★★☆☆
撮り易さ：★★★★☆
",hadakakokeginpo2.jpg,hadakakokeginpo1.jpg
チシオコケギンポ,-,chishiokokeginpo2.jpg,コケギンポ科,"全長：7cm
生息：波の荒い岩礁域の岩穴に生息する。
分布：伊豆大島などに分布する。
レア度：★★★★☆

人気：★★★★☆

撮り易さ：★★★★☆
",chishiokokeginpo1.jpg,欠損
トウシマコケギンポ,-,toushimakokeginpo1.jpg,コケギンポ科,"全長：7cm
生息：波の荒い岩礁域の岩穴に生息する。
分布：房総半島、伊豆半島、伊豆大島、紀伊半島に分布する。
レア度：★★★☆☆
人気：★★★★☆

撮り易さ：★★★★☆
",toushimakokeginpo2.jpg,toushimakokeginpo3.jpg
マッコウクジラ,Sperm Whale,makkoukujira1.jpg,クジラ偶蹄目,"全長：20
m、体重は50tを超えることもある。
生息：多くは深海沖に生息し、2000m以上潜水する。日本では小笠原近海や知床半島近海に定住している。東京湾周辺で見られることもある。
分布：南極から北極まで世界規模で分布する。
レア度：★★★★★
人気：★★★★★
撮り易さ：★★☆☆☆
狩りや仲間とのコミュニケーション手段としてクリック音を用いる。世界中でホエールウォッチングが行われているが、水中でマッコウクジラを見れる機会は非常に少ない。",makkoukujira3.jpg,makkoukujira4.jpg
ハシナガイルカ,Spinner Dolphin,hashinagairuka1.jpg,クジラ偶蹄目,"全長：2
m
生息：数頭から数千頭の群れで行動する。船に寄ってきて、船首波で遊ぶことがある。
分布：世界中の熱帯域に分布する。
レア度：★★★☆☆
人気：★★★★★
撮り易さ：★★★☆☆
野生においても、スピンしながらジャンプするという行動が見られる。",hashinagairuka2.jpg,hashinagairuka3.jpg
ミナミハンドウイルカ,Indian Ocean Bottlenose Dolphin,minamihandouiruka5.jpg,クジラ偶蹄目,"全長：3
m
生息：温暖な海の沿岸に生息する。10～20頭の群れで行動することが多い。
分布：インド洋から太平洋西部、オーストラリア付近に分布する。
レア度：★★★☆☆
人気：★★★★★
撮り易さ：★★★☆☆
伊豆諸島や小笠原諸島で一緒に泳ぐツアーが開催されている。",minamihandouiruka2.jpg,minamihandouiruka3.jpg
クロサギ,Japanese silver biddy,kurosagi2.jpg,クロサギ科,"全長：30cm
生息：内湾や河口域の砂底域
分布：本州から九州、朝鮮半島
レア度：★★☆☆☆
人気：★☆☆☆☆
撮り易さ：★★★☆☆",kurosagi1.jpg,欠損
フラッグフィンモジャラ,Blackfin Mojarra,blackfinmojarra1.jpg,クロサギ科,"全長：20cm
分布：カリブ海
レア度：★★★☆☆
人気：★☆☆☆☆
写真映え：★★☆☆☆
内湾や河口域の砂底域に生息する。",欠損,欠損
イエローフィンモジャラ,Yellowfin Mojarra,yellowfinmojarra1.jpg,クロサギ科,"全長：20cm
分布：カリブ海
レア度：★★★☆☆
人気：★☆☆☆☆
写真映え：★★☆☆☆
内湾や河口域の砂底域に生息する。",欠損,欠損
ハナハゼ,Threadfin dartfish,hanahaze6.jpg,クロユリハゼ科,"全長：17cm
生息：砂場の中層をホバリングしている、ダテハゼなどと住処を共にしていることが多く、危険を感じると巣穴へ逃げ込む。
分布：富山湾、千葉県以南、西太平洋、インド洋
レア度：★★☆☆☆
人気：★★★☆☆
撮り易さ：★★☆☆☆
尾びれの２～６本の軟条が後方へ長く伸びる。そのゆらゆらとした動きと消えるように巣穴へ逃げ込む動きから「幽霊ハゼ」とも呼ばれている。",hanahaze5.jpg,hanahaze4.jpg
ゼブラハゼ,Zebra dartfish,zeburahaze1.jpg,クロユリハゼ科,"全長：12cm
生息：サンゴ礁の中層域を遊泳する。大きな群れを形成する事もあれば、ペアや単体で泳いでいる場合もある。
分布：八丈島、沖縄諸島、西太平洋、インド洋
レア度：★★★☆☆
人気：★★☆☆☆
撮り易さ：★★☆☆☆
ゼブラの名の通り、体側には多数の横線を持っている。横線はピンクから紫色となる。眼から下部にかけて黒くなるのも特徴である。",zeburahaze2.jpg,欠損
アケボノハゼ,Elegant dartfish,akebonohaze11.jpg,クロユリハゼ科,"全長：10cm
生息：ガレ場や砂場を単独かペアでホバリングしており、危険を感じると巣穴へ逃げ込む。複数の巣穴が１箇所に固まっていることもある。
分布：高知県柏島、沖縄諸島、西太平洋、インド洋
レア度：★★★★☆

人気：★★★★★
撮り易さ：★★★☆☆
３種知られているハタタテハゼ属の１種。鮮やかな赤、紫と薄い黄色のグラデーションが非常に美しく、とても人気のある魚である。生息水深が４０ｍ付近と深いことが多いため、目にするにはある程度のダイビング経験が必要となる。",akebonohaze10.jpg,akebonohaze3.jpg
ハタタテハゼ,Fire dartfish,hatatatehaze9.jpg,クロユリハゼ科,"全長：8cm
生息：ガレ場やサンゴ礁、砂場をホバリングしていることが多く、危険を感じると巣穴、物陰へ逃げ込む。こどもは群れを形成しているが、大きくなると単独かペアでいることが多い。
分布：伊豆半島以南、西太平洋、インド洋
レア度：★★☆☆☆
人気：★★★☆☆
撮り易さ：★★★☆☆
３種いるハタタテハゼ属の１種。長く伸びる第１背びれと体後部の鮮やかなオレンジ色がカッコイイ！
沖縄諸島では至る所で見ることができ、伊豆半島でも見ることができる。ダイバーにとってはポピュラーな魚。",hatatatehaze10.jpg,hatatatehaze7.jpg
ヒメクロユリハゼ,Monofin dartfish,himeyurihaze1.jpg,クロユリハゼ科,"全長：15cm
生息：サンゴ礁域の砂礫底に群れで生息する。
分布：伊豆半島以南、西太平洋、インド洋
レア度：★★★☆☆
人気：★★★☆☆
撮り易さ：★★☆☆☆
眼付近に黒色横帯がある他は全身青色である。",himeyurihaze2.jpg,欠損
クロユリハゼ,Twotone dartfish,kuroyurihaze8.jpg,クロユリハゼ科,"全長：10cm
生息：岩礁やサンゴ礁域、砂底の中層を遊泳する。集団でいることが多い。
分布：千葉県以南、西太平洋、インド洋
レア度：★★☆☆☆
人気：★★☆☆☆
撮り易さ：★★☆☆☆
成魚は後体部と尾びれが黒く、幼魚は尾びれ基底に黒色斑を持つ。
伊豆半島などでも幼魚は多く見られ、ダイバーにとってポピュラーな魚である。",kuroyurihaze6.jpg,kuroyurihaze5.jpg
クロユリハゼ属の１種,Dartfish SP.1,kuroyurihaze1-1.jpg,クロユリハゼ科,"全長：12cm
生息：砂礫底でホバリングする。
分布：高知県、八丈島以南、インド洋から西太平洋
レア度：★★★★★
人気：★★★☆☆
撮り易さ：★★☆☆☆
「日本のハゼ」（平凡社）に記載のクロユリハゼ属の1種-1と思われる。",kuroyurihaze1-2.jpg,欠損
スジクロユリハゼ,Lined dartfish,sujikuroyurihaze3.jpg,クロユリハゼ科,"全長：11cm
生息：サンゴ礁域の砂礫底の巣穴周囲でホバリングする。生息水深は３０ｍ以深。
分布：伊豆半島、高知県以南、インド洋から西太平洋
レア度：★★★★☆

人気：★★★★☆

撮り易さ：★★★☆☆
体側に黄色の縦筋があり、各鰭に青色と黄色の鮮やかな線が入る。",sujikuroyurihaze2.jpg,sujikuroyurihaze1.jpg
オグロクロユリハゼ,Blacktail dartfish,ogurokuroyurihaze5.jpg,クロユリハゼ科,"全長：12cm
生息：砂礫底の中層域を遊泳する。
分布：伊豆半島以南、太平洋、インド洋
レア度：★★★☆☆
人気：★★☆☆☆
撮り易さ：★★☆☆☆
頭から体にかけては青系一色で模様は無く、尾びれ中央から後部に黒色斑を持つ。",ogurokuroyurihaze6.jpg,ogurokuroyurihaze4.jpg
シコンハタタテハゼ,Helfrichs' dartfish,shikonhatatatehaze4.jpg,クロユリハゼ科,"全長：6cm
生息：ガレ場や砂場を単独かペアでホバリングしており、危険を感じると巣穴へ逃げ込む。
分布：小笠原諸島、沖縄諸島、西太平洋
レア度：★★★★★
人気：★★★★★
撮り易さ：★★★☆☆
３種知られているハタタテハゼ属の中で最もレアで人気のある魚である。鮮やかな頭部の黄色と、体前部の濃紫色が美しい。ダイバーからは「ヘルフリッチ」と呼ばれており、アクアリストの間では「パープルファイヤーゴビー」が通名である。",shikonhatatatehaze7.jpg,shikonhatatatehaze3.jpg
イトマンクロユリハゼ,Pearly dartfish,itomankuroyurihaze5.jpg,クロユリハゼ科,"全長：10cm
生息：砂礫底の中層域を遊泳する。
分布：伊豆半島以南、西太平洋、インド洋
レア度：★★★☆☆
人気：★★☆☆☆
撮り易さ：★★☆☆☆
青の体色を持ち、胸鰭基底に黒い線がある。背鰭と尾鰭の上縁が紫色になる個体もいる。",itomankuroyurihaze1.jpg,itomankuroyurihaze6.jpg
ダイアモンドブレニー,Diamond blenny,diamondblenny1.jpg,labrisomus科,"全長：7cm
分布：西部大西洋、カリブ海
レア度：★★★☆☆
人気：★★☆☆☆
写真映え：★★☆☆☆
浅い岩礁帯に生息する。",欠損,欠損
スロートスポッテッドブレニー,Throatspotted blenny,throatspottedblenny2.jpg,labrisomus科,"全長：8cm
分布：東部太平洋
レア度：★★★☆☆
人気：★★☆☆☆
写真映え：★★☆☆☆
浅い岩礁帯に生息する。タイドプールにいることもある。",throatspottedblenny1.jpg,欠損
アカククリ,Pinnate spadefish,akakukuri3.jpg,マンジュウダイ科,"全長：35cm
生息：成魚は岩礁、サンゴ礁域の底近くに生息する。
分布：琉球列島以南、東インド諸島から西太平洋に分布する。
レア度：★★★☆☆
人気：★★★★☆

撮り易さ：★★★★☆

幼魚は橙色に縁どられた黒色をしており人気がある。",akakukuri4.jpg,akakukuri2.jpg
ツバメウオ,Longfin spadefish,tsubameuo1.jpg,マンジュウダイ科,"全長：100cm
生息：成魚は浅海の中層で大きな群れで行動する。
分布：南北海道以南、インドから西太平洋に分布する。
レア度：★☆☆☆☆
人気：★★★★☆

撮り易さ：★★☆☆☆
非常に人になつき易く、群れがそばまで寄ってくる。",tsubameuo2.jpg,tsubameuo7.jpg
ナンヨウツバメウオ,Circular spadefish,nanyoutsubameuo4.jpg,マンジュウダイ科,"全長：45cm
生息：幼魚は海面付近を漂う。成魚は礁域の中層域を泳ぐ。
分布：成魚は琉球列島以南、幼魚は岩手県以南で見られる。
レア度：★★☆☆☆
人気：★★★★☆

撮り易さ：★★★★☆

幼魚は枯葉に擬態しており、観賞魚としても人気がある。",nanyoutsubameuo1.jpg,nanyoutsubameuo2.jpg
ミカヅキツバメウオ,Golden spadefish,mikadsukitubameuo3.jpg,マンジュウダイ科,"全長：30cm
生息：幼魚は海面付近や内湾に見られる。成魚は礁域の中層域を泳ぐ。
分布：岩手県以南、インドから太平洋に分布する。
レア度：★★★☆☆
人気：★★★★☆

撮り易さ：★★★★☆

幼魚は観賞魚としても人気がある。",mikadsukitubameuo2.jpg,mikadsukitubameuo1.jpg
マツカサウオ,Pineconefish,matsukasauo5.jpg,マツカサウオ科,"全長：15cm
生息：浅海の岩礁域
分布：紅海、南アフリカから西太平洋、オーストラリア南部に分布
レア度：★★★☆☆
人気：★★★★☆

撮り易さ：★★★★☆

下あごの先端に発光器を持つ。",matsukasauo3.jpg,matsukasauo2.jpg
メギス,Firetail dottyback,megisu1.jpg,メギス科,"全長：12cm
生息：岩礁、サンゴ礁域の岩穴に生息する。
分布：伊豆半島以南、西部太平洋
レア度：★★☆☆☆
人気：★★☆☆☆
撮り易さ：★★★☆☆",megisu2.jpg,欠損
ロイヤルドティーバック,Royal dottyback,royaldottyback3.jpg,メギス科,"全長：7cm
生息：サンゴ礁のドロップオフや窪みに生息する。
分布：西オーストラリア、インドネシアからソロモン諸島
レア度：★★★☆☆
人気：★★★★☆

撮り易さ：★★★☆☆
観賞魚として人気がある。",royaldottyback2.jpg,royaldottyback1.jpg
カンムリニセスズメ,Diadem dottyback,kanmurinisesuzume1.jpg,メギス科,"全長：6cm
生息：サンゴ礁に生息する。
分布：奄美諸島以南、西太平洋に分布する
レア度：★★★★☆

人気：★★★★☆

撮り易さ：★★★☆☆
観賞魚として人気がある。",kanmurinisesuzume3.jpg,kanmurinisesuzume2.jpg
クレナイニセスズメ,Magenta dottyback,kurenainisesuzume6.jpg,メギス科,"全長：7cm
生息：サンゴ礁のドロップオフや窪みに生息する。
分布：マレーシア、インドネシア、フィリピンに分布する。
レア度：★☆☆☆☆
人気：★★★☆☆
撮り易さ：★★★☆☆",kurenainisesuzume4.jpg,kurenainisesuzume5.jpg
オブリークラインドドティーバック,Oblique-lined dottyback,obliquelineddottyback1.jpg,メギス科,"全長：7cm
生息：サンゴ礁域の岩穴や窪地
分布：東オーストラリアからフィジー
レア度：★★★☆☆
人気：★★★☆☆
撮り易さ：★★★☆☆",欠損,欠損
メジナ,Largescaled blackfish,mejina5.jpg,メジナ科,"全長：60cm
生息：潮通しの良い磯に生息する。
分布：北海道南部以南、東シナ海に分布する。
レア度：★★☆☆☆
人気：★★☆☆☆
撮り易さ：★★★☆☆",mejina4.jpg,mejina3.jpg
クロメジナ,Smallscaled blackfish,kuromejina2.jpg,メジナ科,"全長：70cm
生息：潮通しの良い磯に生息する。
分布：房総半島以南、東シナ海に分布する。
レア度：★★☆☆☆
人気：★★☆☆☆
撮り易さ：★★★☆☆",kuromejina1.jpg,欠損
クマドリ,Orange-lined triggerfish,kumadori4.jpg,モンガラカワハギ科,"全長：30cm
生息：水深５０ｍ以浅のサンゴ礁域
分布：紀伊半島以南の南日本、インド洋から西太平洋に分布する。
レア度：★★☆☆☆
人気：★★☆☆☆
撮り易さ：★★★☆☆",kumadori3.jpg,kumadori2.jpg
アカモンガラ,Redtoothed triggerfish,akamongara4.jpg,モンガラカワハギ科,"全長：30cm
生息：水深５０ｍ以浅のサンゴ礁域
分布：相模湾以南の南日本、インド洋から西太平洋に分布する。
レア度：★★☆☆☆
人気：★★☆☆☆
撮り易さ：★★★☆☆",akamongara5.jpg,akamongara1.jpg
ムスメハギ,Boomerang triggerfish,musumehagi4.jpg,モンガラカワハギ科,"全長：25cm
生息：水深５０ｍ以浅のサンゴ礁域
分布：駿河湾以南の南日本、インド洋から西太平洋に分布する。
レア度：★★☆☆☆
人気：★★☆☆☆
撮り易さ：★★★☆☆",musumehagi2.jpg,musumehagi3.jpg
クロモンガラ,Pinktail triggerfish,kuromogara1.jpg,モンガラカワハギ科,"全長：30cm
生息：水深５０ｍ以浅の岩礁、サンゴ礁域
分布：岩手県以南の南日本、インド洋から西太平洋に分布する。
レア度：★★☆☆☆
人気：★★☆☆☆
撮り易さ：★★★☆☆",kuromogara3.jpg,kuromogara2.jpg
イソモンガラ,Blueline triggerfish,isomongara1.jpg,モンガラカワハギ科,"全長：50cm
生息：水深５０ｍ以浅のサンゴ礁域
分布：駿河湾以南の南日本、インド洋から西太平洋に分布する。
レア度：★★★☆☆
人気：★★☆☆☆
撮り易さ：★★★☆☆",欠損,欠損
ゴマモンガラ,Titan triggerfish,gomamogara6.jpg,モンガラカワハギ科,"全長：60cm
生息：水深５０ｍ以浅の岩礁、サンゴ礁域
分布：三浦半島以南の南日本、インド洋から西太平洋に分布する。
レア度：★★☆☆☆
人気：★★☆☆☆
撮り易さ：★★★☆☆",gomamogara7.jpg,gomamogara5.jpg
ナメモンガラ,Redtail triggerfish,namemongara1.jpg,モンガラカワハギ科,"全長：25cm
生息：水深１００ｍ以浅の岩礁、サンゴ礁域
分布：伊豆諸島、小笠原諸島、琉球列島、太平洋域に分布する。
レア度：★★★☆☆
人気：★★★☆☆
撮り易さ：★★★☆☆",namemongara2.jpg,namemongara3.jpg
ホシモンガラ,Gilded triggerfish,hoshimongara1.jpg,モンガラカワハギ科,"全長：22cm
生息：水深１００ｍ以浅のサンゴ礁域
分布：琉球列島、インド洋から西太平洋に分布する。
レア度：★★★☆☆
人気：★★★☆☆
撮り易さ：★★★☆☆",hoshimongara2.jpg,欠損
キヘリモンガラ,Yellowmargin triggerfish,kiherimongara1.jpg,モンガラカワハギ科,"全長：60cm
生息：水深５０ｍ以浅のサンゴ礁域
分布：相模湾以南の南日本、インド洋から西太平洋に分布する。
レア度：★★★☆☆
人気：★★★☆☆
撮り易さ：★★★☆☆",kiherimongara2.jpg,欠損
モンガラカワハギ,Clown triggerfish,mongarakawahagi3.jpg,モンガラカワハギ科,"全長：30cm
生息：水深５０ｍ以浅の岩礁、サンゴ礁域
分布：相模湾以南の南日本、インド洋から西太平洋に分布する。
レア度：★★☆☆☆
人気：★★★☆☆
撮り易さ：★★★☆☆",mongarakawahagi4.jpg,mongarakawahagi1.jpg
クラカケモンガラ,Blackbelly triggerfish,kurakakemongara1.jpg,モンガラカワハギ科,"全長：30cm
生息：岩礁、サンゴ礁域
分布：伊豆半島の南日本、インド洋から西太平洋に分布する。
レア度：★★★☆☆
人気：★★★☆☆
撮り易さ：★★★☆☆",欠損,欠損
ムラサメモンガラ,Lagoon triggerfish,murasamemongara2.jpg,モンガラカワハギ科,"全長：30cm
生息：岩礁、サンゴ礁域
分布：房総半島の南日本、インド洋から西太平洋に分布する。
レア度：★★★☆☆
人気：★★★☆☆
撮り易さ：★★★☆☆",murasamemongara1.jpg,欠損
ツマジロモンガラ,Halfmoon triggerfish,tsumajiromongara6.jpg,モンガラカワハギ科,"全長：25cm
生息：水深５０ｍ以浅のサンゴ礁域
分布：相模湾以南の南日本、インド洋から西太平洋に分布する。
レア度：★★☆☆☆
人気：★★☆☆☆
撮り易さ：★★★☆☆",tsumajiromongara5.jpg,tsumajiromongara2.jpg
ムツ,Japanese bluefish,mutsu3.jpg,ムツ科,"全長：100cm
生息：成魚は水深200～700mの岩礁域に生息する。
分布：北海道以南から台湾北部に分布する。
レア度：★★★☆☆
人気：★★☆☆☆
撮り易さ：★★★☆☆",mutsu1.jpg,mutsu2.jpg
ヤマドリ,Japanese dragonet,yamadori1.jpg,ネズッポ科,"全長：9cm
生息：岩礁域、砂礫底に生息する。
分布：北海道から九州までの日本広域に分布する。
レア度：★★☆☆☆
人気：★★★☆☆
撮り易さ：★★★☆☆
ハナヌメリ属
(Synchiropus)とする文献もある。",yamadori3.jpg,yamadori2.jpg
ヨメゴチ,Japanese dragonet,yomegochi2.jpg,ネズッポ科,"全長：23cm
生息：砂礫底、砂泥底に生息する。
分布：本州中部以南、東シナ海に分布する。
レア度：★★☆☆☆
人気：★☆☆☆☆
撮り易さ：★★☆☆☆",yomegochi1.jpg,欠損
ヤリヌメリ,-,yarinumeri1.jpg,ネズッポ科,"全長：26cm
生息：内湾の砂泥底に生息する。
分布：南北海道以南の日本各地に分布する。
レア度：★★★☆☆
人気：★☆☆☆☆
撮り易さ：★★☆☆☆",欠損,欠損
トビヌメリ,-,欠損,ネズッポ科,"全長：22cm
生息：外洋の砂底に生息する。
分布：南北海道以南の日本各地に分布する。
レア度：★★★☆☆
人気：★☆☆☆☆
撮り易さ：★★☆☆☆",欠損,欠損
ヒメテグリ,-,himeteguri5.jpg,ネズッポ科,"全長：4cm
生息：浅瀬の砂礫底に生息する。
分布：伊豆半島以南、西太平洋に分布する。
レア度：★★☆☆☆
人気：★★☆☆☆
撮り易さ：★★★☆☆",himeteguri4.jpg,himeteguri1.jpg
コブヌメリ,Warty dragonet,kobunumeri2.jpg,ネズッポ科,"全長：11cm
生息：サンゴ礁や岩礁域の砂底に生息する。
分布：伊豆半島以南、西太平洋に分布する。
レア度：★★☆☆☆
人気：★☆☆☆☆
撮り易さ：★★☆☆☆",kobunumeri1.jpg,欠損
イッポンテグリ,Fingered dragonet,ipponteguri1.jpg,ネズッポ科,"全長：12cm
生息：浅海の砂泥底に生息する。
分布：琉球列島、西太平洋に分布する。
レア度：★★★☆☆
人気：★☆☆☆☆
撮り易さ：★★☆☆☆",ipponteguri3.jpg,ipponteguri2.jpg
ミヤケテグリ,Moyer's dragonet,miyaketeguri3.jpg,ネズッポ科,"全長：8cm
生息：サンゴ礁域、砂礫底に生息する。
分布：三宅島、高知県以南、西太平洋に分布する。
レア度：★★★☆☆
人気：★★★★☆

撮り易さ：★★★☆☆
ハナヌメリ属
(Synchiropus)とする文献もある。",miyaketeguri2.jpg,miyaketeguri1.jpg
学名：Pterosynchiropus splendidus,Mandarinfish,欠損,ネズッポ科,,欠損,欠損
コウワンテグリ,Ocellated dragonet,kouwanteguri2.jpg,ネズッポ科,"全長：8cm
生息：浅瀬の岩礁域やサンゴ礁域に生息する。
分布：伊豆大島以南、インド洋から西太平洋に分布する。
レア度：★★★☆☆
人気：★★★★☆

撮り易さ：★★★☆☆
ハナヌメリ属
(Synchiropus)とする文献もある。",kouwanteguri1.jpg,kouwanteguri3.jpg
セソコテグリ,Morrison's dragonet,sesokoteguri2.jpg,ネズッポ科,"全長：8cm
生息：サンゴ礁域、砂礫底に生息する。
分布：三宅島、高知県以南、西太平洋に分布する。
レア度：★★★☆☆
人気：★★☆☆☆
撮り易さ：★★★☆☆
ハナヌメリ属
(Synchiropus)とする文献もある。",sesokoteguri1.jpg,欠損
ランサードラゴネット,Lancer dragonet,lancerdragonet1.jpg,ネズッポ科,"全長：8cm
生息：砂礫底、砂泥底に生息する。
分布：カリブ海、西大西洋域
レア度：★★★★☆

人気：★★☆☆☆
撮り易さ：★★☆☆☆",lancerdragonet2.jpg,欠損
アカオビコテグリ,-,akaobikoteguri3.jpg,ネズッポ科,"全長：5cm
生息：岩礁域、礫底に生息する。
分布：伊豆半島、伊豆諸島、ハワイなどに分布する。
レア度：★★★★☆

人気：★★★☆☆
撮り易さ：★★★☆☆
ハナヌメリ属
(Synchiropus)とする文献もある。",akaobikoteguri1.jpg,akaobikoteguri2.jpg
ミナミコブヌメリ,Goram dragonet,minamikobunumeri1.jpg,ネズッポ科,"全長：6cm
生息：サンゴ礁や岩礁域の砂底に生息する。
分布：琉球列島、西太平洋に分布する。
レア度：★★★☆☆
人気：★☆☆☆☆
撮り易さ：★★☆☆☆",欠損,欠損
ゴマイトヒキヌメリ,-,gomaitohikinumeri2.jpg,ネズッポ科,"全長：12cm
生息：沿岸の砂礫底、砂泥底に生息する。
分布：南日本、西太平洋に分布する。
レア度：★★★☆☆
人気：★☆☆☆☆
撮り易さ：★★☆☆☆",gomaitohikinumeri1.jpg,欠損
ウサギニベ,Highhat,usaginibe3.jpg,ニベ科,"全長：20cm
生息：隠れる場所のある岩礁域や岩陰に多く見られる。群れを形成する。
分布：カリブ海、大西洋
レア度：★★★☆☆
人気：★★★☆☆
撮り易さ：★★★★☆

幼魚はスポッテッドドラムと似ており、混同されることもある。",usaginibe1.jpg,usaginibe4.jpg
スポッテッドドラム,Spotted Drum,spotteddrum1.jpg,ニベ科,"全長：28cm
生息：隠れる場所のある岩礁域や岩陰に潜む。夜行性。
分布：カリブ海
レア度：★★★★☆

人気：★★★★☆

撮り易さ：★★★★☆

幼魚はひらひらと舞うように動くことからダイバーの人気が高い。",spotteddrum3.jpg,spotteddrum4.jpg
カリフォルニアコルビナ,California corbina,californiacorbina2.jpg,ニベ科,"全長：40cm
生息：砂底の波打ち際や沿岸に生息する。
分布：東太平洋、カリフォルニア半島
レア度：★★★☆☆
人気：★★★☆☆
撮り易さ：★★★★☆
",californiacorbina1.jpg,欠損
サッパ,Japanese sardinella,sappa1.jpg,ニシン科,"全長：13cm
生息：内湾や河口域
分布：北海道以南、台湾や南シナ海などに分布する。
レア度：★★★☆☆
人気：★★★☆☆
撮り易さ：★★☆☆☆",sappa2.jpg,欠損
キビナゴ,Silver-stripe round herring,kibinago3.jpg,ニシン科,"全長：10cm
生息：沿岸域を群れで遊泳する。
分布：千葉県以南、インド洋から西太平洋に分布する。
レア度：★★☆☆☆
人気：★★★☆☆
撮り易さ：★★☆☆☆",kibinago5.jpg,kibinago6.jpg
マイワシ,Japanese pilchard,maiwashi4.jpg,ニシン科,"全長：20cm
生息：沿岸から沖合いの海面近くを群れで遊泳する。
分布：サハリンから九州までの日本広域に分布する。
レア度：★☆☆☆☆
人気：★★★☆☆
撮り易さ：★★☆☆☆",maiwashi1a.jpg,maiwashi3.jpg
ニシン科の１種,-,nishinka1-1.jpg,ニシン科,"全長：-
cm
生息：沿岸域を群れで遊泳する。
分布：カリブ海
レア度：★★★☆☆
人気：★★★☆☆
撮り易さ：★★☆☆☆",欠損,欠損
ウルメイワシ,Round herring,urumeiwashi3.jpg,ニシン科,"全長：25cm
生息：沿岸域を群れで遊泳する。
分布：北海道以南、世界中お温暖な海に分布する。
レア度：★★☆☆☆
人気：★★★☆☆
撮り易さ：★★☆☆☆",urumeiwashi2.jpg,urumeiwashi1.jpg
ニザダイ,Scalpel sawtail,nizadai4.jpg,ニザダイ科,"全長：50cm
生息：浅い岩礁域
分布：宮城県以南、台湾など
レア度：★☆☆☆☆
人気：★☆☆☆☆
撮り易さ：★★☆☆☆",nizadai1.jpg,nizadai2.jpg
クロハギ,Yellowfin surgeonfish,kurohagi2.jpg,ニザダイ科,"全長：35cm
生息：サンゴ礁域
分布：琉球列島、インドから太平洋
レア度：★★★☆☆
人気：★★☆☆☆
撮り易さ：★★☆☆☆",kurohagi3.jpg,kurohagi1.jpg
ゴマハギ,Twotone tang,gomahagi4.jpg,ニザダイ科,"全長：20cm
生息：サンゴ礁域
分布：駿河湾以南の南日本、インド、西太平洋
レア度：★★☆☆☆
人気：★★★☆☆
撮り易さ：★★☆☆☆",gomahagi3.jpg,gomahagi2.jpg
ヒラニザ,Elongate surgeonfish,hiraniza1.jpg,ニザダイ科,"全長：40cm
生息：サンゴ礁域
分布：房総半島以南、インドから西太平洋
レア度：★★★☆☆
人気：★★★☆☆
撮り易さ：★★★☆☆",欠損,欠損
ニジハギ,Lined surgeonfish,nijihagi2.jpg,ニザダイ科,"全長：30cm
生息：浅いサンゴ礁域
分布：伊豆半島以南の南日本、インド、西太平洋
レア度：★★★☆☆
人気：★★★★☆

撮り易さ：★★★☆☆
観賞魚としても人気がある。",nijihagi1.jpg,欠損
ナガニザ,Brown surgeonfish,naganiza3.jpg,ニザダイ科,"全長：20cm
生息：岩礁、サンゴ礁域
分布：伊豆半島以南の南日本、インド、西太平洋
レア度：★★☆☆☆
人気：★★☆☆☆
撮り易さ：★★☆☆☆",naganiza4.jpg,naganiza1.jpg
シマハギ,Convict surgeonfish,shimahagi2.jpg,ニザダイ科,"全長：25cm
生息：岩礁、サンゴ礁域の浅所から水深５０ｍ程まで見られる。
分布：伊豆半島以南の南日本、インド、太平洋、西アフリカ沿岸
レア度：★★☆☆☆
人気：★★★☆☆
撮り易さ：★★☆☆☆
幼魚はオヤビッチャ幼魚の群れに混じっていることもある。",shimahagi1.jpg,欠損
テングハギ,Bluespine unicornfish,tenguhagi1.jpg,ニザダイ科,"全長：60cm
生息：サンゴ礁域の斜面
分布：伊豆諸島、琉球列島、インドから西太平洋
レア度：★★★☆☆
人気：★★★☆☆
撮り易さ：★★☆☆☆",tenguhagi2.jpg,欠損
キイロハギ,Yellow tang,kiirohagi6.jpg,ニザダイ科,"全長：20cm
生息：サンゴ礁域
分布：高知県以南、インドから太平洋
レア度：★★☆☆☆
人気：★★★☆☆
撮り易さ：★★☆☆☆",kiirohagi5.jpg,kiirohagi4.jpg
ナンヨウハギ,Palette surgeonfish,nanyouhagi1.jpg,ニザダイ科,"全長：25cm
生息：サンゴ礁域
分布：伊豆大島以南の南日本、インド、西太平洋
レア度：★★★☆☆
人気：★★★★★
撮り易さ：★★★☆☆
映画で一躍有名に。",nanyouhagi4.jpg,nanyouhagi5.jpg
オハグロハギ,Thompson's surgeonfish,ohagurohagi1.jpg,ニザダイ科,"全長：20cm
生息：岩礁、サンゴ礁域
分布：高知県以南、インドから西太平洋
レア度：★★☆☆☆
人気：★★☆☆☆
撮り易さ：★★☆☆☆",欠損,欠損
モンツキハギ,Orangespot surgeonfish,montsukihagi5.jpg,ニザダイ科,"全長：35cm
生息：サンゴ礁域
分布：伊豆半島以南の南日本、インド、西太平洋
レア度：★★☆☆☆
人気：★★★☆☆
撮り易さ：★★☆☆☆",montsukihagi1.jpg,montsukihagi2.jpg
ヒレナガハギ,Sailfin tang,hirenagahagi6.jpg,ニザダイ科,"全長：30cm
生息：サンゴ礁域
分布：相模湾以南の南日本、インド、西太平洋
レア度：★★☆☆☆
人気：★★★☆☆
撮り易さ：★★☆☆☆",hirenagahagi4.jpg,hirenagahagi5.jpg
サザナミハギ,Striated surgeonfish,sazanamihagi4.jpg,ニザダイ科,"全長：20cm
生息：サンゴ礁域
分布：琉球列島、インドから太平洋
レア度：★★☆☆☆
人気：★★☆☆☆
撮り易さ：★★☆☆☆",sazanamihagi3.jpg,sazanamihagi2.jpg
オニテングハギ,Humpback unicornfish,onitenguhagi3.jpg,ニザダイ科,"全長：60cm
生息：サンゴ礁域の斜面
分布：琉球列島、インドから西太平洋
レア度：★★★☆☆
人気：★★★☆☆
撮り易さ：★★☆☆☆
雄には眼の前夫に角のような突起が発達する。",onitenguhagi2.jpg,onitenguhagi1.jpg
スジクロハギ,Whitebar surgeonfish,sujikurohagi1.jpg,ニザダイ科,"全長：25cm
生息：サンゴ礁外縁に単独または群れで見られる。
分布：和歌山県以南、太平洋域
レア度：★★★☆☆
人気：★★☆☆☆
撮り易さ：★★☆☆☆
小笠原諸島に多い。",sujikurohagi2.jpg,sujikurohagi4.jpg
クログチニザ,Chocolate surgeonfish,kuroguchiniza2.jpg,ニザダイ科,"全長：25cm
生息：サンゴ礁域
分布：和歌山県以南、インドから太平洋域
レア度：★★★☆☆
人気：★★☆☆☆
撮り易さ：★★☆☆☆",kuroguchiniza3.jpg,kuroguchiniza1.jpg
オスジクロハギ,Ringtail surgeonfish,osujikurohagi1.jpg,ニザダイ科,"全長：40cm
生息：サンゴ礁域
分布：琉球列島、インドから太平洋
レア度：★★★☆☆
人気：★★☆☆☆
撮り易さ：★★☆☆☆",欠損,欠損
ニセカンランハギ,Eyestripe surgeonfish,nisekanranhagi3.jpg,ニザダイ科,"全長：40cm
生息：岩礁、サンゴ礁域
分布：小笠原諸島、琉球列島、インドから太平洋
レア度：★★★☆☆
人気：★★☆☆☆
撮り易さ：★★☆☆☆",nisekanranhagi2.jpg,nisekanranhagi1.jpg
メガネクロハギ,Whitecheek surgeonfish,meganekurohagi2.jpg,ニザダイ科,"全長：25cm
生息：サンゴ礁域
分布：高知県以南、インドから太平洋
レア度：★★★☆☆
人気：★★★★☆

撮り易さ：★★☆☆☆",meganekurohagi1.jpg,欠損
ナミダクロハギ,Japan surgeonfish,namidakurohagi3.jpg,ニザダイ科,"全長：25cm
生息：サンゴ礁域
分布：奄美大島以南、台湾、西沙諸島
レア度：★★☆☆☆
人気：★★★★☆

撮り易さ：★★☆☆☆",namidakurohagi2.jpg,namidakurohagi1.jpg
キビレボウズハギ,Slender unicornfish,kibirebouzuhaze2.jpg,ニザダイ科,"全長：35cm
生息：サンゴ礁域
分布：小笠原諸島、八重山諸島、インドから西太平洋
レア度：★★★★☆

人気：★★☆☆☆
撮り易さ：★★☆☆☆",kibirebouzuhaze1.jpg,欠損
ミヤコテングハギ,Orangespine unicornfish,miyakotenguhagi1.jpg,ニザダイ科,"全長：60cm
生息：サンゴ礁域
分布：駿河湾以南の南日本、インド、西太平洋
レア度：★★☆☆☆
人気：★★★★☆

撮り易さ：★★☆☆☆",miyakotenguhagi2.jpg,miyakotenguhagi4.jpg
テングハギモドキ,Sleek unicornfish,tenguhagimodoki1.jpg,ニザダイ科,"全長：70cm
生息：サンゴ礁域の斜面を大きな群れで回遊する
分布：伊豆諸島、琉球列島、インドから西太平洋
レア度：★★★☆☆
人気：★★★☆☆
撮り易さ：★★☆☆☆",欠損,欠損
ツマリテングハギ,Spotted unicornfish,tsumaritenguhagi4.jpg,ニザダイ科,"全長：70cm
生息：潮あたりの良いサンゴ礁、岩礁域
分布：伊豆半島以南の南日本、インド、西太平洋
レア度：★★★☆☆
人気：★★★☆☆
撮り易さ：★★☆☆☆",tsumaritenguhagi1.jpg,tsumaritenguhagi3.jpg
サザナミトサカハギ,Bignose unicornfish,sazanamitosakahagi3.jpg,ニザダイ科,"全長：70cm
生息：サンゴ礁域
分布：紀伊半島以南の南日本、インド、西太平洋
レア度：★★★☆☆
人気：★★★☆☆
撮り易さ：★★☆☆☆",sazanamitosakahagi4.jpg,sazanamitosakahagi2.jpg
コクテンサザナミハギ,Twospot surgeonfish,kokutensazanamihagi2.jpg,ニザダイ科,"全長：20cm
生息：サンゴ礁域
分布：高知県以南、太平洋
レア度：★★★☆☆
人気：★★☆☆☆
撮り易さ：★★★☆☆",kokutensazanamihagi1.jpg,欠損
ゴマテングハギモドキ,Spotted unicornfish,gomatenguhagimodoki2.jpg,ニザダイ科,"全長：60cm
生息：潮あたりの良いサンゴ礁、岩礁域
分布：小笠原諸島、伊豆諸島、太平洋域
レア度：★★★☆☆
人気：★★★☆☆
撮り易さ：★★☆☆☆",gomatenguhagimodoki3.jpg,gomatenguhagimodoki4.jpg
ヒメオニオコゼ,Spiny devilfish,himeoniokoze4.jpg,オニオコゼ科,"全長：20cm
生息：岩礁、サンゴ礁域の砂底に生息する。
分布：伊豆半島以南、西太平洋に分布する。
レア度：★★★☆☆
人気：★★★☆☆
撮り易さ：★★★★☆
",himeoniokoze1.jpg,himeoniokoze3.jpg
クロエリオオメワラスボ,Onespot wormfish,kuroerioomewarasubo2.jpg,オオメワラスボ科,"全長：9cm
生息：砂底域に生息し、海底付近を遊泳する。危険を感じると砂に潜る。
分布：琉球列島、インド洋から西太平洋
レア度：★★★☆☆
人気：★★☆☆☆
撮り易さ：★★☆☆☆",kuroerioomewarasubo1.jpg,欠損
セロ,Cero,cero1.jpg,サバ科,"全長：100cm
生息：外洋やドロップオフ周辺の表層を遊泳する。
分布：カリブ海、大西洋域
レア度：★★★★☆

人気：★★★★☆

撮り易さ：★★★☆☆",cero2.jpg,欠損
ニジョウサバ,Double-lined mackerel,nijosaba2.jpg,サバ科,"全長：70cm
生息：沿岸表層を遊泳する。
分布：太平洋西部の熱帯域
レア度：★★★★☆

人気：★★★★☆

撮り易さ：★★★☆☆",nijosaba3.jpg,nijosaba1.jpg
グルクマ,Long-jawed mackerel,gurukuma1.jpg,サバ科,"全長：40cm
生息：沿岸表層を大群で回遊する。
分布：琉球列島、西太平洋の熱帯、亜熱帯域
レア度：★★★☆☆
人気：★★★☆☆
撮り易さ：★★☆☆☆
大きく口を開けて泳ぎ、プランクトン類を捕食する。",欠損,欠損
イソマグロ,Dogtooth tuna,isomaguro8.jpg,サバ科,"全長：200cm
生息：岩礁、サンゴ礁域を回遊する。
分布：琉球列島、小笠原諸島、西太平洋の熱帯、亜熱帯域
レア度：★★★★☆

人気：★★★★★
撮り易さ：★★★☆☆
大型のマグロだが、あまり美味しくないらしい。",isomaguro4.jpg,isomaguro5.jpg
ヨコシマサワラ,Narrow-barred spanish mackerel,yokoshimasawara2.jpg,サバ科,"全長：200cm
生息：沿岸表層を遊泳する。大きな群れを形成することもある。
分布：太平洋西部の熱帯域
レア度：★★★★☆

人気：★★★★☆

撮り易さ：★★★☆☆",yokoshimasawara1.jpg,欠損
ネコザメ,Japanese bullhead shark,nekozame2.jpg,サメ,"全長：100cm
分布：本州以南の沿岸、中国、朝鮮半島沿岸に分布。
レア度：★★☆☆☆
人気：★★★☆☆
写真映え：★★★☆☆
岩礁域や砂地に生息する。",nekozame1.jpg,nekozame3.jpg
カスザメ,Japanese angelshark,kasuzame2.jpg,サメ,"全長：150cm
分布：北海道から沖縄まで日本に広く分布する。
レア度：★★☆☆☆
人気：★★☆☆☆
写真映え：★★☆☆☆
砂泥底に生息する。エイのように砂に潜る。エイのような扁平な体をしている。",kasuzame1.jpg,欠損
ホーンシャーク,Horn shark,hornshark1.jpg,サメ,"全長：80cm
分布：東部太平洋、カリフォルニア州からカリフォルニア半島
レア度：★★★★☆

人気：★★★★☆

写真映え：★★★★☆

砂底や岩礁域の底部に生息する。",欠損,欠損
シロワニ,Sand tiger shark,shirowani2.jpg,サメ,"全長：320cm
分布：小笠原諸島に多く生息する。
レア度：★★★★☆

人気：★★★★☆

写真映え：★★★★☆

岩礁域に生息し、夜間に活発に活動する。",shirowani1.jpg,shirowani3.jpg
コモリザメ,Nurse shark,komorizame6.jpg,サメ,"全長：400cm
分布：東太平洋および大西洋の温帯、熱帯域
レア度：★★★★☆

人気：★★★★☆

写真映え：★★★☆☆
岩礁域で着底して休息していることが多い。夜行性。実際に子守りをするわけでは無いらしい。",komorizame3.jpg,komorizame5.jpg
ネムリブカ,Whitetip reef shark,nemuribuka3.jpg,サメ,"全長：160cm
分布：小笠原諸島、鹿児島県以南、インド洋から太平洋に分布。
レア度：★★★☆☆
人気：★★★☆☆
写真映え：★★★☆☆
岩礁、サンゴ礁域に生息。",nemuribuka2.jpg,nemuribuka1.jpg
イタチザメ,Tiger shark,itachizame1.jpg,サメ,"全長：400cm
分布：世界中の温帯、熱帯域
レア度：★★★★★
人気：★★★★★
写真映え：★★★★★
河口や港などの濁った浅瀬、沖合の水深300ｍ程度まで広い範囲に生息する。ホホジロザメに次ぐ危険なサメとして知られている。トラのような斑模様を体側に持ち、9ｍを超える個体も報告されている。",itachizame2.jpg,itachizame3.jpg
ナヌカザメ,Blotchy swellshark,nanukazame1.jpg,サメ,"全長：140cm
分布：北海道南部から琉球列島まで広く分布する。
レア度：★★★☆☆
人気：★★★★☆

写真映え：★★☆☆☆
浅海から水深450mの岩礁域、砂泥底域に生息する。海水を飲み込んで、腹を膨らませるという、フグのような習性をもつ。",nanukazame2.jpg,nanukazame3.jpg
ジンベエザメ,Whale shark,jinbeezame7.jpg,サメ,"全長：1800cm
分布：世界中の熱帯から亜熱帯の海を回遊する。
レア度：★★★★☆

人気：★★★★★
写真映え：★★★★★
表層域を遊泳する。多くの研究者が生態を研究しているが、未だ回遊経路には謎が多い。極めて温厚なサメで、人を攻撃することはまずない。",jinbeezame1.jpg,jinbeezame2.jpg
オオロメジロザメ,Bull shark,oomejirozame3.jpg,サメ,"全長：300cm
分布：紅海、地中海を除いた世界中の熱帯、温帯域。淡水の河川や湖でも確認されている。
レア度：★★★★☆

人気：★★★★★
写真映え：★★★☆☆
肉食よりの雑食性。浅場や淡水域にも侵入する。気性が荒く、本種に襲われた死亡例も多い。",oomejirozame2.jpg,oomejirozame6.jpg
ガラパゴスザメ,Galapagos shark,galapagoszame2.jpg,サメ,"全長：300cm
分布：世界中の熱帯の海。
レア度：★★★☆☆
人気：★★★★★
写真映え：★★★★☆

特に離島付近に多く生息する。ハワイ諸島やガラパゴス諸島に多数集まり、ハワイ諸島では餌付けによるエコツアーも開催されている。",galapagoszame3.jpg,galapagoszame1.jpg
ニシレモンザメ,Lemon shark,nishilemonzame1.jpg,サメ,"全長：300cm
分布：東太平洋、大西洋沿岸
レア度：★★★★☆

人気：★★★★☆

写真映え：★★★★☆

温帯から熱帯のサンゴ礁域、砂底域を遊泳する。体色がレモンの様に黄色いことからレモンシャークと名付けられた。表層を泳ぐことも、海底で休むこともある。",nishilemonzame2.jpg,nishilemonzame3.jpg
アカシュモクザメ,Scalloped hammerhead,akasyumokuzame5.jpg,サメ,"全長：420cm
分布：温帯～熱帯の広い海に分布する。
レア度：★★★☆☆
人気：★★★★★
写真映え：★★★★☆

単独や大きな群れで遊泳する。日本では与那国島、神子元、伊豆大島などで群れがみられる。大きな群れが進む姿は「ハンマーリバー」と呼ばれ、群れに囲まれると圧倒される。肉食のサメではあるが、ダイバーが水中で襲われた例は少ない。",akasyumokuzame6.jpg,akasyumokuzame7.jpg
オグロメジロザメ,Gray-reef shark,oguromejirozame4.jpg,サメ,"全長：190cm
分布：インド洋から太平洋
レア度：★★★☆☆
人気：★★★★☆

写真映え：★★★★☆

ドロップオフ周辺に群れで見られる。夜行性であり、泳ぎは早い。ダイバーに対して威嚇行動をすることが知られており、ダイバーが攻撃された例もある。",oguromejirozame7.jpg,oguromejirozame3.jpg
ペレスメジロザメ,Caribbean reef shark,peresmejirozame7.jpg,サメ,"全長：250cm
分布：大西洋。特にカリブ海に多い。
レア度：★★★★★
人気：★★★★★
写真映え：★★★★☆

サンゴ礁域を遊泳する。純絶滅危惧種。バハマでは餌付けによるエコツアーが催されている。",peresmejirozame5.jpg,peresmejirozame4.jpg
ミナミウシノシタ,Peacock sole,minamiushinoshita2.jpg,ササウシノシタ科,"全長：25cm
生息：サンゴ礁域の砂底に生息する。
分布：愛知県以南、インド洋から太平洋に分布する。
レア度：★★★☆☆
人気：★★★☆☆
撮り易さ：★★☆☆☆
猛毒の毒液を持つので注意が必要。",minamiushinoshita1.jpg,欠損
セミホウボウ,Helmut gurnards,semihoubou1.jpg,セミホウボウ科,"全長：38cm
生息：砂泥底に生息する。胸鰭を広げて、滑空するように泳ぐ。
分布：伊豆半島以南、インド洋から西太平洋に分布する。
レア度：★★★☆☆
人気：★★★★☆

撮り易さ：★★★☆☆
セミホウボウ科をカサゴ目とすることも多い。",semihoubou2.jpg,欠損
ボーンフィッシュ,Bonefish,bonefish2.jpg,ソトイワシ科,"全長：80cm
分布：大西洋、カリブ海
レア度：★★☆☆☆
人気：★★☆☆☆
写真映え：★★☆☆☆
釣りの対象魚として有名。浅い砂浜でも見られる。",bonefish1.jpg,欠損
スギ,Cobia,sugi4.jpg,スギ科,"全長：150cm
生息：大型種に随伴して遊泳する。
分布：世界中の温帯、熱帯の海に生息する。
レア度：★★★★☆

人気：★★☆☆☆
撮り易さ：★★★☆☆",sugi2.jpg,sugi3.jpg
ハイブリッド1,-,hybrid1-2.jpg,スズメダイ科,"全長：0cm
生息：枝サンゴの周囲に群生する。
分布：-
レア度：★★★★★
人気：★★★★☆

撮り易さ：★★☆☆☆
「フタスジリュウキュウスズメダイ」と「ミツボシクロスズメダイ」のハイブリッド",hybrid1-1.jpg,欠損
クマノミ,Clark's Anemonefish,kumanomi1.jpg,スズメダイ科,"全長：15cm
生息：岩礁帯のイソギンチャクと共生している。水深１０～５０
ｍ
分布：千葉県以南、インド洋から太平洋。
レア度：★☆☆☆☆
人気：★★★★☆

撮り易さ：★★★★☆

体に白い横帯が３本あるのが特徴である。体色はオレンジ色の個体が多いが、全身黒い個体から黄色い個体まで様々なものがいる。また、雄は尾びれ全体が黄色になることで区別できる。",kumanomi2.jpg,kumanomi12.jpg
ガリバルディ,Garibaldi,garibaldi4.jpg,スズメダイ科,"全長：30cm
分布：東部太平洋
レア度：★★★★☆

人気：★★★★☆

写真映え：★★★★☆

カリフォルニアを代表する魚、ガリバルディ。州の法律で保護されているほど。ケルプの森の中でとても目立つ魚。",garibaldi3.jpg,garibaldi2.jpg
スズメダイ,Pearl-spot chromis,suzumedai5.jpg,スズメダイ科,"全長：15cm
生息：岩礁域に群れで遊泳する。
分布：秋田県以南、東シナ海。
レア度：★☆☆☆☆
人気：★☆☆☆☆
撮り易さ：★★★☆☆",suzumedai7.jpg,suzumedai1.jpg
オヤビッチャ,Indo-Pacific sergeant,oyabiccha4.jpg,スズメダイ科,"全長：18cm
生息：浅いサンゴ礁、岩礁域。
分布：千葉県以南、西太平洋。
レア度：★☆☆☆☆
人気：★★☆☆☆
撮り易さ：★★★☆☆",oyabiccha3.jpg,oyabiccha2.jpg
ブラックスミス,Blacksmith,blacksmith1.jpg,スズメダイ科,"全長：10cm
分布：東部太平洋の温帯域
レア度：★★★★☆

人気：★★☆☆☆
写真映え：★★☆☆☆
割と地味な東太平洋のブラックスミス。カリフォルニアの海では２０ｃｍほどの個体が数百匹と群れていた。尾鰭の黒斑点が特徴的。釣りの対象にもなっているらしい。",blacksmith2.jpg,blacksmith3.jpg
ブルークロミス,Blue chromis,bluechromis3.jpg,スズメダイ科,"全長：8cm
分布：西部大西洋、カリブ海
レア度：★★★☆☆
人気：★★★☆☆
写真映え：★★★☆☆
背部と尾鰭の下縁、上縁が黒いのが特徴。",bluechromis2.jpg,bluechromis1.jpg
レイズダムゼル,Reid's　damsel,reidsdamsel1.jpg,スズメダイ科,"全長：12cm
生息：潮通しのよいサンゴ礁域
分布：インド洋から西部太平洋
レア度：★★★★☆

人気：★★★☆☆
撮り易さ：★★☆☆☆",欠損,欠損
ビューグレゴリー,Beaugregory,beaugregory1.jpg,スズメダイ科,"全長：10cm
分布：西部大西洋、カリブ海
レア度：★★★☆☆
人気：★★★★☆

写真映え：★★★★☆

成魚は緑から茶色の地味な色合いとなる。",欠損,欠損
ビューブランメル,Beaubrummel,beaubrummel3.jpg,スズメダイ科,"全長：10cm
分布：東部太平洋
レア度：★★★☆☆
人気：★★★★☆

写真映え：★★★★☆

小さいときは派手な色で大きくなると地味になるタイプのスズメダイ。鱗模様も鮮やか。",beaubrummel2.jpg,beaubrummel1.jpg
スズメダイ属の1種-1,Chromis SP.1,suzumedai1-1.jpg,スズメダイ科,"全長：-cm
生息：潮通しのよいサンゴ礁、岩礁域。
分布：西部太平洋
レア度：★★★★☆

人気：★★★☆☆
撮り易さ：★★☆☆☆
モンスズメダイやタソガレスズメダイに似るが、黄色部の模様が異なる。",欠損,欠損
オーバルクロミス,Oval chromis,ovalchromis1.jpg,スズメダイ科,"全長：15cm
分布：ハワイ固有種
レア度：★★★★☆

人気：★★★☆☆
写真映え：★★★☆☆
ハワイ固有のスズメダイ。色合いは青かったり、黒かったりとバリエーションに富む。ダイビングボートの直下の中層に多く群れていた。",ovalchromis2.jpg,欠損
ホワイトダムゼル,White damsel,whitedamsel1.jpg,スズメダイ科,"全長：20cm
生息：浅い砂底のあるサンゴ礁域。
分布：インドネシア、フィリピンからバヌアツまで。
レア度：★★★☆☆
人気：★★☆☆☆
撮り易さ：★★☆☆☆",whitedamsel2.jpg,欠損
モンスズメダイ,Paletail chromis,monsuzumedai1.jpg,スズメダイ科,"全長：15cm
生息：岩礁域を遊泳する。
分布：千葉県以南、西太平洋。
レア度：★★★☆☆
人気：★★☆☆☆
撮り易さ：★★★☆☆",欠損,欠損
アンボンクロミス,Ambon chromis,ambonchromis2.jpg,スズメダイ科,"全長：8cm
生息：サンゴ礁、岩礁域に生息する。水深
5～65m。
分布：インドネシアからミクロネシア。
レア度：★★★☆☆
人気：★★☆☆☆
撮り易さ：★★★☆☆",ambonchromis1.jpg,ambonchromis3.jpg
ハマクマノミ,Tomato Anemonefish,hamakumanomi12.jpg,スズメダイ科,"全長：13cm
生息：サンゴ礁のタマイタダキイソギンチャクと共生している。
分布：奄美大島以南、インドネシアからグレートバリアリーフまでの西太平洋
レア度：★★☆☆☆
人気：★★★☆☆
撮り易さ：★★★★☆

幼少期には白帯は２～３本あるが成魚では頭部の１本のみとなる。",hamakumanomi5.jpg,hamakumanomi11.jpg
ブラウンクロミス,Brown chromis,brownchromis2.jpg,スズメダイ科,"全長：10cm
分布：大西洋
レア度：★★★☆☆
人気：★★☆☆☆
写真映え：★★☆☆☆
尾鰭付け根の白斑と尾鰭の黒線で多種と区別できる。",brownchromis1.jpg,欠損
ルリスズメダイ,Blue demoiselle,rurisuzumedai3.jpg,スズメダイ科,"全長：7cm
生息：浅いサンゴ礁域。
分布：和歌山県以南、インド洋から西太平洋。
レア度：★★☆☆☆
人気：★★★☆☆
撮り易さ：★★☆☆☆",rurisuzumedai2.jpg,rurisuzumedai1.jpg
ヒメスズメダイ,Vanderbilt's chromis,himesuzumedai1.jpg,スズメダイ科,"全長：5cm
生息：サンゴ礁域に群れで遊泳する。
分布：三宅島以南、西太平洋。
レア度：★★★★☆

人気：★★★☆☆
撮り易さ：★★☆☆☆",himesuzumedai2.jpg,himesuzumedai3.jpg
マルスズメダイ,Ovate chromis,marusuzumedai4.jpg,スズメダイ科,"全長：10cm
分布：三宅島以南、西太平洋。
レア度：★★★☆☆
人気：★★☆☆☆
写真映え：★★☆☆☆
岩礁域の底層。",marusuzumedai5.jpg,marusuzumedai3.jpg
クロスズメダイ,Black damsel,kurosuzumedai1.jpg,スズメダイ科,"全長：16cm
生息：浅いサンゴ礁域。
分布：琉球列島、インド洋から太平洋。
レア度：★★★☆☆
人気：★★★★☆

撮り易さ：★★☆☆☆",kurosuzumedai3.jpg,kurosuzumedai2.jpg
スズメダイ科の1種-1,-,suzumedaika1-1.jpg,スズメダイ科,"全長：-cm
生息：-
分布：-
レア度：★★★★☆

人気：★★☆☆☆
撮り易さ：★★☆☆☆
婚姻色？",suzumedaika1-2.jpg,欠損
ネズスズメダイ,Gray demoiselle,nezusuzumedai1.jpg,スズメダイ科,"全長：5cm
生息：浅いサンゴ礁域
分布：八丈島以南、東アフリカから西太平洋。
レア度：★★★☆☆
人気：★★★☆☆
撮り易さ：★☆☆☆☆
生息水深は３ｍ以浅であり、シュノーケリングで見ることができる。",欠損,欠損
デバスズメダイ,Blue green damselfish,debasuzumedai6.jpg,スズメダイ科,"全長：8cm
生息：枝サンゴの周囲に群生する。
分布：奄美大島以南、西太平洋。
レア度：★★☆☆☆
人気：★★★★☆

撮り易さ：★★★☆☆",debasuzumedai7.jpg,debasuzumedai2.jpg
アオバスズメダイ,Black-axil chromis,aobasuzumedai1.jpg,スズメダイ科,"全長：10cm
生息：枝サンゴの周囲に群生する。
分布：奄美大島以南、西太平洋。
レア度：★★★☆☆
人気：★★☆☆☆
撮り易さ：★★★☆☆",欠損,欠損
ササスズメダイ,Scaly chromis,sasasuzumedai1.jpg,スズメダイ科,"全長：6cm
生息：岩礁域に小さな群れを形成する。
分布：伊豆諸島、琉球列島、東アフリカから太平洋
レア度：★★★☆☆
人気：★★☆☆☆
撮り易さ：★★☆☆☆",欠損,欠損
ナミスズメダイ,White-belly damsel,namisuzumedai4.jpg,スズメダイ科,"全長：12cm
生息：サンゴ礁域。
分布：琉球列島、インド洋から太平洋。
レア度：★★★☆☆
人気：★★☆☆☆
撮り易さ：★★★☆☆",namisuzumedai5.jpg,namisuzumedai3.jpg
サルファーダムゼル,Sulphur damsel,sulphurdamsel1.jpg,スズメダイ科,"全長：8cm
分布：紅海、西インド洋
レア度：★★★★☆

人気：★★★☆☆
写真映え：★★★☆☆
鮮やかな黄色のスズメダイ。胸鰭基底に黒斑を持つ。",sulphurdamsel2.jpg,欠損
ソラスズメダイ,Neon damselfish,sorasuzumedai1.jpg,スズメダイ科,"全長：8cm
生息：サンゴ礁、岩礁域に群れで生息する。
分布：千葉県・新潟県以南、西太平洋。
レア度：★☆☆☆☆
人気：★★★☆☆
撮り易さ：★★★☆☆",sorasuzumedai2.jpg,sorasuzumedai3.jpg
バイカラーダムゼル,Bicolor damsel,bicolordamsel1.jpg,スズメダイ科,"全長：8cm
分布：西部大西洋、カリブ海
レア度：★★★☆☆
人気：★★★☆☆
写真映え：★★★☆☆
バイカラーというより、黒白黄色のトリカラー。",bicolordamsel2.jpg,欠損
サージェントメジャー,Sergeant Major,sergeantmajor1.jpg,スズメダイ科,"全長：18cm
分布：カリブ海
レア度：★★★☆☆
人気：★★★☆☆
写真映え：★★★☆☆
カリブ海固有種。オヤビッチャやパナミックサージェントメジャーとは別種。",sergeantmajor2.jpg,欠損
デルタスズメダイ,Deep reef chromis,deltasuzumedai1.jpg,スズメダイ科,"全長：5cm
生息：岩礁域の底層。
分布：伊豆半島以南、西太平洋。
レア度：★★★★☆

人気：★★★☆☆
撮り易さ：★★★☆☆",deltasuzumedai2.jpg,deltasuzumedai3.jpg
オジロスズメダイ,Whitetail damsel,ojirosuzumedai1.jpg,スズメダイ科,"全長：10cm
生息：浅いサンゴ礁域。
分布：八丈島以南、インド洋から西太平洋。
レア度：★★☆☆☆
人気：★★☆☆☆
撮り易さ：★★☆☆☆",欠損,欠損
グアムリーフダムゼル,Guam reef-damsel,guamreefdamsel1.jpg,スズメダイ科,"全長：8cm
生息：サンゴ礁域の中底層。
分布：マリアナ諸島、西太平洋。
レア度：★★★★☆

人気：★★★☆☆
撮り易さ：★★☆☆☆",guamreefdamsel3.jpg,guamreefdamsel2.jpg
ホワイトフィンダムゼル,Whitefin damsel,whitefindamsel1.jpg,スズメダイ科,"全長：7cm
分布：紅海、西インド洋
レア度：★★★★☆

人気：★★☆☆☆
写真映え：★★☆☆☆
隠れる場所のあるサンゴ礁、岩礁域に生息する。",欠損,欠損
オナガスズメダイ,Allen's chromis,onagasuzumedai1.jpg,スズメダイ科,"全長：8cm
生息：サンゴ礁、岩礁域に生息する。水深
2～60m。
分布：伊豆諸島以南、琉球列島、台湾などに分布。
レア度：★★★☆☆
人気：★★☆☆☆
撮り易さ：★★☆☆☆
体色がやや茶色いことで近似種と区別できる。",onagasuzumedai2.jpg,onagasuzumedai3.jpg
ブルースポットダムゼル,Bluespot damsel,bluespotdamsel1.jpg,スズメダイ科,"全長：10cm
生息：サンゴ礁域。
分布：インドネシア、フィリピンなど。
レア度：★★★☆☆
人気：★★☆☆☆
撮り易さ：★★☆☆☆",欠損,欠損
ブルーバックダムゼル,Blueback damsel,bluebackdamsel2.jpg,スズメダイ科,"全長：12cm
生息：浅いサンゴ礁域。
分布：インド洋から西部太平洋
レア度：★★★★☆

人気：★★★☆☆
撮り易さ：★★☆☆☆",bluebackdamsel3.jpg,bluebackdamsel1.jpg
ペールテールダムゼル,Paletail damsel,paletaildamsel1.jpg,スズメダイ科,"全長：11cm
分布：紅海、西インド洋
レア度：★★★★☆

人気：★★☆☆☆
写真映え：★★☆☆☆
潮通しのよいサンゴ礁域に生息する。",欠損,欠損
トリスポットクロミス,Trispot chromis,trispotchromis1.jpg,スズメダイ科,"全長：6cm
分布：紅海
レア度：★★★★★
人気：★★☆☆☆
写真映え：★★☆☆☆
Triplespot
chromisとしている図鑑もあったけど、今回はより検索結果の多かったTrispotの名前を採用した。",欠損,欠損
リボンスズメダイ,Freshwater demoiselle,ribonsuzumedai2.jpg,スズメダイ科,"全長：8cm
生息：河口汽水域やマングローブ帯。
分布：琉球列島、インドから西太平洋。
レア度：★★★☆☆
人気：★★☆☆☆
撮り易さ：★★☆☆☆",ribonsuzumedai1.jpg,欠損
シマスズメダイ,Blackspot sergean,shimasuzumedai1.jpg,スズメダイ科,"全長：20cm
分布：西太平洋、紅海、インド洋
レア度：★★☆☆☆
人気：★★★☆☆
写真映え：★★★☆☆
ごく浅いサンゴ礁、岩礁域に生息する。",欠損,欠損
アマミスズメダイ,Stout chromis,amamisuzumedai3.jpg,スズメダイ科,"全長：18cm
生息：水深
20～30mの岩礁域を遊泳する。
分布：伊豆諸島以南、インドから西太平洋。
レア度：★★☆☆☆
人気：★★☆☆☆
撮り易さ：★★★☆☆",amamisuzumedai6.jpg,amamisuzumedai5.jpg
アサドスズメダイ,Scaly damsel,asadosuzumedai8.jpg,スズメダイ科,"全長：6cm
生息：浅いサンゴ礁域に群れで生息する。
分布：琉球列島、西太平洋。
レア度：★★☆☆☆
人気：★★★☆☆
撮り易さ：★★☆☆☆",asadosuzumedai7.jpg,asadosuzumedai5.jpg
カクレクマノミ,False crown Anemonefish,kakurekumanomi10.jpg,スズメダイ科,"全長：9cm
生息：サンゴ礁でハタゴイソギンチャクと共生する。水深
2～15m。
分布：南日本からフィリピン、インドネシア、西オーストラリアに分布。
レア度：★★★☆☆
人気：★★★★★
撮り易さ：★★★★☆
",kakurekumanomi9.jpg,kakurekumanomi5.jpg
トウアカクマノミ,Saddleback Anemonefish,touakakumanomi7.jpg,スズメダイ科,"全長：12cm
生息：砂地のイボハタゴイソギンチャクなどと共生する。
分布：インドネシアや西オーストラリアにかけての西太平洋。
レア度：★★★★☆

人気：★★★☆☆
撮り易さ：★★★☆☆
日本では沖縄以南に特に慶良間諸島に分布する。",touakakumanomi6.jpg,touakakumanomi5.jpg
イミテーターダムゼル,Imitator damsel,imitatordamsel1.jpg,スズメダイ科,"全長：8cm
生息：サンゴ礁域。
分布：ニューカレドニア
レア度：★★★★☆

人気：★★☆☆☆
撮り易さ：★★☆☆☆",imitatordamsel2.jpg,欠損
アルファスズメダイ,Yellow speckled chromis,alphasuzumedai3.jpg,スズメダイ科,"全長：10cm
生息：潮通しのよいサンゴ礁周囲。
分布：琉球半島、インド洋から太平洋。
レア度：★★★★☆

人気：★★★☆☆
撮り易さ：★★★☆☆",alphasuzumedai4.jpg,alphasuzumedai2.jpg
セジロクマノミ,Orange Anemonefish,sejirokumanomi1.jpg,スズメダイ科,"全長：12cm
生息：潮通しの良いサンゴ礁のシライトイソギンチャクやハタゴイソギン
チャクと共生する。水深
2～20m。
分布：インドネシアや西オーストラリアにかけての西太平洋。
日本では沖縄以南に分布する。
レア度：★★★☆☆
人気：★★★★☆

撮り易さ：★★★☆☆",sejirokumanomi5.jpg,sejirokumanomi6.jpg
レモンスズメダイ,King demoiselle,lemonsuzumedai4.jpg,スズメダイ科,"全長：6cm
生息：浅いサンゴ礁域。
分布：琉球列島、西太平洋。
レア度：★★☆☆☆
人気：★★★☆☆
撮り易さ：★★☆☆☆",lemonsuzumedai5.jpg,lemonsuzumedai1.jpg
チャコールダムゼル,Charcoal damsel,charcoaldamsel1.jpg,スズメダイ科,"全長：10cm
生息：サンゴ礁域。
分布：インドネシアからグレートバリアリーフ。
レア度：★★★☆☆
人気：★★☆☆☆
撮り易さ：★★☆☆☆",charcoaldamsel2.jpg,charcoaldamsel3.jpg
サウスシーズデビル,Southseas devil,southseasdevil2.jpg,スズメダイ科,"全長：6cm
生息：サンゴ礁、岩礁域に生息する。
分布：グレートバリアリーフからサモア、西部太平洋
レア度：★★★★☆

人気：★★★☆☆
撮り易さ：★★☆☆☆",southseasdevil3.jpg,southseasdevil4.jpg
ゴールドバックダムゼル,Goldback damsel,goldbackdamsel1.jpg,スズメダイ科,"全長：9cm
生息：浅いサンゴ礁域。
分布：フィリピンからパラオ、ニューギニア
レア度：★★★★☆

人気：★★★☆☆
撮り易さ：★★☆☆☆",欠損,欠損
アラビアンクロミス,Arabian chromis,arabianchromis1.jpg,スズメダイ科,"全長：7cm
分布：紅海、ペルシア湾
レア度：★★★★☆

人気：★★☆☆☆
写真映え：★★☆☆☆
浅いサンゴ礁域に生息する。紅海、ペルシア湾の固有種。",arabianchromis2.jpg,欠損
ハナダイダマシ,Fusilier damsel,hanadaidamashi3.jpg,スズメダイ科,"全長：5cm
生息：潮通しのよいサンゴ礁域
分布：琉球列島、東アフリカからインド洋、西太平洋に分布。
レア度：★★★☆☆
人気：★★★★☆

撮り易さ：★★★☆☆
ハナダイの仲間の群れに混じっていることが多い。",hanadaidamashi1.jpg,hanadaidamashi2.jpg
メガネスズメダイ,Speckled damsel,meganesuzumedai1.jpg,スズメダイ科,"全長：8cm
生息：サンゴ礁、岩礁域に生息する。
分布：和歌山県以南、西太平洋。
レア度：★★★☆☆
人気：★★★★☆

撮り易さ：★★☆☆☆
尾部が白いことでクロメガネスズメダイと区別できる。",meganesuzumedai2.jpg,欠損
カレハスズメダイ,Agile chromis,karehasuzumedai1.jpg,スズメダイ科,"全長：5cm
生息：サンゴ礁域を遊泳する。
分布：小笠原諸島。
レア度：★★★★★
人気：★★★☆☆
撮り易さ：★★★☆☆",karehasuzumedai2.jpg,karehasuzumedai3.jpg
セダカスズメダイ,Japanese gregory,sedakasuzumedai1.jpg,スズメダイ科,"全長：14cm
生息：サンゴ礁、岩礁域。
分布：千葉県以南、台湾。
レア度：★★★☆☆
人気：★★☆☆☆
撮り易さ：★★☆☆☆",欠損,欠損
マイリーズデモワゼル,Miry's demoiselle,mirysdemoiselle1.jpg,スズメダイ科,"全長：10cm
分布：紅海、オマーン湾
レア度：★★★★☆

人気：★★☆☆☆
写真映え：★★☆☆☆
浅いサンゴ礁、岩礁域に生息する。",欠損,欠損
スミレスズメダイ,Violet demoiselle,sumiresuzumedai2.jpg,スズメダイ科,"全長：7cm
生息：浅いサンゴ礁、岩礁域。
分布：インドネシア、フィリピンからバヌアツまで。
レア度：★★★★☆

人気：★★☆☆☆
撮り易さ：★★☆☆☆",sumiresuzumedai3.jpg,sumiresuzumedai4.jpg
ウェッジスポットダムゼル,Wedgespot damsel,wedgespotdamsel2.jpg,スズメダイ科,"全長：8cm
生息：内湾のサンゴ礁域
分布：タイ、インドネシアなどの西部太平洋
レア度：★★★★☆

人気：★★★☆☆
撮り易さ：★★☆☆☆",wedgespotdamsel3.jpg,wedgespotdamsel1.jpg
アオスジスズメダイ,Blueline demoiselle,aosujisuzumedai1.jpg,スズメダイ科,"全長：5cm
生息：サンゴ礁、岩礁域に生息する。水深
2～60m。
分布：琉球列島、西太平洋。
レア度：★★★★☆

人気：★★★★☆

撮り易さ：★★☆☆☆",aosujisuzumedai2.jpg,欠損
ミスジスズメダイ,Threeband demoiselle,misujisuzumedai3.jpg,スズメダイ科,"全長：6cm
生息：サンゴ礁、岩礁域に生息する。水深
2～60m。
分布：伊豆半島以南、西太平洋。
レア度：★★★☆☆
人気：★★☆☆☆
撮り易さ：★★★☆☆",misujisuzumedai4.jpg,misujisuzumedai1.jpg
アウターリーフダムゼル,Outer-reef damsel,outerreefdamsel1.jpg,スズメダイ科,"全長：10cm
生息：潮通しのよいサンゴ礁域
分布：パラオ、西部太平洋
レア度：★★★★☆

人気：★★★☆☆
撮り易さ：★★☆☆☆",欠損,欠損
オビキュラーダムゼル,Orbicular damsel,orbiculardamsel2.jpg,スズメダイ科,"全長：12cm
生息：サンゴ礁域。
分布：ニューカレドニア
レア度：★★★★☆

人気：★★★☆☆
撮り易さ：★★☆☆☆",orbiculardamsel1.jpg,欠損
ミヤケスズメダイ,Pearl-spot chromis,miyakesuzumedai1.jpg,スズメダイ科,"全長：15cm
生息：岩礁域に群れで遊泳する。
分布：伊豆半島、三宅島。
レア度：★★☆☆☆
人気：★☆☆☆☆
撮り易さ：★★★☆☆
スズメダイの地方亜種。",欠損,欠損
カザリスズメダイ,Barhead damsel,kazarisuzumedai1.jpg,スズメダイ科,"全長：10cm
生息：サンゴ礁、岩礁域に生息する。水深
15～45m。
分布：インドネシア、フィリピンからパラオ、ニューギニアまで。
レア度：★★★★☆

人気：★★★☆☆
撮り易さ：★★☆☆☆",欠損,欠損
ジャイアントダムセルフィッシュ,Giant damselfish,giantdamselfish2.jpg,スズメダイ科,"全長：30cm
分布：東部太平洋
レア度：★★★★☆

人気：★★★☆☆
写真映え：★★★☆☆
水深10m以浅の岩礁域にすむ。大型のスズメダイ。",giantdamselfish1.jpg,欠損
ココアダムゼルフィッシュ,Cocoa damselfish,cocoadamselfish1.jpg,スズメダイ科,"全長：10cm
分布：西部大西洋、カリブ海
レア度：★★★☆☆
人気：★★★★☆

写真映え：★★★★☆

色合いは珍しく、観賞魚として飼育されることもある。",cocoadamselfish2.jpg,欠損
サンシャインクロミス,Sunshine chromis,sunshinechromis1.jpg,スズメダイ科,"全長：15cm
分布：西部大西洋、カリブ海
レア度：★★★☆☆
人気：★★★☆☆
写真映え：★★★★☆

幼魚は鮮やかな青色と黄色の体色で美しい。",sunshinechromis2.jpg,欠損
ネッタイスズメダイ,Lemon damsel,nettaisuzumedai4.jpg,スズメダイ科,"全長：8cm
生息：サンゴ礁域。
分布：高知県、琉球列島、西太平洋。
レア度：★★☆☆☆
人気：★★☆☆☆
撮り易さ：★★☆☆☆",nettaisuzumedai5.jpg,nettaisuzumedai3.jpg
ブルーアクシルクロミス,Blue-axil chromis,blueaxilchromis1.jpg,スズメダイ科,"全長：5cm
生息：潮通しのよいサンゴ礁、岩礁域。
分布：インド洋から西部太平洋
レア度：★★★★☆

人気：★★★☆☆
撮り易さ：★★☆☆☆",欠損,欠損
バロウズダムゼル,Burrough's damsel,burroughsdamsel2.jpg,スズメダイ科,"全長：8cm
生息：浅いサンゴ礁域。
分布：インドネシア、フィリピンからパラオ、ニューギニアまで。
レア度：★★★☆☆
人気：★★☆☆☆
撮り易さ：★★☆☆☆",burroughsdamsel1.jpg,欠損
クジャクスズメダイ,Saphaire damsel,kujakusuzumedai2.jpg,スズメダイ科,"全長：12cm
生息：浅いサンゴ礁、岩礁域。
分布：琉球列島、東アフリカからインド洋、太平洋。
レア度：★★★☆☆
人気：★★★☆☆
撮り易さ：★★☆☆☆",kujakusuzumedai1.jpg,欠損
ハワイアングレゴリー,Hawaiian Gregory,hawaiiangregory1.jpg,スズメダイ科,"全長：12cm
分布：ハワイ固有種
レア度：★★★★☆

人気：★★☆☆☆
写真映え：★★☆☆☆
岩礁域の斜面に見られる。ハワイでは普通種。",欠損,欠損
コビトスズメダイ,Midget chromis,kobitosuzumedai2.jpg,スズメダイ科,"全長：5cm
生息：サンゴ礁域を遊泳する。
分布：小笠原諸島、慶良間諸島、西太平洋。
レア度：★★★★☆

人気：★★★☆☆
撮り易さ：★★☆☆☆",kobitosuzumedai3.jpg,kobitosuzumedai1.jpg
レッドシーダッシラス,Red Sea dascyllus,redseadascyllus1.jpg,スズメダイ科,"全長：6cm
分布：紅海
レア度：★★★★☆

人気：★★★☆☆
写真映え：★★★★☆

浅いサンゴ礁、岩礁域。",redseadascyllus2.jpg,欠損
ブラックスポットダムゼル,Blackspot damsel,blackspotdamsel1.jpg,スズメダイ科,"全長：12cm
生息：サンゴ礁、岩礁域。
分布：フィリピン、インドネシア。
レア度：★★★☆☆
人気：★★☆☆☆
撮り易さ：★★☆☆☆",blackspotdamsel2.jpg,欠損
ゴールドベリーダムゼル,Goldbelly damsel,goldbellydamsel2.jpg,スズメダイ科,"全長：6cm
分布：中西部太平洋
レア度：★★★☆☆
人気：★★★★☆

写真映え：★★★★★
ソラスズメダイより腹部の黄色部分が大きく明確。フィリピンやインドネシアでよく見られる。",goldbellydamsel1.jpg,欠損
コーラルデモワゼル,Coral demoiselle,coraldemoiselle3.jpg,スズメダイ科,"全長：6cm
生息：内湾の浅いサンゴ礁域。
分布：フィリピンからパヌアツ
レア度：★★★★☆

人気：★★★☆☆
撮り易さ：★★☆☆☆",coraldemoiselle2.jpg,coraldemoiselle1.jpg
コガネスズメダイ,White-caudal chromis,koganesuzumedai5.jpg,スズメダイ科,"全長：15cm
生息：岩礁域の底層。
分布：伊豆半島以南、西太平洋。
レア度：★★★☆☆
人気：★★★☆☆
撮り易さ：★★★☆☆",koganesuzumedai1.jpg,koganesuzumedai2.jpg
ホワイトレイズサージェント,Whitley's sergeant,whitleyssergeant1.jpg,スズメダイ科,"全長：14cm
生息：浅いサンゴ礁、岩礁域。
分布：グレートバリアリーフからニューカレドニア
レア度：★★★★☆

人気：★★★☆☆
撮り易さ：★★☆☆☆",欠損,欠損
クラカオスズメダイ,Staghorn damsel,kurakaosuzumedai3.jpg,スズメダイ科,"全長：12cm
生息：浅いサンゴ礁域。
分布：琉球列島、インド洋から太平洋。
レア度：★★☆☆☆
人気：★★☆☆☆
撮り易さ：★★★☆☆",kurakaosuzumedai7.jpg,kurakaosuzumedai4.jpg
ホワイトテールグレゴリー,Whitetail gregory,whitetailgregory1.jpg,スズメダイ科,"全長：14cm
分布：中西部太平洋
レア度：★★★☆☆
人気：★★☆☆☆
写真映え：★★☆☆☆
メキシコ沿岸やガラパゴス諸島でよく見られる。胸鰭先端の黄色と腹鰭、臀鰭縁の青色が特徴。サンゴ礁、岩礁域に生息する。",欠損,欠損
ダンダラスズメダイ,Honey-head damsel,dandarasuzumedai3.jpg,スズメダイ科,"全長：17cm
生息：浅いサンゴ礁域。
分布：琉球列島、西太平洋。
レア度：★★☆☆☆
人気：★★☆☆☆
撮り易さ：★★☆☆☆
この種の成魚は、よくダイバーに噛み付いてくる。",dandarasuzumedai4.jpg,dandarasuzumedai1.jpg
ハナビラクマノミ,Pink Anemonefish,hanabirakumanomi1.jpg,スズメダイ科,"全長：9cm
生息：潮通しの良いサンゴ礁のシライトイソギンチャクと共生する。
分布：インドネシアや西オーストラリアにかけての西太平洋。
日本では奄美大島以南に分布する。
レア度：★★★☆☆
人気：★★★★☆

撮り易さ：★★★☆☆
セジロクマノミに似ているが頭部に白色横帯で区別できる。",hanabirakumanomi2.jpg,hanabirakumanomi3.jpg
イワサキスズメダイ,Brighteye damselfish,iwasakisuzumedai1.jpg,スズメダイ科,"全長：6cm
分布：琉球半島、インド洋から太平洋。
レア度：★★★☆☆
人気：★★★☆☆
写真映え：★★★☆☆
水深1m程の浅瀬やタイドプールで見られることもある。英名にもある通り、猫目が輝く。",欠損,欠損
ハワイアンサージェント,Hawaiian Sergeant,hawaiiansergeant1.jpg,スズメダイ科,"全長：20cm
分布：ハワイ固有種
レア度：★★★★☆

人気：★★★☆☆
写真映え：★★★☆☆
ハワイにのみ分布するハワイアンサージェント。ハワイでのダイビングでは定番種。大きな群れを作っていたり、岩場で卵を守っていたりと、様々な姿を見せてくれる。",hawaiiansergeant3.jpg,hawaiiansergeant2.jpg
ダスキーアネモネフィッシュ,Dusky anemonefish,duskyanemonefish6.jpg,スズメダイ科,"全長：14cm
生息：岩礁帯のイソギンチャクと共生している。水深
2～10m。
分布：インドネシア、フィリピンからグレートバリアリーフ
レア度：★★★☆☆
人気：★★★☆☆
撮り易さ：★★★☆☆
ハマクマノミに似るが本種の方がより黒ずんだ体色をしている。レッドアンドブラックアネモネフィッシュの地理的色彩変異とされている。",duskyanemonefish5.jpg,duskyanemonefish3.jpg
ハクセンスズメダイ,Whiteband damsel,hakusensuzumedai2.jpg,スズメダイ科,"全長：10cm
生息：浅いサンゴ礁、岩礁域。
分布：千葉県以南、西太平洋。
レア度：★★★☆☆
人気：★★☆☆☆
撮り易さ：★★☆☆☆",hakusensuzumedai1.jpg,欠損
マツバスズメダイ,Smokey chromis,matsubasuzumedai1.jpg,スズメダイ科,"全長：12cm
生息：岩礁域の中底層。
分布：秋田県以南、東南アジアから西太平洋。
レア度：★★☆☆☆
人気：★★☆☆☆
撮り易さ：★★★☆☆",欠損,欠損
コルテスダムセルフィッシュ,Cortez damselfish,cortezdamselfish3.jpg,スズメダイ科,"全長：10cm
分布：東部太平洋
レア度：★★★☆☆
人気：★★☆☆☆
写真映え：★★★☆☆
幼魚は青色が鮮やかだが、成魚は黒ずんだ色をしている。",cortezdamselfish2.jpg,cortezdamselfish1.jpg
クロオビスズメダイ,Black-bar chromis,kuroobisuzumedai4.jpg,スズメダイ科,"全長：5cm
生息：潮通しのよいサンゴ礁周囲。
分布：琉球列島、西太平洋。
レア度：★★★☆☆
人気：★★★☆☆
撮り易さ：★★☆☆☆",kuroobisuzumedai5.jpg,kuroobisuzumedai1.jpg
シコクスズメダイ,Bicolor chromis,shikokusuzumedai1.jpg,スズメダイ科,"全長：8cm
生息：潮通しのよいサンゴ礁、岩礁域。
分布：千葉県以南、西太平洋。
レア度：★★☆☆☆
人気：★★★☆☆
撮り易さ：★★★☆☆",shikokusuzumedai6.jpg,shikokusuzumedai5.jpg
キホシスズメダイ,Yellow-spotted chromis,kihoshisuzumedai4.jpg,スズメダイ科,"全長：15cm
生息：岩礁域に群れで遊泳する。
分布：伊豆半島以南、西太平洋。
レア度：★★☆☆☆
人気：★★☆☆☆
撮り易さ：★★★☆☆",kihoshisuzumedai6.jpg,kihoshisuzumedai5.jpg
ロクセンスズメダイ,Scissortail sergeant,rokusensuzumedai3.jpg,スズメダイ科,"全長：18cm
生息：浅いサンゴ礁、岩礁域。
分布：伊豆半島以南、インド洋から太平洋。
レア度：★☆☆☆☆
人気：★★☆☆☆
撮り易さ：★★★☆☆",rokusensuzumedai5.jpg,rokusensuzumedai4.jpg
オキナワスズメダイ,Richardson's reef-damsel,okinawasuzumedai6.jpg,スズメダイ科,"全長：8cm
分布：琉球列島、インド洋から太平洋。
レア度：★★★☆☆
人気：★★★☆☆
写真映え：★★★☆☆
サンゴ礁域の中底層に群生する。",okinawasuzumedai7.jpg,okinawasuzumedai5.jpg
クロソラスズメダイ,Dasky gregory,kurosorasuzumedai1.jpg,スズメダイ科,"全長：10cm
生息：サンゴ礁域のガレ場
分布：奄美大島以南、東アフリカから西太平洋。
レア度：★★★☆☆
人気：★★☆☆☆
撮り易さ：★★☆☆☆",欠損,欠損
タカサゴスズメダイ,Weber's chromis,takasagosuzumedai2.jpg,スズメダイ科,"全長：12cm
分布：三宅島、琉球列島、紅海からインド洋、西太平洋に分布。
レア度：★★★☆☆
人気：★★☆☆☆
写真映え：★★☆☆☆
岩礁域に生息する。水深
3～20m。",takasagosuzumedai1.jpg,欠損
モンツキスズメダイ,Alexander's damsel,montsukisuzumedai2.jpg,スズメダイ科,"全長：8cm
生息：サンゴ礁域。水深
5-30mに分布。
分布：琉球列島、西太平洋。
レア度：★★★☆☆
人気：★★☆☆☆
撮り易さ：★★☆☆☆",montsukisuzumedai4.jpg,montsukisuzumedai1.jpg
ナガサキスズメダイ,Nagasaki damsel,nagasakisuzumedai6.jpg,スズメダイ科,"全長：12cm
生息：サンゴ礁、岩礁域に生息する。水深
2～60m。
分布：千葉県以南、西太平洋。
レア度：★★☆☆☆
人気：★★☆☆☆
撮り易さ：★★☆☆☆",nagasakisuzumedai5.jpg,nagasakisuzumedai3.jpg
カブラヤスズメダイ,Ternate chromis,kaburayasuzumedai3.jpg,スズメダイ科,"全長：9cm
生息：潮通しのよいサンゴ礁周囲。
分布：琉球列島、紅海からインド洋、西太平洋に分布。
レア度：★★★☆☆
人気：★★☆☆☆
撮り易さ：★★☆☆☆",kaburayasuzumedai4.jpg,kaburayasuzumedai2.jpg
トレイシーズデモワゼル,Tracey's demoiselle,traceysdemoiselle2.jpg,スズメダイ科,"全長：6cm
生息：サンゴ礁、岩礁域に生息する。水深
2～60m。
分布：フィリピンからミクロネシアの西太平洋。
レア度：★★★☆☆
人気：★★☆☆☆
撮り易さ：★★☆☆☆",traceysdemoiselle3.jpg,traceysdemoiselle1.jpg
イシガキスズメダイ,Blackbar damsel,ishigakisuzumedai3.jpg,スズメダイ科,"全長：10cm
生息：サンゴ礁域。
分布：和歌山県以南、インド洋から太平洋。
レア度：★★★☆☆
人気：★★★☆☆
撮り易さ：★★☆☆☆",ishigakisuzumedai2.jpg,ishigakisuzumedai1.jpg
イエローエッジクロミス,Yellow-edge chromis,yellowedgechromis1.jpg,スズメダイ科,"全長：13cm
分布：紅海、西インド洋
レア度：★★★☆☆
人気：★★☆☆☆
写真映え：★★☆☆☆
潮通しのよいサンゴ礁、岩礁域の斜面に群れを形成する。",欠損,欠損
ロングフィンダムゼル,Longfin Damselfish,longfindamselfish1.jpg,スズメダイ科,"全長：12cm
分布：西部大西洋、カリブ海
レア度：★★★☆☆
人気：★★★☆☆
写真映え：★★★☆☆
幼魚は黄色い体色に青線で美しい。",欠損,欠損
タルボットデモワゼル,Talbot's demoiselle,talbotsdemoiselle2.jpg,スズメダイ科,"全長：6cm
生息：浅いサンゴ礁、岩礁域。
分布：インドネシアからフィジー。
レア度：★★★☆☆
人気：★★★☆☆
撮り易さ：★★☆☆☆",talbotsdemoiselle1.jpg,talbotsdemoiselle3.jpg
ヒレナガスズメダイ,Yellowtail damsel,hirenagasuzumedai2.jpg,スズメダイ科,"全長：12cm
生息：サンゴ礁、岩礁域に生息する。水深
2～60m。
分布：高知県以南、インド洋から太平洋。
レア度：★★★☆☆
人気：★★★★☆

撮り易さ：★★☆☆☆",hirenagasuzumedai5.jpg,hirenagasuzumedai6.jpg
ヒレグロスズメダイ,Dark-fin chromis,hiregurosuzumedai1.jpg,スズメダイ科,"全長：10cm
生息：潮通しのよいサンゴ礁、岩礁域。
分布：三宅島以南、西太平洋。
レア度：★★★☆☆
人気：★★☆☆☆
撮り易さ：★★★☆☆",hiregurosuzumedai2.jpg,欠損
ヒマワリスズメダイ,Yellow chromis,himawarisuzumedai3.jpg,スズメダイ科,"全長：15cm
生息：岩礁域の底層。
分布：伊豆半島以南、西太平洋。
レア度：★★★☆☆
人気：★★★☆☆
撮り易さ：★★★☆☆",himawarisuzumedai1.jpg,himawarisuzumedai2.jpg
ヤマブキスズメダイ,Golden damsel,yamabukisuzumedai4.jpg,スズメダイ科,"全長：15cm
生息：サンゴ礁域。
分布：琉球列島、インド洋から太平洋。
レア度：★★☆☆☆
人気：★★★☆☆
撮り易さ：★★☆☆☆",yamabukisuzumedai2.jpg,yamabukisuzumedai1.jpg
レッドシーアネモネフィッシュ,Red sea anemonefish,redseaanemonefish6.jpg,スズメダイ科,"全長：14cm
分布：紅海
レア度：★★★★☆

人気：★★★★☆

写真映え：★★★★☆

ツーバンドアネモネフィッシュとも呼ばれている。岩礁帯のイソギンチャクと共生している。紅海固有種。",redseaanemonefish1.jpg,redseaanemonefish2.jpg
ルリホシスズメダイ,Jewel damsel,rurihoshisuzumedai4.jpg,スズメダイ科,"全長：12cm
生息：サンゴ礁域。
分布：琉球列島、インド洋から太平洋。
レア度：★★★☆☆
人気：★★★☆☆
撮り易さ：★★☆☆☆",rurihoshisuzumedai5.jpg,rurihoshisuzumedai6.jpg
クロリボンスズメダイ,Regal demoiselle,kuroribonsuzumedai3.jpg,スズメダイ科,"全長：8cm
生息：浅い砂底にある岩礁、サンゴ付近。
分布：宮古島以南、インドから西太平洋。
レア度：★★★☆☆
人気：★★☆☆☆
撮り易さ：★★☆☆☆",kuroribonsuzumedai1.jpg,kuroribonsuzumedai2.jpg
アツクチスズメダイ,Big-lip damsel,atsukuchisuzumedai1.jpg,スズメダイ科,"全長：8cm
生息：浅いサンゴ礁、岩礁域。
分布：インドネシア、フィリピンからバヌアツまで。
レア度：★★★☆☆
人気：★★☆☆☆
撮り易さ：★★☆☆☆",欠損,欠損
モルディブダムゼルフィッシュ,Maldives damselfish,maldivesdamselfish2.jpg,スズメダイ科,"全長：10cm
分布：紅海、インド洋
レア度：★★★★☆

人気：★★★☆☆
写真映え：★★★☆☆
ペイルダムゼルフィッシュなどほかの名前で呼ばれることも。",maldivesdamselfish1.jpg,欠損
ローランドデモワゼル,Rolland's demoiselle,rollandsdemoiselle1.jpg,スズメダイ科,"全長：5cm
生息：サンゴ礁域。
分布：南シナ海、西太平洋
レア度：★★★☆☆
人気：★★★☆☆
撮り易さ：★★☆☆☆",rollandsdemoiselle4.jpg,rollandsdemoiselle7.jpg
ヤノリボンスズメダイ,Silver demoiselle,yanoribonsuzumedai1.jpg,スズメダイ科,"全長：5cm
生息：浅いサンゴ礁、岩礁域。
分布：八重山諸島、西部太平洋
レア度：★★★★☆

人気：★★★☆☆
撮り易さ：★★☆☆☆",欠損,欠損
ハーフアンドハーフクロミス,Half-and-half chromis,halfandhalfchromis2.jpg,スズメダイ科,"全長：4cm
生息：潮通しのよいサンゴ礁周囲。
分布：グレートバリアリーフからニューカレドニア、西部太平洋
レア度：★★★★☆

人気：★★★☆☆
撮り易さ：★★★☆☆",halfandhalfchromis1.jpg,欠損
シチセンスズメダイ,Banded sergeant,shichisensuzumedai1.jpg,スズメダイ科,"全長：16cm
生息：浅いサンゴ礁、岩礁域。
分布：八丈島以南、東アフリカから西太平洋。
レア度：★★★☆☆
人気：★★☆☆☆
撮り易さ：★★☆☆☆",欠損,欠損
フチドリスズメダイ,Pacific gregory,fuchidorisuzumedai1.jpg,スズメダイ科,"全長：14cm
生息：浅いサンゴ礁域。
分布：小笠原諸島、琉球列島、西太平洋。
レア度：★★★★☆

人気：★★☆☆☆
撮り易さ：★★☆☆☆",欠損,欠損
イチモンスズメダイ,Onespot demoiselle,ichimonjisuzumedai2.jpg,スズメダイ科,"全長：8cm
分布：西太平洋、紅海、インド洋
レア度：★★★☆☆
人気：★★★☆☆
写真映え：★★★☆☆
水深３ｍ以浅の沿岸に生息する。",ichimonjisuzumedai1.jpg,ichimonjisuzumedai3.jpg
スプリンガーズデモワゼル,Springer's demoiselle,springersdemoiselle3.jpg,スズメダイ科,"全長：6cm
生息：浅いサンゴ礁、岩礁域。
分布：インドネシア、フィリピンなど。
レア度：★★★★☆

人気：★★★☆☆
撮り易さ：★★☆☆☆",springersdemoiselle2.jpg,springersdemoiselle1.jpg
ニセネッタイスズメダイ,Ambon damsel,nisenettaisuzumedai1.jpg,スズメダイ科,"全長：9cm
生息：サンゴ礁域。
分布：琉球列島、西太平洋。
レア度：★★★☆☆
人気：★★☆☆☆
撮り易さ：★★☆☆☆",nisenettaisuzumedai2.jpg,nisenettaisuzumedai3.jpg
チョコレートディップクロミス,Chocolatedip chromis,chocolatedipchromis1.jpg,スズメダイ科,"全長：6cm
分布：紅海、インド洋
レア度：★★★★☆

人気：★★★☆☆
写真映え：★★★☆☆
シコクスズメダイやハーフアンドハーフクロミスに似ていて、撮影地情報が無いと区別するのは難しい。",欠損,欠損
クロメガネスズメダイ,Princess damsel,kuromeganesuzumedai1.jpg,スズメダイ科,"全長：8cm
生息：サンゴ礁域。
分布：三宅島以南、西太平洋。
レア度：★★★☆☆
人気：★★★★☆

撮り易さ：★★☆☆☆
尾部が白くない事でメガネスズメダイと区別できる。",kuromeganesuzumedai2.jpg,kuromeganesuzumedai9.jpg
フィリピンスズメダイ,Philippine damsel,philippinesuzumedai1.jpg,スズメダイ科,"全長：12cm
生息：浅いサンゴ礁域。
分布：琉球列島、西太平洋。
レア度：★★☆☆☆
人気：★★☆☆☆
撮り易さ：★★☆☆☆",philippinesuzumedai6.jpg,philippinesuzumedai4.jpg
スリースポットダムゼルフィッシュ,Threespot damselfish,threespotdamselfish1.jpg,スズメダイ科,"全長：12cm
分布：西部大西洋、カリブ海
レア度：★★★☆☆
人気：★★★★☆

写真映え：★★★★☆

幼魚は黄色が鮮やかで、成魚は黒ずんだ色をしている。",threespotdamselfish2.jpg,threespotdamselfish3.jpg
セナキルリスズメダイ,Starck's demoiselle,senakirurisuzumedai6.jpg,スズメダイ科,"全長：8cm
生息：サンゴ礁、岩礁域に生息する。水深
2～60m。
分布：伊豆半島以南、西太平洋。
レア度：★★★★☆

人気：★★★★☆

撮り易さ：★★☆☆☆",senakirurisuzumedai5.jpg,senakirurisuzumedai3.jpg
ブルーアンドイエロークロミス,Blue and yellow chromis,blueandyellowchromis1.jpg,スズメダイ科,"全長：10cm
分布：東部太平洋
レア度：★★★☆☆
人気：★★★☆☆
写真映え：★★★☆☆
コルテス海に多く見られた。１０ｃｍほどの成体でも青と黄色が鮮やか。写真も撮りやすい。",blueandyellowchromis2.jpg,blueandyellowchromis3.jpg
ニセクラカオスズメダイ,Ternate damsel,nisekurakaosuzumedai2.jpg,スズメダイ科,"全長：12cm
生息：浅いサンゴ礁域。
分布：琉球列島、西部太平洋。
レア度：★★★☆☆
人気：★★☆☆☆
撮り易さ：★★☆☆☆",nisekurakaosuzumedai1.jpg,欠損
パナミックサージェントメジャー,Panamic Sergeant Major,panamicsergeantmajor1.jpg,スズメダイ科,"全長：18cm
分布：東部太平洋
レア度：★★★☆☆
人気：★★★☆☆
写真映え：★★★☆☆
オヤビッチャに似ているが、本種は黒帯の位置が若干異なる。",欠損,欠損
オレンジフィンアネモネフィッシュ,Orange-finned anemonefish,orangefinanemonefish1.jpg,スズメダイ科,"全長：16cm
生息：岩礁帯のイソギンチャクと共生している。水深
2～20m。
分布：ミクロネシアやグレートバリアリーフなど。
レア度：★★★☆☆
人気：★★★☆☆
撮り易さ：★★★☆☆
クマノミに似るが本種は黄色いヒレと細い白帯が特徴である。",orangefinanemonefish2.jpg,orangefinanemonefish3.jpg
イエローテイルダムゼルフィッシュ,Yellowtail damselfish,yellowtaildamselfish2.jpg,スズメダイ科,"全長：18cm
分布：西大西洋、カリブ海
レア度：★★★☆☆
人気：★★★★☆

写真映え：★★★★☆

水深10m以浅の岩礁域にすむ。",yellowtaildamselfish1.jpg,欠損
ミヤコキセンスズメダイ,Surge demoiselle,miyakokisensuzumedai4.jpg,スズメダイ科,"全長：7cm
生息：浅いサンゴ礁、岩礁域。
分布：千葉県以南、インドから西太平洋。
レア度：★★★☆☆
人気：★★★★☆

撮り易さ：★★☆☆☆",miyakokisensuzumedai2.jpg,miyakokisensuzumedai1.jpg
イエローサイドダムゼルフィッシュ,Yellow-side Damselfish,yellowsidedamselfish1.jpg,スズメダイ科,"全長：10cm
分布：紅海、アデン湾
レア度：★★★★☆

人気：★★★☆☆
写真映え：★★★☆☆
隠れる場所のあるサンゴ礁域に生息する。",欠損,欠損
シリキルリスズメダイ,Goldtail demoiselle,shirikirurisuzumedai3.jpg,スズメダイ科,"全長：7cm
分布：琉球列島、西太平洋。
レア度：★★★☆☆
人気：★★★☆☆
写真映え：★★★☆☆
枝サンゴの周囲。",shirikirurisuzumedai2.jpg,shirikirurisuzumedai1.jpg
ハワイアンバイカラークロミス,Hawaian bicolor chromis,hawaianbicolorchromis1.jpg,スズメダイ科,"全長：6cm
分布：ハワイ固有種
レア度：★★★★☆

人気：★★★☆☆
写真映え：★★★☆☆
ハワイ固有種のスズメダイ。ハワイでは頻繁に見られる。",欠損,欠損
シザーテールクロミス,Scissortail damselfish,scissortaildamselfish1.jpg,スズメダイ科,"全長：6cm
分布：東部太平洋
レア度：★★★☆☆
人気：★★☆☆☆
写真映え：★★☆☆☆
コルテス海では多くが群れていた。",scissortaildamselfish2.jpg,欠損
ニセモンツキスズメダイ,Blackmargined damsel,nisemontsukisuzumedai1.jpg,スズメダイ科,"全長：8cm
生息：サンゴ礁域。
分布：琉球列島、西太平洋。
レア度：★★★☆☆
人気：★★☆☆☆
撮り易さ：★★☆☆☆",nisemontsukisuzumedai2.jpg,nisemontsukisuzumedai4.jpg
スパインチークアネモネフィッシュ,Spinecheek anemonefish,spinecheekanemonefish2.jpg,スズメダイ科,"全長：16cm
生息：岩礁帯のイソギンチャクと共生している。水深
2～18m。
分布：インドネシア、フィリピンからバヌアツまで。日本には生息していない。
レア度：★★★☆☆
人気：★★★★☆

撮り易さ：★★★☆☆",spinecheekanemonefish3.jpg,spinecheekanemonefish4.jpg
ブラックバンデッドデモワゼル,Black-banded demoiselle,blackbandeddemoiselle1.jpg,スズメダイ科,"全長：6cm
生息：浅いサンゴ礁、砂礫域。
分布：静岡県以南、西太平洋に分布する。
レア度：★★★★☆

人気：★★★☆☆
撮り易さ：★★☆☆☆",欠損,欠損
バリアリーフアネモネフィッシュ,Barrierreef anemonefish,barrierreefanemonefish2.jpg,スズメダイ科,"全長：9cm
生息：岩礁帯のイソギンチャクと共生している。
分布：グレートバリアリーフ、ニューカレドニア
レア度：★★★★☆

人気：★★★☆☆
撮り易さ：★★★☆☆",barrierreefanemonefish3.jpg,barrierreefanemonefish1.jpg
レッドアンドブラックアネモネフィッシュ,Red-and-black anemonefish,redandblackanemonefish2.jpg,スズメダイ科,"全長：14cm
生息：岩礁帯のイソギンチャクと共生している。水深
2～10m。
分布：インドネシア、フィリピンからグレートバリアリーフ
レア度：★★★☆☆
人気：★★★☆☆
撮り易さ：★★★☆☆
ダスキーアネモネフィッシュの地理的色彩変異とされている。",redandblackanemonefish1.jpg,欠損
ミツボシクロスズメダイ,Threespot dascyllus,mitsuboshikurosuzumedai1.jpg,スズメダイ科,"全長：15cm
生息：岩礁域の底層。イソギンチャクと共生する。
分布：伊豆半島以南、西太平洋。
レア度：★★☆☆☆
人気：★★★☆☆
撮り易さ：★★★☆☆",mitsuboshikurosuzumedai7.jpg,mitsuboshikurosuzumedai6.jpg
ルリメイシガキスズメダイ,Johnston damsel,rurimeishigakisuzumedai1.jpg,スズメダイ科,"全長：10cm
生息：サンゴ礁域。
分布：琉球列島、インド洋から太平洋。
レア度：★★★☆☆
人気：★★★☆☆
撮り易さ：★★☆☆☆",rurimeishigakisuzumedai3.jpg,rurimeishigakisuzumedai2.jpg
ミスジリュウキュウスズメダイ,Whitetail dascyllus,misujiryuukyuusuzumedai4.jpg,スズメダイ科,"全長：8cm
生息：枝サンゴの周囲に群生する。
分布：和歌山県以南、インド洋から太平洋。
レア度：★★☆☆☆
人気：★★★☆☆
撮り易さ：★★★☆☆",misujiryuukyuusuzumedai3.jpg,misujiryuukyuusuzumedai1.jpg
フタスジリュウキュウスズメダイ,Reticulate dascyllus,futasujiryuukyuusuzumedai6.jpg,スズメダイ科,"全長：8cm
生息：枝サンゴの周囲に群生する。
分布：伊豆半島以南、インド洋から太平洋。
レア度：★★☆☆☆
人気：★★★☆☆
撮り易さ：★★★☆☆",futasujiryuukyuusuzumedai1.jpg,futasujiryuukyuusuzumedai5.jpg
マダイ,Red seabream,madai1.jpg,タイ科,"全長：100cm
生息：岩礁域や砂礫底域
分布：日本各地、東シナ海、南シナ海など
レア度：★★☆☆☆
人気：★★★☆☆
撮り易さ：★★★☆☆
日本では、魚の王様として古来より重宝されてきた魚である。",madai2.jpg,madai3.jpg
クロダイ,Japanese black porgy,kurodai3.jpg,タイ科,"全長：60cm
生息：内湾や河口、浅い岩礁域、砂底域
分布：北海道から九州、朝鮮半島など
レア度：★★★☆☆
人気：★★★☆☆
撮り易さ：★★★☆☆
釣りの対象魚としておなじみのクロダイ。釣るよりダイビングで見る方が簡単かも。",kurodai1.jpg,kurodai2.jpg
ソーサーアイポーギー,Saucereye porgy,saucereyeporgy1.jpg,タイ科,"全長：35cm
生息：岩礁域や砂礫底域
分布：カリブ海、西大西洋
レア度：★★★☆☆
人気：★★★☆☆
撮り易さ：★★★☆☆",欠損,欠損
タカベ,Yellowstriped knifefish,takabe3.jpg,タカベ科,"全長：25cm
生息：沿岸の岩礁域に生息する。
分布：千葉県から九州に分布する。
レア度：★★★☆☆
人気：★★★☆☆
撮り易さ：★★☆☆☆",takabe2.jpg,takabe1.jpg
ミギマキ,Redlip morwong,migimaki5.jpg,タカノホダイ科,"全長：35cm
生息：沿岸の岩礁帯に生息する。
分布：相模湾以南の南日本に分布する。
レア度：★★☆☆☆
人気：★★☆☆☆
撮り易さ：★★★☆☆",migimaki1.jpg,migimaki4.jpg
タカノハダイ,Spottedtail morwong,takanohadai4.jpg,タカノホダイ科,"全長：45cm
生息：沿岸の岩礁帯に生息する。
分布：関東以南の南日本、東シナ海、黄海に分布する。
レア度：★★☆☆☆
人気：★★☆☆☆
撮り易さ：★★★☆☆",takanohadai1.jpg,takanohadai3.jpg
タカサゴ,Double-lined fusilier,takasago1.jpg,タカサゴ科,"全長：30cm
生息：沿岸の岩礁、サンゴ礁周辺
分布：奄美大島以南、インドから西太平洋
レア度：★★☆☆☆
人気：★★★☆☆
撮り易さ：★★☆☆☆
沖縄県の県魚に指定されている。",欠損,欠損
ササムロ,Scissortail fusilier,sasamuro2.jpg,タカサゴ科,"全長：35cm
生息：沿岸の岩礁、サンゴ礁周辺に大きな群れを形成する。
分布：奄美大島以南、インドから西太平洋
レア度：★★☆☆☆
人気：★★☆☆☆
撮り易さ：★★☆☆☆",sasamuro3.jpg,sasamuro5.jpg
ユメウメイロ,Yellowtail fusilier,yumeumeiro2.jpg,タカサゴ科,"全長：35cm
生息：沿岸の岩礁、サンゴ礁周辺に大きな群れを形成する。
分布：奄美大島以南、インドから西太平洋
レア度：★★☆☆☆
人気：★★☆☆☆
撮り易さ：★★☆☆☆",yumeumeiro1.jpg,yumeumeiro3.jpg
ハナタカサゴ,Lunar fusilier,hanatakasago1.jpg,タカサゴ科,"全長：35cm
生息：沿岸の岩礁、サンゴ礁周辺に大きな群れを形成する。
分布：琉球列島以南、インドから西太平洋
レア度：★★★★☆

人気：★★☆☆☆
撮り易さ：★★☆☆☆",欠損,欠損
ニセタカサゴ,Twinstripe fusilier,nisetakasago2.jpg,タカサゴ科,"全長：30cm
生息：沿岸の岩礁、サンゴ礁周辺
分布：高知県以南、インド洋から太平洋域。
レア度：★★☆☆☆
人気：★★☆☆☆
撮り易さ：★★☆☆☆",nisetakasago3.jpg,nisetakasago1.jpg
ウメイロモドキ,Blue and yellow fusilier,umeiromodoki4.jpg,タカサゴ科,"全長：35cm
生息：沿岸の岩礁、サンゴ礁周辺に大きな群れを形成する。
分布：琉球列島以南、インド洋、西太平洋域
レア度：★★☆☆☆
人気：★★☆☆☆
撮り易さ：★★☆☆☆",umeiromodoki3.jpg,umeiromodoki1.jpg
イッセンタカサゴ,Threestripe fusilier,issentakasago2.jpg,タカサゴ科,"全長：15cm
生息：沿岸の岩礁、サンゴ礁周辺
分布：琉球列島以南、西太平洋域
レア度：★★☆☆☆
人気：★★☆☆☆
撮り易さ：★★☆☆☆",issentakasago1.jpg,欠損
バナナフュージラー,Banana fusilier,bananafusilier2.jpg,タカサゴ科,"全長：21cm
生息：沿岸の岩礁、サンゴ礁周辺に大きな群れを形成する。
分布：東アフリカからフィリピン、オーストラリア、フィジーに分布する。
レア度：★★★☆☆
人気：★★☆☆☆
撮り易さ：★★☆☆☆",bananafusilier3.jpg,bananafusilier1.jpg
クマザサハナムロ,Bluestreak fusilier,kumazasahanamuro7.jpg,タカサゴ科,"全長：30cm
生息：沿岸の岩礁、サンゴ礁周辺に大きな群れを形成する。
分布：南日本、インド洋から太平洋域。
レア度：★☆☆☆☆
人気：★★☆☆☆
撮り易さ：★★☆☆☆",kumazasahanamuro4.jpg,kumazasahanamuro5.jpg
イエローダッシュフュージラー,Yellow-dash fusilier,yellowdashfusilier1.jpg,タカサゴ科,"全長：25cm
生息：沿岸の岩礁、サンゴ礁周辺に大きな群れを形成する。
分布：インドネシア、フィリピンに分布する。
レア度：★★★☆☆
人気：★★☆☆☆
撮り易さ：★★☆☆☆",欠損,欠損
イエローバンドフュージラー,Yellowband fusilier,yellowbandfusilier1.jpg,タカサゴ科,"全長：21cm
生息：沿岸の岩礁、サンゴ礁周辺に大きな群れを形成する。
分布：インドネシア、フィリピンからオーストラリアに分布する。
レア度：★★★★☆

人気：★★☆☆☆
撮り易さ：★★☆☆☆",yellowbandfusilier3.jpg,yellowbandfusilier2.jpg
イエローバックフュージラー,Yellowback fusilier,yellowbackfusilier2.jpg,タカサゴ科,"全長：40cm
生息：沿岸の岩礁、サンゴ礁周辺に大きな群れを形成する。
分布：東アフリカからインドネシア
レア度：★★★☆☆
人気：★★☆☆☆
撮り易さ：★★☆☆☆",yellowbackfusilier1.jpg,欠損
ナローストライプフュージラー,Narrowstripre fusilier,narrowstriprefusilier1.jpg,タカサゴ科,"全長：25cm
生息：沿岸の岩礁、サンゴ礁周辺に大きな群れを形成する。
分布：インドからフィリピン、パラオ、バヌアツに分布する。
レア度：★★★☆☆
人気：★★☆☆☆
撮り易さ：★★☆☆☆",欠損,欠損
ツバメタナバタウオ,Randall's devilfish,tsubametanabatauo2.jpg,タナバタウオ科,"全長：5cm
生息：サンゴ礁のドロップオフの窪みや岩穴の中などに生息する。
分布：奄美大島以南の西太平洋に分布する。
レア度：★★★★☆

人気：★★★★☆

撮り易さ：★★★☆☆
腹部を上にして泳いでいることが多い。",tsubametanabatauo1.jpg,欠損
ネンブツダイ,Half-lined cardinalfish,nenbutsudai4.jpg,テンジクダイ科,"全長：11cm
生息：岩礁周辺に群れで生息する。
分布：本州以南、台湾、フィリピンに分布。
レア度：★☆☆☆☆
人気：★★☆☆☆
撮り易さ：★★★☆☆",nenbutsudai5.jpg,nenbutsudai1.jpg
ヤライイシモチ,Fivelined cardinalfish,yaraiishimochi1.jpg,テンジクダイ科,"全長：9cm
生息：サンゴ礁や岩礁に生息する。
分布：和歌山県以南、紅海、インド洋から西部太平洋に分布。
レア度：★★☆☆☆
人気：★★☆☆☆
撮り易さ：★★★☆☆",yaraiishimochi2.jpg,yaraiishimochi3.jpg
パンダイシモチ,Bigeye cardinalfish,pandaishimochi1.jpg,テンジクダイ科,"全長：10cm
生息：サンゴ礁域に生息する。
分布：琉球列島、インド、太平洋域に分布。
レア度：★★★★☆

人気：★★☆☆☆
撮り易さ：★★★☆☆",欠損,欠損
ヒラテンジクダイ,Split-banded cardinalfish,hiratenjikudai3.jpg,テンジクダイ科,"全長：9cm
生息：サンゴ礁域に生息する。
分布：琉球列島、太平洋域に分布。
レア度：★★★☆☆
人気：★★☆☆☆
撮り易さ：★★★☆☆",hiratenjikudai2.jpg,hiratenjikudai1.jpg
ネオンテンジクダイ,Red-spot cardinalfish,neontenjikudai1.jpg,テンジクダイ科,"全長：4cm
生息：サンゴ礁や岩礁に生息する。
分布：奄美大島以南、フィリピンに分布。
レア度：★★★☆☆
人気：★★★☆☆
撮り易さ：★★★☆☆",neontenjikudai2.jpg,欠損
オオスジイシモチ,Fourstriped cardinafish,oosujiishimochi5.jpg,テンジクダイ科,"全長：11cm
生息：浅瀬の岩礁域に生息する。
分布：千葉県以南、西部太平洋に分布。
レア度：★★☆☆☆
人気：★★☆☆☆
撮り易さ：★★★☆☆",oosujiishimochi4.jpg,oosujiishimochi3.jpg
コスジイシモチ,Elevanbanded cardinafish,kosujiishimochi2.jpg,テンジクダイ科,"全長：11cm
生息：浅瀬の岩礁域に生息する。
分布：千葉県以南、西部太平洋に分布。
レア度：★★☆☆☆
人気：★★☆☆☆
撮り易さ：★★★☆☆",kosujiishimochi1.jpg,kosujiishimochi3.jpg
マンジュウイシモチ,Pajama cardinalfish,manjuuishimochi4.jpg,テンジクダイ科,"全長：8cm
生息：礁池内の枝サンゴに生息する。
分布：奄美大島以南、インド洋から西太平洋に分布。
レア度：★★★☆☆
人気：★★★★☆

撮り易さ：★★★☆☆",manjuuishimochi5.jpg,manjuuishimochi1.jpg
ミヤコイシモチ,Frostfin cardinalfish,miyakoishimochi2.jpg,テンジクダイ科,"全長：6cm
生息：サンゴ礁や岩礁に生息する。
分布：琉球列島、西部太平洋に分布。
レア度：★★★☆☆
人気：★★☆☆☆
撮り易さ：★★★☆☆",miyakoishimochi3.jpg,miyakoishimochi5.jpg
ユカタイシモチ,Narrowstripe cardinalfish,yukataishimochi1.jpg,テンジクダイ科,"全長：7cm
生息：サンゴ礁や岩礁に生息する。
分布：琉球列島、太平洋域に分布。
レア度：★★★☆☆
人気：★★☆☆☆
撮り易さ：★★★☆☆",欠損,欠損
キンセンイシモチ,Goldstriped cardinafish,kinsenishimochi2.jpg,テンジクダイ科,"全長：6cm
生息：サンゴ礁や岩礁に生息する。
分布：千葉県以南、紅海、インド洋から西部太平洋に分布。
レア度：★★☆☆☆
人気：★★☆☆☆
撮り易さ：★★★☆☆",kinsenishimochi1.jpg,欠損
サンギルイシモチ,Sangi cardinalfish,sangiruishimochi1.jpg,テンジクダイ科,"全長：7cm
生息：内湾の枝サンゴに生息する。
分布：奄美大島以南、西太平洋に分布。
レア度：★★★☆☆
人気：★★★☆☆
撮り易さ：★★★☆☆",sangiruishimochi2.jpg,sangiruishimochi3.jpg
アオスジテンジクダイ,Ring-tailed cardinalfish,aosujitenjikudai2.jpg,テンジクダイ科,"全長：11cm
生息：浅瀬の岩礁域に生息する。
分布：静岡県以南、インド、太平洋域に分布。
レア度：★★☆☆☆
人気：★★☆☆☆
撮り易さ：★★★☆☆",aosujitenjikudai1.jpg,欠損
アトヒキテンジクダイ,Shimmering cardinal,atohikitenjikudai2.jpg,テンジクダイ科,"全長：7cm
生息：サンゴ礁域に生息する。
分布：琉球列島、西部太平洋に分布。
レア度：★★★☆☆
人気：★★☆☆☆
撮り易さ：★★★☆☆",atohikitenjikudai1.jpg,欠損
ヒトスジイシモチ,Bridled cardinalfish,hitosujiishimochi1.jpg,テンジクダイ科,"全長：8cm
生息：サンゴ礁や岩礁に生息する。
分布：琉球列島、インド、太平洋域に分布。
レア度：★★★☆☆
人気：★★☆☆☆
撮り易さ：★★★☆☆",hitosujiishimochi2.jpg,hitosujiishimochi3.jpg
フタスジイシモチ,-,futasujiishimochi1.jpg,テンジクダイ科,"全長：9cm
生息：砂底質の岩礁周辺に生息する。
分布：静岡県以南、西太平洋域に分布。
レア度：★★☆☆☆
人気：★★☆☆☆
撮り易さ：★★★☆☆",futasujiishimochi2.jpg,欠損
イトヒキテンジクダイ,Threadfin cardinafish,itohikitenjikudai4.jpg,テンジクダイ科,"全長：6cm
生息：サンゴ礁域に生息する。
分布：琉球列島、インド、太平洋域に分布。
レア度：★★★☆☆
人気：★★☆☆☆
撮り易さ：★★★☆☆",itohikitenjikudai3.jpg,itohikitenjikudai1.jpg
スカシテンジクダイ,Luminous cardinalfish,sukashitenjikudai1.jpg,テンジクダイ科,"全長：6cm
生息：サンゴ礁や岩礁に群れで生息する。
分布：和歌山県以南、インド洋から西部太平洋に分布。
レア度：★★☆☆☆
人気：★★★☆☆
撮り易さ：★★★☆☆",sukashitenjikudai2.jpg,sukashitenjikudai3.jpg
ウスモモテンジクダイ,Fragile cardinalfish,usumomotenjikudai3.jpg,テンジクダイ科,"全長：5cm
生息：サンゴ礁域に生息する。
分布：琉球列島、インド、太平洋域に分布。
レア度：★★★☆☆
人気：★★☆☆☆
撮り易さ：★★★☆☆",usumomotenjikudai2.jpg,usumomotenjikudai1.jpg
イエローカーディナルフィッシュ,Yellow cardinalfish,yellowcardinalfish3.jpg,テンジクダイ科,"全長：5cm
生息：サンゴ礁域に生息する。
分布：小笠原諸島、西太平洋に分布する。
レア度：★★★☆☆
人気：★★☆☆☆
撮り易さ：★★★☆☆",yellowcardinalfish2.jpg,yellowcardinalfish1.jpg
クロホシイシモチ,Blackspotted cardinafish,kurohoshiishimochi4.jpg,テンジクダイ科,"全長：10cm
生息：岩礁周辺に群れで生息する。
分布：本州以南、台湾、フィリピンに分布。
レア度：★★☆☆☆
人気：★★☆☆☆
撮り易さ：★★★☆☆",kurohoshiishimochi5.jpg,kurohoshiishimochi1.jpg
マジマクロイシモチ,Striped siphonfish,majimakuroishimochi1.jpg,テンジクダイ科,"全長：2cm
生息：サンゴ礁域のガンガゼ類に共生する。
分布：高知県以南の南日本、西部太平洋
レア度：★★★★☆

人気：★★☆☆☆
撮り易さ：★★☆☆☆",欠損,欠損
アレンズカーディナルフィッシュ,Allen's carodinalfish,allenscarodinalfish2.jpg,テンジクダイ科,"全長：12cm
生息：サンゴ礁域に生息する。
分布：インドネシアからパプアニューギニアまでの西太平洋に分布。
レア度：★★★☆☆
人気：★★☆☆☆
撮り易さ：★★★☆☆",allenscarodinalfish1.jpg,allenscarodinalfish3.jpg
スカシテンジクダイ属の1種-3,-,sukashitenjikudai3-1.jpg,テンジクダイ科,"全長：4cm
生息：サンゴ礁や岩礁に群れで生息する。
分布：-
レア度：★★★★☆

人気：★★★☆☆
撮り易さ：★★★☆☆",sukashitenjikudai3-2.jpg,欠損
スカシテンジクダイ属の1種-1,-,sukashitenjikudai1-2.jpg,テンジクダイ科,"全長：6cm
生息：サンゴ礁や岩礁に群れで生息する。
分布：-
レア度：★★★★☆

人気：★★★☆☆
撮り易さ：★★★☆☆",sukashitenjikudai1-4.jpg,sukashitenjikudai1-1.jpg
スカシテンジクダイ属の1種-2,-,sukashitenjikudai2-2.jpg,テンジクダイ科,"全長：4cm
生息：サンゴ礁や岩礁に群れで生息する。
分布：-
レア度：★★★★☆

人気：★★★☆☆
撮り易さ：★★★☆☆",sukashitenjikudai2-1.jpg,sukashitenjikudai2-3.jpg
スダレヤライイシモチ,Wolf cardinalfish,sudareyaraiishimochi1.jpg,テンジクダイ科,"全長：15cm
生息：サンゴ礁域に生息する。
分布：奄美大島以南、インド洋から西部太平洋に分布。
レア度：★★☆☆☆
人気：★★☆☆☆
撮り易さ：★★★☆☆",欠損,欠損
カスミヤライイシモチ,Truncate cardinalfish,kasumiyaraiishimochi3.jpg,テンジクダイ科,"全長：12cm
生息：サンゴ礁域に生息する。
分布：琉球列島、フィリピン、パラオ諸島に分布。
レア度：★★☆☆☆
人気：★★☆☆☆
撮り易さ：★★★☆☆",kasumiyaraiishimochi2.jpg,kasumiyaraiishimochi1.jpg
ブルースポットカーディナルフィッシュ,Bluespot cardinalfish,bluespotcardinalfish1.jpg,テンジクダイ科,"全長：8cm
生息：内湾の枝サンゴ周辺に生息する。
分布：パラオ、西部太平洋
レア度：★★★★★
人気：★★★★☆

撮り易さ：★★★☆☆",欠損,欠損
ギルバートカーディナルフィッシュ,Gilbert's Cardinalfish,gilbertscardinalfish2.jpg,テンジクダイ科,"全長：0cm
生息：内湾の枝サンゴ周辺に生息する。
分布：パラオ、西部太平洋
レア度：★★★★☆

人気：★★★☆☆
撮り易さ：★★★☆☆",gilbertscardinalfish1.jpg,欠損
カプリコーンカーディナルフィッシュ,Capricorn cardinalfish,capricorncardinalfish1.jpg,テンジクダイ科,"全長：8cm
生息：サンゴ礁や岩礁に生息する。
分布：オーストラリア東部、ニューカレドニア
レア度：★★★★★
人気：★★★☆☆
撮り易さ：★★★☆☆",capricorncardinalfish2.jpg,欠損
イナズマヒカリイシモチ,Siphonfish,inazumahikariishimochi1.jpg,テンジクダイ科,"全長：4cm
生息：岩礁域やサンゴ礁域
分布：柏島、屋久島、西部太平洋
レア度：★★★★★
人気：★★★★☆

撮り易さ：★★★☆☆",欠損,欠損
リュウキュウヤライイシモチ,Large toothed cardinalfish,ryuukyuuyaraiishimochi6.jpg,テンジクダイ科,"全長：17cm
生息：サンゴ礁や岩礁に生息する。
分布：和歌山県以南、紅海、インド洋から西部太平洋に分布。
レア度：★★☆☆☆
人気：★★☆☆☆
撮り易さ：★★★☆☆",ryuukyuuyaraiishimochi3.jpg,ryuukyuuyaraiishimochi2.jpg
ホソスジマンジュウイシモチ,Orbiculari cardinalfish,hososujimanjuuishimochi1.jpg,テンジクダイ科,"全長：11cm
生息：内湾や汽水域に生息する。
分布：西表島、東アフリカからインド洋、太平洋
レア度：★★★★☆

人気：★★★☆☆
撮り易さ：★★★☆☆",hososujimanjuuishimochi3.jpg,hososujimanjuuishimochi2.jpg
ミナミフトスジイシモチ,Blackstripe cardinalfish,minamifutosujiishimochi1.jpg,テンジクダイ科,"全長：7cm
生息：サンゴ礁や岩礁に生息する。
分布：静岡県以南、太平洋域に分布。
レア度：★★★☆☆
人気：★★☆☆☆
撮り易さ：★★★☆☆",minamifutosujiishimochi3.jpg,minamifutosujiishimochi2.jpg
イエローラインドカーディナルフィッシュ,Yellowlined cardinalfish,yellowlinedcardinalfish1.jpg,テンジクダイ科,"全長：10cm
生息：浅いサンゴ礁域に生息する。
分布：インドネシアからパプアニューギニアまでの西太平洋に分布。
レア度：★★★☆☆
人気：★★☆☆☆
撮り易さ：★★★☆☆",欠損,欠損
アカホシキンセンイシモチ,Yellowstriped Cardinalfish,akahoshikinsenishimochi2.jpg,テンジクダイ科,"全長：4cm
生息：サンゴ礁域に生息する。
分布：八重山諸島、インド、太平洋域に分布。
レア度：★★★☆☆
人気：★★★☆☆
撮り易さ：★★★☆☆",akahoshikinsenishimochi3.jpg,akahoshikinsenishimochi1.jpg
クロオビアトヒキテンジクダイ,Girdled cardinalfish,kuroobiatohikitenjikudai2.jpg,テンジクダイ科,"全長：6cm
生息：礁池内の枝サンゴに生息する。
分布：奄美大島以南、インド洋から西太平洋に分布。
レア度：★★★☆☆
人気：★★★☆☆
撮り易さ：★★★☆☆",kuroobiatohikitenjikudai3.jpg,kuroobiatohikitenjikudai1.jpg
インターメディエイトカーディナルフィッシュ,Intermadiatecardinalfish,intermadiatecardinalfish1.jpg,テンジクダイ科,"全長：11cm
生息：サンゴ礁域に生息する。
分布：琉球列島以南、西太平洋域に分布。
レア度：★★★★☆

人気：★★☆☆☆
撮り易さ：★★★☆☆",欠損,欠損
マルチストライプドカーディナルフィッシュ,Multi striped cardinalfish,multistripedcardinalfish1.jpg,テンジクダイ科,"全長：10cm
生息：サンゴ礁域に生息する。
分布：フィリピン、西部太平洋に分布。
レア度：★★★★☆

人気：★★☆☆☆
撮り易さ：★★★☆☆",欠損,欠損
アトヒキテンジクダイダマシ,Orangelined cardinalfish,atohikitenjikudaidamashi1.jpg,テンジクダイ科,"全長：9cm
生息：サンゴ礁域に生息する。
分布：琉球列島、西部太平洋に分布。
レア度：★★★☆☆
人気：★★☆☆☆
撮り易さ：★★★☆☆",atohikitenjikudaidamashi2.jpg,atohikitenjikudaidamashi3.jpg
クロスジスカシテンジクダイ,Swallowtail cardinalfish,kurosujisukashitenjikudai1.jpg,テンジクダイ科,"全長：6cm
生息：サンゴ礁域に大群で生息する。
分布：奄美大島以南、西太平洋に分布。
レア度：★★★☆☆
人気：★★★☆☆
撮り易さ：★★★☆☆",kurosujisukashitenjikudai2.jpg,欠損
スミツキアトヒキテンジクダイ,-,sumitsukiatohikitenjikudai2.jpg,テンジクダイ科,"全長：8cm
生息：サンゴ礁域に生息する。
分布：琉球列島、西部太平洋に分布。
レア度：★★★☆☆
人気：★★☆☆☆
撮り易さ：★★★☆☆",sumitsukiatohikitenjikudai1.jpg,欠損
フタホシアトヒキテンジクダイ,Twinspot cardinalfish,futahoshiatohikitenjikudai1.jpg,テンジクダイ科,"全長：6cm
生息：サンゴ礁域に生息する。
分布：琉球列島、太平洋域に分布。
レア度：★★★★☆

人気：★★☆☆☆
撮り易さ：★★★☆☆",欠損,欠損
トラギス,Harlequin sandsmelt,toragisu5.jpg,トラギス科,"全長：18cm
生息：沿岸の岩礁域
分布：南日本、インド洋から西太平洋に分布する。
レア度：★★☆☆☆
人気：★★☆☆☆
撮り易さ：★★★☆☆",toragisu1.jpg,toragisu3.jpg
ハワイトラギス,Red-spotted sandperch,hawaitoragisu2.jpg,トラギス科,"全長：12cm
生息：サンゴ礁域の砂底に生息する。
分布：相模湾以南、インド洋から西太平洋に分布する。
レア度：★★☆☆☆
人気：★★★★☆

撮り易さ：★★★☆☆",hawaitoragisu1.jpg,欠損
サンゴトラギス,Red-barred sandperch,sangotoragisu2.jpg,トラギス科,"全長：12cm
生息：サンゴ礁域の砂底に生息する。
分布：琉球列島、西部太平洋に分布する。
レア度：★★☆☆☆
人気：★★★★☆

撮り易さ：★★★☆☆",sangotoragisu1.jpg,欠損
オグロトラギス,Speckled sandperch,ogurotoragisu1.jpg,トラギス科,"全長：20cm
生息：浅いサンゴ礁域に生息する。
分布：琉球列島、インド洋から太平洋に分布する。
レア度：★★★☆☆
人気：★★☆☆☆
撮り易さ：★★★☆☆",ogurotoragisu2.jpg,欠損
オジロトラギス,Yellowbar sandperch,ojirotoragisu2.jpg,トラギス科,"全長：20cm
生息：サンゴ礁域の砂底に生息する。
分布：琉球列島、インド洋から太平洋に分布する。
レア度：★★★☆☆
人気：★★★☆☆
撮り易さ：★★★☆☆",ojirotoragisu1.jpg,欠損
コウライトラギス,U-mark sandperch,kouraitoragisu1.jpg,トラギス科,"全長：12cm
生息：沿岸の砂礫、岩礁域
分布：南日本、南シナ海に分布する。
レア度：★★☆☆☆
人気：★★☆☆☆
撮り易さ：★★★☆☆",kouraitoragisu2.jpg,kouraitoragisu3.jpg
マダラトラギス,Reticulated sandperch,madaratoragisu3.jpg,トラギス科,"全長：22cm
生息：サンゴ礁域の砂底に生息する。
分布：相模湾以南、インド洋から西太平洋に分布する。
レア度：★★☆☆☆
人気：★★☆☆☆
撮り易さ：★★★☆☆",madaratoragisu2.jpg,madaratoragisu1.jpg
ワヌケトラギス,-,wanuketoragisu1.jpg,トラギス科,"全長：17cm
生息：浅いサンゴ礁域に生息する。
分布：琉球列島、インド洋から太平洋に分布する。
レア度：★★★☆☆
人気：★★☆☆☆
撮り易さ：★★★☆☆",欠損,欠損
ヨツメトラギス,Latticed sandperch,yotsumetoragisu1.jpg,トラギス科,"全長：15cm
生息：浅いサンゴ礁域に生息する。
分布：琉球列島、インド洋から太平洋に分布する。
レア度：★★☆☆☆
人気：★★☆☆☆
撮り易さ：★★★☆☆",yotsumetoragisu2.jpg,yotsumetoragisu4.jpg
ダンダラトラギス,Sharpnose sandperch,dandaratoragisu2.jpg,トラギス科,"全長：10cm
生息：サンゴ礁域の砂底に生息する。
分布：琉球列島、西太平洋に分布する。
レア度：★★★☆☆
人気：★★☆☆☆
撮り易さ：★★★☆☆",dandaratoragisu1.jpg,欠損
カモハラトラギス,-,kamoharatoragisu2.jpg,トラギス科,"全長：20cm
生息：沿岸の砂礫、岩礁域
分布：伊豆半島以南、台湾に分布する。
レア度：★★☆☆☆
人気：★★☆☆☆
撮り易さ：★★★☆☆",kamoharatoragisu1.jpg,欠損
イエローテールサンドパーチ,Yellowtail sandperch,yellowtailsandperch1.jpg,トラギス科,"全長：10cm
生息：サンゴ礁域の砂底に生息する。
分布：インドネシア、フィリピンに分布する。
レア度：★★★☆☆
人気：★★☆☆☆
撮り易さ：★★★☆☆
ダンダラトラギスと同一種とする文献もある。",yellowtailsandperch3.jpg,yellowtailsandperch2.jpg
ヤクシマイワシ,Wide-banded hardyhead silverside,yakushimaiwashi1.jpg,トウゴロウイワシ科,"全長：12cm
生息：沿岸、河口域を群れで遊泳する。
分布：鹿児島県以南、インドから西太平洋
レア度：★★★★☆

人気：★★☆☆☆
撮り易さ：★★☆☆☆",yakushimaiwashi2.jpg,欠損
ツノダシ,Moorish idol,tsunodashi4.jpg,ツノダシ科,"全長：25cm
生息：サンゴ礁や岩礁域
分布：千葉県以南、インド洋から太平洋
レア度：★★☆☆☆
人気：★★★☆☆
撮り易さ：★★☆☆☆
ハタタテダイなどのチョウチョウウオ科の魚に似るが、尾鰭で容易に区別できる。",tsunodashi5.jpg,tsunodashi3.jpg
アンコウウバウオ,-,ankouubauo1.jpg,ウバウオ科,"全長：4cm
生息：浅い岩礁帯
分布：千葉県以南、台湾
レア度：★★★☆☆
人気：★★☆☆☆
撮り易さ：★★☆☆☆",欠損,欠損
ミサキウバウオ,-,misakiubauo1.jpg,ウバウオ科,"全長：6cm
生息：浅い岩礁、サンゴ礁域
分布：千葉県以南、西太平洋
レア度：★★★☆☆
人気：★★☆☆☆
撮り易さ：★★☆☆☆",misakiubauo2.jpg,欠損
ウミシダウバウオ,Crinoid clingfish,umishidaubauo1.jpg,ウバウオ科,"全長：4cm
生息：サンゴ礁域のウミシダ類と共生する。
分布：琉球列島以南、西太平洋
レア度：★★★☆☆
人気：★★★☆☆
撮り易さ：★☆☆☆☆",umishidaubauo2.jpg,欠損
ハシナガウバウオ,Urchin clingfish,hashinagaubauo3.jpg,ウバウオ科,"全長：6cm
生息：沿岸の岩礁、サンゴ礁域
分布：伊豆半島以南、インド洋から西太平洋
レア度：★★☆☆☆
人気：★★★☆☆
撮り易さ：★★★☆☆",hashinagaubauo2.jpg,hashinagaubauo4.jpg
ダイナンウミヘビ,Longbill snake-eel,dainanumihebi1.jpg,ウミヘビ科,"全長：140cm
生息：内湾の浅海から水深５００ｍの砂泥底に生息する。
分布：千葉県以南、インド洋から西太平洋
レア度：★★★☆☆
人気：★★★☆☆
撮り易さ：★★☆☆☆",欠損,欠損
ホタテウミヘビ,Black-finned snake eel,hotateumihebi1.jpg,ウミヘビ科,"全長：70cm
生息：砂泥底に生息する。
分布：東京湾から鹿児島県に分布する。
レア度：★★★☆☆
人気：★★★☆☆
撮り易さ：★★☆☆☆",欠損,欠損
ミナミホタテウミヘビ,Longfin snake-eel,minamihotateumihebi1.jpg,ウミヘビ科,"全長：100cm
生息：砂泥底に生息する。
分布：琉球列島以南、インド洋から西太平洋に分布する。
レア度：★★★☆☆
人気：★★★☆☆
撮り易さ：★★☆☆☆",minamihotateumihebi2.jpg,欠損
アオタナゴ,-,aotanago2.jpg,ウミタナゴ科,"全長：25cm
生息：アマモ場、浅所の岩礁域に生息する。
分布：北海道南部から九州までの日本広域に分布する。
レア度：★★☆☆☆
人気：★★☆☆☆
撮り易さ：★★★☆☆",aotanago1.jpg,欠損
ウミタナゴ,Surfperch,umitanago1.jpg,ウミタナゴ科,"全長：30cm
生息：ホンダワラなどが茂る岩礁域に生息する。
分布：北海道南部から九州までの日本広域、朝鮮半島南部に分布する。
レア度：★★☆☆☆
人気：★★☆☆☆
撮り易さ：★★★☆☆
銀色の体色を持つマタナゴ型と赤みがかったアカタナゴ型が知られており、分類の再検討が行われている。",欠損,欠損
ウミテング,Dragon sea moth,umitengu2.jpg,ウミテング科,"全長：8cm
生息：沿岸の浅い砂底
分布：千葉県以南、インド～西太平洋
レア度：★★★☆☆
人気：★★★★☆

撮り易さ：★★★★★",umitengu5.jpg,umitengu4.jpg
ウツボ,Barred moray,utsubo2.jpg,ウツボ科,"全長：80cm
生息：岩礁域
分布：南日本、台湾
レア度：★☆☆☆☆
人気：★★☆☆☆
撮り易さ：★★★☆☆",utsubo1.jpg,utsubo3.jpg
ウツボ属の１種,‐,utsubo1-1.jpg,ウツボ科,"全長：0cm
生息：岩礁域
分布：高知県以南、インド洋から太平洋
レア度：★★★★☆

人気：★★☆☆☆
撮り易さ：★★★☆☆
伊豆大島にいたけど何だろ。",欠損,欠損
アミウツボ,Reticulated more,amiutsubo1.jpg,ウツボ科,"全長：60cm
生息：砂底域、礁域
分布：南日本、インド洋から太平洋
レア度：★★☆☆☆
人気：★★☆☆☆
撮り易さ：★★★☆☆",欠損,欠損
ヒメウツボ,Golden dwarf moray,himeutsubo1.jpg,ウツボ科,"全長：30cm
生息：岩礁域やサンゴ礁域
分布：高知県以南、インド洋から太平洋
レア度：★★★★☆

人気：★★★★☆

撮り易さ：★★★☆☆",himeutsubo3.jpg,himeutsubo2.jpg
グリーンモレイ,Green Moray,greenmoray1.jpg,ウツボ科,"全長：240cm
生息：隠れ場のある浅い岩礁、砂底域
分布：西大西洋
レア度：★★★☆☆
人気：★★★☆☆
撮り易さ：★★★☆☆",greenmoray2.jpg,欠損
ゴマウツボ,Yellow-edged moray,gomautsubo1.jpg,ウツボ科,"全長：100cm
生息：浅いサンゴ礁域
分布：琉球列島、インド洋から太平洋
レア度：★★★☆☆
人気：★★☆☆☆
撮り易さ：★★★☆☆",欠損,欠損
ドクウツボ,Giant moray,dokuutsubo3.jpg,ウツボ科,"全長：180cm
生息：浅いサンゴ礁域
分布：琉球列島、インド洋から太平洋
レア度：★★★☆☆
人気：★★☆☆☆
撮り易さ：★★★☆☆",dokuutsubo4.jpg,dokuutsubo2.jpg
トラウツボ,Dragon moray,torautsubo5.jpg,ウツボ科,"全長：90cm
生息：岩礁域
分布：南日本、インド洋から太平洋
レア度：★★☆☆☆
人気：★★★☆☆
撮り易さ：★★★☆☆",torautsubo4.jpg,torautsubo2.jpg
サビウツボ,Greyface moray,sabiutsubo2.jpg,ウツボ科,"全長：60cm
生息：浅いサンゴ礁域
分布：和歌山県以南、西部太平洋
レア度：★★☆☆☆
人気：★★★☆☆
撮り易さ：★★★☆☆",sabiutsubo3.jpg,sabiutsubo1.jpg
ジュエルモレイ,Jewel moray,jewelmoray1.jpg,ウツボ科,"全長：60cm
生息：日中は岩礁の隙間に身を隠す。
分布：インド洋、太平洋、特に東部太平洋に多い。
レア度：★★★★☆

人気：★★★★☆

撮り易さ：★★★★☆
",jewelmoray2.jpg,欠損
コケウツボ,Reticulate hookjaw moray,kokeutsubo1.jpg,ウツボ科,"全長：90cm
生息：岩礁域に生息する。
分布：千葉県から高知県、太平洋域
レア度：★★☆☆☆
人気：★★☆☆☆
撮り易さ：★★★☆☆",kokeutsubo4.jpg,kokeutsubo2.jpg
クモウツボ,Snowflake moray,kumoutsubo2.jpg,ウツボ科,"全長：60cm
生息：浅いサンゴ礁域に生息する。
分布：高知県以南、インド洋から太平洋
レア度：★★☆☆☆
人気：★★☆☆☆
撮り易さ：★★★☆☆",kumoutsubo3.jpg,kumoutsubo1.jpg
ワカウツボ,Abbott's moray,wakautsubo4.jpg,ウツボ科,"全長：60cm
生息：沿岸の岩礁、サンゴ礁域
分布：南日本、インド洋から太平洋
レア度：★★☆☆☆
人気：★★☆☆☆
撮り易さ：★★★☆☆",wakautsubo5.jpg,wakautsubo2.jpg
スポッテッドモレイ,Spotted Moray,spottedmoray3.jpg,ウツボ科,"全長：120cm
生息：隠れ場のある浅い岩礁、砂底域
分布：西大西洋
レア度：★★★★☆

人気：★★★☆☆
撮り易さ：★★★★☆
",spottedmoray1.jpg,spottedmoray2.jpg
ヒレオビウツボ,Bartail moray,hireobiutsubo1.jpg,ウツボ科,"全長：30cm
生息：サンゴ礁域
分布：高知県以南、インド洋から太平洋
レア度：★★★★☆

人気：★★★☆☆
撮り易さ：★★★☆☆",欠損,欠損
ハナビラウツボ,Turkey moray,hanabirautsubo2.jpg,ウツボ科,"全長：100cm
生息：浅いサンゴ礁域
分布：琉球列島、インド洋から太平洋
レア度：★★★☆☆
人気：★★☆☆☆
撮り易さ：★★★☆☆",hanabirautsubo1.jpg,欠損
ゴールデンテールモレイ,Goldentail Moray,goldentailmoray1.jpg,ウツボ科,"全長：60cm
生息：隠れ場のある浅い岩礁、砂底域
分布：西大西洋
レア度：★★★★☆

人気：★★★☆☆
撮り易さ：★★★★☆
",欠損,欠損
ヘリシロウツボ,Whitemargin moray,herishiroutsubo1.jpg,ウツボ科,"全長：100cm
生息：沿岸のやや深所に生息する。
分布：伊豆大島、和歌山県以南、中西部太平洋
レア度：★★★☆☆
人気：★★☆☆☆
撮り易さ：★★★☆☆",herishiroutsubo2.jpg,欠損
ヘリゴイシウツボ,Fimbriated moray,herigoishiutsubo2.jpg,ウツボ科,"全長：80cm
生息：浅いサンゴ礁域
分布：高知県以南、インド洋から太平洋
レア度：★★★☆☆
人気：★★☆☆☆
撮り易さ：★★★☆☆",herigoishiutsubo1.jpg,欠損
パナミックグリーンモレイ,Panamic Green Moray,panamicgreenmoray3.jpg,ウツボ科,"全長：100cm
生息：日中は岩礁の隙間に身を隠す。
分布：東部太平洋
レア度：★★★☆☆
人気：★★★☆☆
撮り易さ：★★★☆☆",panamicgreenmoray1.jpg,panamicgreenmoray2.jpg
ヨウジウオ,Seaweed pipefish,youjiuo4.jpg,ヨウジウオ科,"全長：30cm
生息：内湾のアマモ場や砂地に生息する。
分布：日本広域、太平洋域に分布する。
レア度：★★☆☆☆
人気：★★★☆☆
撮り易さ：★★☆☆☆",youjiuo3.jpg,youjiuo1.jpg
ハナタツ,Dhiho's seahorse,hanatatsu1.jpg,ヨウジウオ科,"全長：17cm
生息：砂底や礁域の海草などに巻きついている。
分布：日本広範囲の沿岸部、西部太平洋。
レア度：★★☆☆☆
人気：★★★★☆

撮り易さ：★★★☆☆",欠損,欠損
イシヨウジ,Messmate pipefish,ishiyouji6.jpg,ヨウジウオ科,"全長：18cm
生息：サンゴ礁域の砂礫底に生息する。
分布：本州南部以南、インド洋から太平洋域に分布。
レア度：★☆☆☆☆
人気：★★★☆☆
撮り易さ：★★☆☆☆",ishiyouji7.jpg,ishiyouji4.jpg
ワカヨウジ,Short-tailed Pipefish,wakayouji3.jpg,ヨウジウオ科,"全長：40cm
生息：浅い砂底に生息する。
分布：静岡県以南、インド洋から太平洋域に分布。
レア度：★★☆☆☆
人気：★★★☆☆
撮り易さ：★★☆☆☆",wakayouji4.jpg,wakayouji2.jpg
サンゴタツ,Japanese seahorse,sangotatsu1.jpg,ヨウジウオ科,"全長：8cm
生息：砂底や礁域の海草などに巻きついている。
分布：日本広範囲の沿岸部、西部太平洋。
レア度：★★☆☆☆
人気：★★★★☆

撮り易さ：★★★☆☆",sangotatsu2.jpg,欠損
イバラタツ,Thorny seahorse,ibaratatsu4.jpg,ヨウジウオ科,"全長：17cm
生息：砂底や礁域の海草などに巻きついている。
分布：伊豆半島や和歌山県など、西部太平洋。
レア度：★★☆☆☆
人気：★★★★☆

撮り易さ：★★★☆☆",ibaratatsu3.jpg,ibaratatsu2.jpg
オイランヨウジ,Ringed pipefish,oiranyouji1.jpg,ヨウジウオ科,"全長：18cm
生息：浅い岩礁域やサンゴ礁域に生息する。
分布：琉球列島以南、インド洋から太平洋域に分布。
レア度：★★★☆☆
人気：★★★★☆

撮り易さ：★★☆☆☆",oiranyouji3.jpg,oiranyouji2.jpg
チンヨウジウオ,Pugheaded pipefish,chinyoujiuo2.jpg,ヨウジウオ科,"全長：8cm
生息：アザミサンゴのポリプ間に生息する。
分布：琉球列島以南、インド洋から太平洋域に分布。
レア度：★★★☆☆
人気：★★★☆☆
撮り易さ：★★☆☆☆",chinyoujiuo1.jpg,欠損
ダイダイヨウジ,Orange pipefish,daidaiyouji1.jpg,ヨウジウオ科,"全長：18cm
生息：岩礁域の穴や隙間に生息する。
分布：伊豆半島、伊豆大島に分布。
レア度：★★★★☆

人気：★★★★☆

撮り易さ：★★☆☆☆",欠損,欠損
ホソウミヤッコ,Booth's pipefish,hosoumiyakko1.jpg,ヨウジウオ科,"全長：16cm
生息：岩礁域やサンゴ礁域に生息する。
分布：伊豆半島や伊豆大島、徳島県、インド洋から太平洋域に分布。
レア度：★★★☆☆
人気：★★★☆☆
撮り易さ：★★☆☆☆",hosoumiyakko3.jpg,hosoumiyakko2.jpg
タツノイトコ,Bastard seahorse,tatsunoitoko5.jpg,ヨウジウオ科,"全長：8cm
生息：海草溜まりや藻類などに巻きついている。
分布：静岡県以南、西太平洋に分布。
レア度：★★☆☆☆
人気：★★★☆☆
撮り易さ：★★☆☆☆",tatsunoitoko3.jpg,tatsunoitoko2.jpg
オビイシヨウジ,Brown-banded pipefish,obiishiyouji2.jpg,ヨウジウオ科,"全長：9cm
生息：サンゴ礁域に生息する。
分布：琉球列島以南、インド洋から太平洋域に分布。
レア度：★★★☆☆
人気：★★★☆☆
撮り易さ：★★☆☆☆",欠損,欠損
カンムリヨウジ,Shortnose pipefish,kanmuriyouji2.jpg,ヨウジウオ科,"全長：8cm
生息：浅い岩礁域やサンゴ礁域に生息する。
分布：和歌山県以南、インド洋から太平洋域に分布。
レア度：★★★★☆

人気：★★★☆☆
撮り易さ：★★☆☆☆",kanmuriyouji1.jpg,欠損
ピグミーシーホース,Pygmy seahorse,pygmyseahorse6.jpg,ヨウジウオ科,"全長：2cm
生息：Municella
という種類のイソバナを住処としている。
分布：太平洋中西部に分布。
レア度：★★★★☆

人気：★★★★★
撮り易さ：★★★☆☆",pygmyseahorse5.jpg,pygmyseahorse1.jpg
ノコギリヨウジ,Honshu pipefish,nokogiriyouji1.jpg,ヨウジウオ科,"全長：6cm
生息：岩礁域の穴や隙間に生息する。
分布：本州南部、三宅島、台湾島に分布。
レア度：★★☆☆☆
人気：★★★☆☆
撮り易さ：★★☆☆☆",欠損,欠損
タツノハトコ,Shortpouch pygmy pipehorse,tatsunohatoko6.jpg,ヨウジウオ科,"全長：8cm
生息：海草溜まりや藻類などに巻きついている。
分布：琉球列島以南、西太平洋に分布。
レア度：★★☆☆☆
人気：★★★☆☆
撮り易さ：★★☆☆☆",tatsunohatoko4.jpg,tatsunohatoko5.jpg
ピグミーシードラゴン,Rumengan's pipefish,pygmyseadragon2.jpg,ヨウジウオ科,"全長：6cm
生息：藻に巻きついている。
分布：琉球列島以南、西部太平洋に分布。
レア度：★★★★☆

人気：★★★★★
撮り易さ：★★☆☆☆
見た目は糸くずのようで、非常に見つけづらい。",pygmyseadragon1.jpg,欠損
コールマンピグミーシーホース,Colman's pygmy seahorse,colmanspygmyseahorse1.jpg,ヨウジウオ科,"全長：2cm
生息：礁域の海草に巻きついている。
分布：西部太平洋。
レア度：★★★★★
人気：★★★★☆

撮り易さ：★★★☆☆
ペラピグとも呼ばれている。",欠損,欠損
オレンジスポッテッドパイプフィッシュ,Orange spotted pipefish,orangespottedpipefish2.jpg,ヨウジウオ科,"全長：10cm
生息：サンゴ礁域に生息する。
分布：オーストラリア、西部太平洋
レア度：★★★★☆

人気：★★★★☆

撮り易さ：★★☆☆☆",orangespottedpipefish1.jpg,欠損
マッシュルームコーラルパイプフィッシュ,Mushroom-coral pipefish,mushroomcoralpipefish1.jpg,ヨウジウオ科,"全長：8cm
生息：マッシュルームコーラルなどを宿主とする。
分布：西太平洋に分布する。
レア度：★★★★☆

人気：★★★★☆

撮り易さ：★★☆☆☆",欠損,欠損
ギンユゴイ,Barred flagtail,ginyugoi1.jpg,ユゴイ科,"全長：30cm
生息：浅い岩礁域やタイドプール
分布：房総半島以南、インド洋から太平洋域
レア度：★★★☆☆
人気：★★☆☆☆
撮り易さ：★★☆☆☆",欠損,欠損
ヒロオウミヘビ,Blue-lipped sea snake,hirooumihebi1.jpg,有鱗目科,"全長：120cm
生息：主に夜間に活動する。陸に上がることもある。
分布：インド洋から西部太平洋の熱帯、亜熱帯域
レア度：★★★★☆

人気：★★☆☆☆
撮り易さ：★★☆☆☆
強い神経毒を有し、注意が必要である。",欠損,欠損
エラブウミヘビ,Erabu black-banded sea snake,erabuumihebi1.jpg,有鱗目科,"全長：150cm
生息：主に夜間に活動する。陸に上がることもある。
分布：インド洋から西部太平洋の熱帯、亜熱帯域
レア度：★★★☆☆
人気：★★★☆☆
撮り易さ：★★☆☆☆
強い神経毒を有するが性格はおとなしく、噛まれた例は少ない。",erabuumihebi3.jpg,erabuumihebi2.jpg
マダラウミヘビ,Banded sea snake,madaraumihebi1.jpg,有鱗目科,"全長：170cm
生息：砂地に生息する。
分布：インド洋から西部太平洋の熱帯、亜熱帯域
レア度：★★★☆☆
人気：★☆☆☆☆
撮り易さ：★★☆☆☆
本種は強い毒を持ち、攻撃的であるため危険な種とされている。",madaraumihebi2.jpg,欠損
イイジマウミヘビ,Iijima sea snake,iijimaumihebi2.jpg,有鱗目科,"全長：90cm
生息：沿岸のサンゴ礁周辺に生息する。
分布：南西諸島、台湾、フィリピン
レア度：★★★☆☆
人気：★★☆☆☆
撮り易さ：★★☆☆☆
毒は持たないとされている。",iijimaumihebi3.jpg,iijimaumihebi1.jpg
ベルチャーウミヘビ,Belcher's sea snake,belcherumihebi1.jpg,有鱗目科,"全長：120cm
生息：サンゴ礁周辺の砂地に生息する。
分布：インド洋から西部太平洋の熱帯、亜熱帯域
レア度：★★★☆☆
人気：★★☆☆☆
撮り易さ：★★☆☆☆
すべてのヘビの中で最強の毒を持つ。性格はおとなしい。",belcherumihebi2.jpg,欠損
アオマダラウミヘビ,Yellow lipped sea snake,aomadaraumihebi2.jpg,有鱗目科,"全長：150cm
生息：主に夜間に活動する。陸に上がることもある。
分布：インド洋から西部太平洋の熱帯、亜熱帯域
レア度：★★★☆☆
人気：★★☆☆☆
撮り易さ：★★☆☆☆
強い神経毒を有するが性格はおとなしく、噛まれた例は少ない。",aomadaraumihebi3.jpg,aomadaraumihebi1.jpg
クロガシラウミヘビ,Black-headed sea snake,kurogashiraumihebi3.jpg,有鱗目科,"全長：140cm
生息：砂地に生息する。
分布：南西諸島、インドネシアからパプアニューギニア
レア度：★★★☆☆
人気：★☆☆☆☆
撮り易さ：★★☆☆☆
本種は強い毒を持ち、攻撃的であるため危険な種とされている。",kurogashiraumihebi1.jpg,kurogashiraumihebi2.jpg
カエルアマダイ,Harlequin jawfish,agoamadaika,アゴアマダイ科,"全長：6cm
生息：海底に垂直の穴を掘って住んでいる
分布：和歌山県以南、グレードバリアリーフ、紅海に分布
レア度：★★★★☆
人気：★★★★☆
撮り易さ：★★★☆☆",kaeruamadai2.jpg,欠損
魚の名前,英名,保存した画像ファイル名,分類,解説,欠損,欠損
